channel_key,upload_rank,age_days
360ec10e7973,1,5.21
360ec10e7973,2,5.21
360ec10e7973,3,5.21
360ec10e7973,4,5.21
360ec10e7973,5,5.21
360ec10e7973,6,5.21
360ec10e7973,7,5.21
360ec10e7973,8,5.21
360ec10e7973,9,5.21
360ec10e7973,10,5.21
11388c4c2ee4,1,0.35
11388c4c2ee4,2,0.35
11388c4c2ee4,3,0.35
11388c4c2ee4,4,1.11
11388c4c2ee4,5,1.12
11388c4c2ee4,6,1.14
11388c4c2ee4,7,1.26
11388c4c2ee4,8,1.75
11388c4c2ee4,9,1.75
11388c4c2ee4,10,1.77
11388c4c2ee4,11,1.82
11388c4c2ee4,12,1.84
11388c4c2ee4,13,1.85
11388c4c2ee4,14,1.89
11388c4c2ee4,15,1.89
11388c4c2ee4,16,2.77
11388c4c2ee4,17,2.85
11388c4c2ee4,18,2.85
11388c4c2ee4,19,2.86
11388c4c2ee4,20,2.86
11388c4c2ee4,21,2.86
11388c4c2ee4,22,2.86
11388c4c2ee4,23,2.88
11388c4c2ee4,24,2.88
11388c4c2ee4,25,2.89
11388c4c2ee4,26,2.9
11388c4c2ee4,27,2.91
11388c4c2ee4,28,2.91
11388c4c2ee4,29,2.91
11388c4c2ee4,30,2.91
11388c4c2ee4,31,2.91
11388c4c2ee4,32,2.92
11388c4c2ee4,33,2.92
11388c4c2ee4,34,2.92
11388c4c2ee4,35,2.92
11388c4c2ee4,36,2.92
11388c4c2ee4,37,2.92
11388c4c2ee4,38,2.92
11388c4c2ee4,39,3.94
11388c4c2ee4,40,3.94
11388c4c2ee4,41,3.94
11388c4c2ee4,42,3.94
11388c4c2ee4,43,4.12
11388c4c2ee4,44,4.12
11388c4c2ee4,45,4.12
11388c4c2ee4,46,4.91
11388c4c2ee4,47,4.93
11388c4c2ee4,48,4.94
11388c4c2ee4,49,4.95
11388c4c2ee4,50,4.96
fc6c61c0d039,1,0.44
fc6c61c0d039,2,1.36
fc6c61c0d039,3,2.44
fc6c61c0d039,4,3.44
fc6c61c0d039,5,4.43
fc6c61c0d039,6,5.44
fc6c61c0d039,7,6.43
fc6c61c0d039,8,7.44
fc6c61c0d039,9,8.44
fc6c61c0d039,10,9.44
fc6c61c0d039,11,10.44
fc6c61c0d039,12,11.44
fc6c61c0d039,13,12.41
fc6c61c0d039,14,13.43
fc6c61c0d039,15,14.43
fc6c61c0d039,16,15.44
fc6c61c0d039,17,16.4
fc6c61c0d039,18,17.44
fc6c61c0d039,19,18.42
fc6c61c0d039,20,19.44
fc6c61c0d039,21,20.41
fc6c61c0d039,22,21.44
fc6c61c0d039,23,23.44
fc6c61c0d039,24,24.44
fc6c61c0d039,25,25.44
fc6c61c0d039,26,26.44
fc6c61c0d039,27,28.44
fc6c61c0d039,28,29.44
fc6c61c0d039,29,30.43
fc6c61c0d039,30,31.43
fc6c61c0d039,31,32.44
fc6c61c0d039,32,33.4
fc6c61c0d039,33,34.3
fc6c61c0d039,34,34.44
fc6c61c0d039,35,35.29
fc6c61c0d039,36,36.31
fc6c61c0d039,37,36.43
fc6c61c0d039,38,37.29
fc6c61c0d039,39,37.44
fc6c61c0d039,40,38.32
fc6c61c0d039,41,38.44
fc6c61c0d039,42,39.31
fc6c61c0d039,43,39.44
fc6c61c0d039,44,40.3
fc6c61c0d039,45,40.44
fc6c61c0d039,46,41.44
fc6c61c0d039,47,42.3
fc6c61c0d039,48,42.44
fc6c61c0d039,49,43.3
fc6c61c0d039,50,43.44
134dfe9fc39e,1,0.64
134dfe9fc39e,2,0.68
134dfe9fc39e,3,1.69
134dfe9fc39e,4,1.77
134dfe9fc39e,5,1.81
134dfe9fc39e,6,5.74
134dfe9fc39e,7,5.88
134dfe9fc39e,8,6.65
134dfe9fc39e,9,6.69
134dfe9fc39e,10,6.88
134dfe9fc39e,11,7.71
134dfe9fc39e,12,7.8
134dfe9fc39e,13,7.86
134dfe9fc39e,14,8.07
134dfe9fc39e,15,8.65
134dfe9fc39e,16,8.7
134dfe9fc39e,17,8.79
134dfe9fc39e,18,12.07
134dfe9fc39e,19,12.69
134dfe9fc39e,20,12.82
134dfe9fc39e,21,13.8
134dfe9fc39e,22,14.65
134dfe9fc39e,23,14.86
134dfe9fc39e,24,15.15
134dfe9fc39e,25,15.62
134dfe9fc39e,26,15.74
134dfe9fc39e,27,19.76
134dfe9fc39e,28,20.09
134dfe9fc39e,29,20.63
134dfe9fc39e,30,20.74
134dfe9fc39e,31,20.81
134dfe9fc39e,32,21.09
134dfe9fc39e,33,21.64
134dfe9fc39e,34,21.76
134dfe9fc39e,35,21.82
134dfe9fc39e,36,25.78
134dfe9fc39e,37,26.09
134dfe9fc39e,38,26.63
134dfe9fc39e,39,26.78
134dfe9fc39e,40,26.93
134dfe9fc39e,41,27.65
134dfe9fc39e,42,27.78
134dfe9fc39e,43,27.96
134dfe9fc39e,44,28.7
134dfe9fc39e,45,28.76
134dfe9fc39e,46,28.99
134dfe9fc39e,47,29.75
134dfe9fc39e,48,33.74
134dfe9fc39e,49,36.82
134dfe9fc39e,50,36.82
3780e4211e62,1,1.61
3780e4211e62,2,2.57
3780e4211e62,3,2.61
3780e4211e62,4,3.57
3780e4211e62,5,3.59
3780e4211e62,6,3.6
3780e4211e62,7,3.61
3780e4211e62,8,4.52
3780e4211e62,9,4.61
3780e4211e62,10,5.59
3780e4211e62,11,5.61
3780e4211e62,12,6.61
3780e4211e62,13,9.61
3780e4211e62,14,11.57
3780e4211e62,15,11.59
3780e4211e62,16,11.61
3780e4211e62,17,12.61
3780e4211e62,18,16.57
3780e4211e62,19,16.59
3780e4211e62,20,16.61
3780e4211e62,21,17.57
3780e4211e62,22,17.61
3780e4211e62,23,18.61
3780e4211e62,24,19.61
3780e4211e62,25,20.57
3780e4211e62,26,20.59
3780e4211e62,27,20.61
3780e4211e62,28,21.59
3780e4211e62,29,21.61
3780e4211e62,30,22.55
3780e4211e62,31,22.61
3780e4211e62,32,23.59
3780e4211e62,33,23.61
3780e4211e62,34,24.59
3780e4211e62,35,24.61
3780e4211e62,36,26.59
3780e4211e62,37,26.61
3780e4211e62,38,28.61
3780e4211e62,39,30.59
3780e4211e62,40,30.61
3780e4211e62,41,31.59
3780e4211e62,42,31.61
3780e4211e62,43,32.51
3780e4211e62,44,32.6
3780e4211e62,45,33.59
3780e4211e62,46,33.61
3780e4211e62,47,35.59
3780e4211e62,48,35.61
3780e4211e62,49,36.61
3780e4211e62,50,37.59
b45f4aa25e8a,1,4.24
b45f4aa25e8a,2,7.06
b45f4aa25e8a,3,26.35
b45f4aa25e8a,4,28.13
b45f4aa25e8a,5,44.34
b45f4aa25e8a,6,46.14
b45f4aa25e8a,7,48.1
b45f4aa25e8a,8,50.0
b45f4aa25e8a,9,81.34
b45f4aa25e8a,10,85.97
b45f4aa25e8a,11,87.34
b45f4aa25e8a,12,91.01
b45f4aa25e8a,13,91.34
b45f4aa25e8a,14,95.33
b45f4aa25e8a,15,108.35
b45f4aa25e8a,16,110.24
b45f4aa25e8a,17,113.11
b45f4aa25e8a,18,118.37
b45f4aa25e8a,19,119.11
b45f4aa25e8a,20,120.24
b45f4aa25e8a,21,120.42
b45f4aa25e8a,22,121.34
b45f4aa25e8a,23,122.1
b45f4aa25e8a,24,122.3
b45f4aa25e8a,25,125.02
b45f4aa25e8a,26,126.1
b45f4aa25e8a,27,127.12
b45f4aa25e8a,28,137.05
b45f4aa25e8a,29,142.01
b45f4aa25e8a,30,147.09
b45f4aa25e8a,31,150.36
b45f4aa25e8a,32,152.12
b45f4aa25e8a,33,162.08
b45f4aa25e8a,34,167.35
b45f4aa25e8a,35,170.23
b45f4aa25e8a,36,171.36
b45f4aa25e8a,37,172.35
b45f4aa25e8a,38,173.13
b45f4aa25e8a,39,173.36
b45f4aa25e8a,40,174.4
b45f4aa25e8a,41,175.36
b45f4aa25e8a,42,176.41
b45f4aa25e8a,43,177.36
b45f4aa25e8a,44,179.12
b45f4aa25e8a,45,181.36
b45f4aa25e8a,46,183.36
b45f4aa25e8a,47,185.36
b45f4aa25e8a,48,187.36
b45f4aa25e8a,49,189.36
b45f4aa25e8a,50,191.36
53d414b646e8,1,0.22
53d414b646e8,2,0.24
53d414b646e8,3,0.76
53d414b646e8,4,1.0
53d414b646e8,5,1.11
53d414b646e8,6,1.86
53d414b646e8,7,2.01
53d414b646e8,8,2.18
53d414b646e8,9,2.73
53d414b646e8,10,2.88
53d414b646e8,11,2.89
53d414b646e8,12,3.04
53d414b646e8,13,3.22
53d414b646e8,14,3.75
53d414b646e8,15,3.81
53d414b646e8,16,4.0
53d414b646e8,17,4.12
53d414b646e8,18,4.24
53d414b646e8,19,4.37
53d414b646e8,20,4.69
53d414b646e8,21,4.74
53d414b646e8,22,4.94
53d414b646e8,23,5.11
53d414b646e8,24,5.26
53d414b646e8,25,5.26
53d414b646e8,26,5.8
53d414b646e8,27,5.95
53d414b646e8,28,6.16
53d414b646e8,29,6.7
53d414b646e8,30,6.84
53d414b646e8,31,7.0
53d414b646e8,32,7.8
53d414b646e8,33,7.93
53d414b646e8,34,8.05
53d414b646e8,35,8.31
53d414b646e8,36,8.8
53d414b646e8,37,8.99
53d414b646e8,38,9.17
53d414b646e8,39,9.84
53d414b646e8,40,9.99
53d414b646e8,41,10.19
53d414b646e8,42,10.81
53d414b646e8,43,11.01
53d414b646e8,44,11.16
53d414b646e8,45,11.36
53d414b646e8,46,11.87
53d414b646e8,47,12.06
53d414b646e8,48,12.24
53d414b646e8,49,12.83
53d414b646e8,50,13.01
f47abe4aa62d,1,0.01
f47abe4aa62d,2,0.86
f47abe4aa62d,3,1.15
f47abe4aa62d,4,1.79
f47abe4aa62d,5,1.88
f47abe4aa62d,6,1.99
f47abe4aa62d,7,2.38
f47abe4aa62d,8,3.88
f47abe4aa62d,9,4.22
f47abe4aa62d,10,6.21
f47abe4aa62d,11,6.91
f47abe4aa62d,12,7.21
f47abe4aa62d,13,7.86
f47abe4aa62d,14,9.16
f47abe4aa62d,15,9.68
f47abe4aa62d,16,9.95
f47abe4aa62d,17,11.21
f47abe4aa62d,18,12.7
f47abe4aa62d,19,12.84
f47abe4aa62d,20,13.83
f47abe4aa62d,21,14.7
f47abe4aa62d,22,14.94
f47abe4aa62d,23,15.81
f47abe4aa62d,24,16.2
f47abe4aa62d,25,16.93
f47abe4aa62d,26,17.32
f47abe4aa62d,27,18.09
f47abe4aa62d,28,18.82
f47abe4aa62d,29,19.18
f47abe4aa62d,30,19.9
f47abe4aa62d,31,20.23
f47abe4aa62d,32,20.96
f47abe4aa62d,33,21.43
f47abe4aa62d,34,22.72
f47abe4aa62d,35,23.04
f47abe4aa62d,36,23.66
f47abe4aa62d,37,24.07
f47abe4aa62d,38,25.83
f47abe4aa62d,39,26.2
f47abe4aa62d,40,26.85
f47abe4aa62d,41,27.84
f47abe4aa62d,42,28.89
f47abe4aa62d,43,29.78
f47abe4aa62d,44,30.16
f47abe4aa62d,45,30.78
f47abe4aa62d,46,31.13
f47abe4aa62d,47,31.85
f47abe4aa62d,48,32.17
f47abe4aa62d,49,32.8
f47abe4aa62d,50,33.03
edf0a8e99473,1,0.42
edf0a8e99473,2,0.44
edf0a8e99473,3,2.74
edf0a8e99473,4,3.73
edf0a8e99473,5,4.36
edf0a8e99473,6,4.38
edf0a8e99473,7,4.4
edf0a8e99473,8,4.4
edf0a8e99473,9,4.44
edf0a8e99473,10,5.42
edf0a8e99473,11,5.44
edf0a8e99473,12,6.44
edf0a8e99473,13,7.42
edf0a8e99473,14,7.44
edf0a8e99473,15,8.44
edf0a8e99473,16,9.44
edf0a8e99473,17,9.73
edf0a8e99473,18,10.44
edf0a8e99473,19,10.73
edf0a8e99473,20,11.36
edf0a8e99473,21,11.38
edf0a8e99473,22,11.4
edf0a8e99473,23,11.4
edf0a8e99473,24,12.44
edf0a8e99473,25,13.42
edf0a8e99473,26,13.44
edf0a8e99473,27,14.44
edf0a8e99473,28,15.44
edf0a8e99473,29,16.74
edf0a8e99473,30,17.44
edf0a8e99473,31,17.69
edf0a8e99473,32,17.73
edf0a8e99473,33,18.42
edf0a8e99473,34,18.44
edf0a8e99473,35,19.42
edf0a8e99473,36,19.44
edf0a8e99473,37,20.42
edf0a8e99473,38,20.44
edf0a8e99473,39,21.42
edf0a8e99473,40,21.44
edf0a8e99473,41,22.42
edf0a8e99473,42,22.44
edf0a8e99473,43,23.44
edf0a8e99473,44,23.69
edf0a8e99473,45,23.73
edf0a8e99473,46,24.69
edf0a8e99473,47,24.73
edf0a8e99473,48,25.36
edf0a8e99473,49,25.38
edf0a8e99473,50,25.4
02a8d08e6f49,1,0.25
02a8d08e6f49,2,1.28
02a8d08e6f49,3,1.48
02a8d08e6f49,4,2.67
02a8d08e6f49,5,3.24
02a8d08e6f49,6,3.69
02a8d08e6f49,7,4.22
02a8d08e6f49,8,4.54
02a8d08e6f49,9,19.47
02a8d08e6f49,10,24.43
02a8d08e6f49,11,24.66
02a8d08e6f49,12,25.58
02a8d08e6f49,13,26.27
02a8d08e6f49,14,26.51
02a8d08e6f49,15,28.21
02a8d08e6f49,16,30.49
02a8d08e6f49,17,32.59
02a8d08e6f49,18,33.39
02a8d08e6f49,19,33.69
02a8d08e6f49,20,35.59
02a8d08e6f49,21,39.65
02a8d08e6f49,22,41.62
02a8d08e6f49,23,42.54
02a8d08e6f49,24,60.24
02a8d08e6f49,25,65.74
02a8d08e6f49,26,66.32
02a8d08e6f49,27,66.61
02a8d08e6f49,28,67.59
02a8d08e6f49,29,69.66
02a8d08e6f49,30,70.25
02a8d08e6f49,31,70.48
02a8d08e6f49,32,70.72
02a8d08e6f49,33,74.69
02a8d08e6f49,34,75.44
02a8d08e6f49,35,75.67
02a8d08e6f49,36,76.3
02a8d08e6f49,37,76.65
02a8d08e6f49,38,77.51
02a8d08e6f49,39,77.74
02a8d08e6f49,40,78.35
02a8d08e6f49,41,78.72
02a8d08e6f49,42,80.48
02a8d08e6f49,43,81.21
02a8d08e6f49,44,81.66
02a8d08e6f49,45,82.45
02a8d08e6f49,46,84.32
02a8d08e6f49,47,84.65
02a8d08e6f49,48,87.33
02a8d08e6f49,49,87.71
02a8d08e6f49,50,88.61
ca9fefdae10f,1,0.07
ca9fefdae10f,2,0.57
ca9fefdae10f,3,0.85
ca9fefdae10f,4,1.07
ca9fefdae10f,5,1.55
ca9fefdae10f,6,1.61
ca9fefdae10f,7,1.84
ca9fefdae10f,8,2.38
ca9fefdae10f,9,2.56
ca9fefdae10f,10,2.98
ca9fefdae10f,11,3.74
ca9fefdae10f,12,3.86
ca9fefdae10f,13,3.99
ca9fefdae10f,14,4.53
ca9fefdae10f,15,4.57
ca9fefdae10f,16,4.6
ca9fefdae10f,17,5.53
ca9fefdae10f,18,5.55
ca9fefdae10f,19,5.57
ca9fefdae10f,20,6.51
ca9fefdae10f,21,7.43
ca9fefdae10f,22,8.5
ca9fefdae10f,23,8.55
ca9fefdae10f,24,8.59
ca9fefdae10f,25,9.55
ca9fefdae10f,26,9.76
ca9fefdae10f,27,10.74
ca9fefdae10f,28,10.98
ca9fefdae10f,29,11.55
ca9fefdae10f,30,11.57
ca9fefdae10f,31,12.47
ca9fefdae10f,32,12.83
ca9fefdae10f,33,13.07
ca9fefdae10f,34,13.46
ca9fefdae10f,35,13.6
ca9fefdae10f,36,13.86
ca9fefdae10f,37,14.47
ca9fefdae10f,38,14.51
ca9fefdae10f,39,14.58
ca9fefdae10f,40,15.57
ca9fefdae10f,41,15.86
ca9fefdae10f,42,16.07
ca9fefdae10f,43,16.74
ca9fefdae10f,44,16.86
ca9fefdae10f,45,16.98
ca9fefdae10f,46,17.73
ca9fefdae10f,47,17.86
ca9fefdae10f,48,17.98
ca9fefdae10f,49,18.41
ca9fefdae10f,50,18.58
d3f024c427d1,1,0.3
d3f024c427d1,2,0.51
d3f024c427d1,3,1.3
d3f024c427d1,4,1.51
d3f024c427d1,5,2.3
d3f024c427d1,6,2.46
d3f024c427d1,7,3.51
d3f024c427d1,8,4.3
d3f024c427d1,9,4.46
d3f024c427d1,10,5.3
d3f024c427d1,11,5.46
d3f024c427d1,12,6.3
d3f024c427d1,13,6.46
d3f024c427d1,14,7.3
d3f024c427d1,15,7.42
d3f024c427d1,16,8.21
d3f024c427d1,17,8.46
d3f024c427d1,18,9.3
d3f024c427d1,19,9.51
d3f024c427d1,20,10.3
d3f024c427d1,21,10.51
d3f024c427d1,22,11.29
d3f024c427d1,23,11.46
d3f024c427d1,24,12.34
d3f024c427d1,25,13.26
d3f024c427d1,26,13.46
d3f024c427d1,27,14.3
d3f024c427d1,28,14.51
d3f024c427d1,29,15.3
d3f024c427d1,30,15.46
d3f024c427d1,31,16.34
d3f024c427d1,32,17.35
d3f024c427d1,33,17.55
d3f024c427d1,34,18.42
d3f024c427d1,35,20.26
d3f024c427d1,36,21.3
d3f024c427d1,37,22.3
d3f024c427d1,38,23.3
d3f024c427d1,39,24.3
d3f024c427d1,40,25.3
d3f024c427d1,41,26.3
d3f024c427d1,42,27.3
d3f024c427d1,43,28.3
d3f024c427d1,44,29.3
d3f024c427d1,45,30.3
d3f024c427d1,46,31.3
d3f024c427d1,47,32.3
d3f024c427d1,48,34.3
d3f024c427d1,49,35.3
d3f024c427d1,50,36.3
71f40c7acea0,1,5.57
71f40c7acea0,2,47.57
71f40c7acea0,3,124.53
71f40c7acea0,4,160.66
71f40c7acea0,5,233.57
71f40c7acea0,6,236.56
71f40c7acea0,7,236.57
71f40c7acea0,8,236.57
71f40c7acea0,9,236.57
71f40c7acea0,10,236.57
71f40c7acea0,11,236.57
71f40c7acea0,12,236.57
71f40c7acea0,13,236.57
71f40c7acea0,14,257.57
71f40c7acea0,15,264.57
71f40c7acea0,16,411.47
71f40c7acea0,17,446.57
71f40c7acea0,18,450.57
71f40c7acea0,19,450.57
71f40c7acea0,20,450.57
71f40c7acea0,21,450.57
71f40c7acea0,22,450.57
71f40c7acea0,23,450.57
71f40c7acea0,24,450.57
71f40c7acea0,25,450.57
71f40c7acea0,26,450.57
71f40c7acea0,27,502.57
71f40c7acea0,28,519.32
71f40c7acea0,29,565.57
71f40c7acea0,30,586.57
71f40c7acea0,31,614.57
71f40c7acea0,32,677.57
71f40c7acea0,33,1469.57
71f40c7acea0,34,1481.44
71f40c7acea0,35,1545.61
71f40c7acea0,36,1664.43
71f40c7acea0,37,1800.4
71f40c7acea0,38,1848.57
71f40c7acea0,39,1935.71
71f40c7acea0,40,1995.56
71f40c7acea0,41,2082.62
71f40c7acea0,42,2183.22
548cce939146,1,0.4
548cce939146,2,0.61
548cce939146,3,2.22
548cce939146,4,2.32
548cce939146,5,2.37
548cce939146,6,2.57
548cce939146,7,3.13
548cce939146,8,3.79
548cce939146,9,3.89
548cce939146,10,4.05
548cce939146,11,4.47
548cce939146,12,4.54
548cce939146,13,4.58
548cce939146,14,4.65
548cce939146,15,7.46
548cce939146,16,8.41
548cce939146,17,11.5
548cce939146,18,11.57
548cce939146,19,11.58
548cce939146,20,12.33
548cce939146,21,13.2
548cce939146,22,13.2
548cce939146,23,13.22
548cce939146,24,13.23
548cce939146,25,29.34
548cce939146,26,34.38
548cce939146,27,35.33
548cce939146,28,35.34
548cce939146,29,36.39
548cce939146,30,36.4
548cce939146,31,39.24
548cce939146,32,40.43
548cce939146,33,40.53
548cce939146,34,41.28
548cce939146,35,41.33
548cce939146,36,41.38
548cce939146,37,41.39
548cce939146,38,41.47
548cce939146,39,41.51
548cce939146,40,47.38
548cce939146,41,54.62
548cce939146,42,56.34
548cce939146,43,58.19
548cce939146,44,81.35
548cce939146,45,81.37
548cce939146,46,81.37
548cce939146,47,81.38
548cce939146,48,81.38
548cce939146,49,81.38
548cce939146,50,82.34
f1f57fe4ca68,1,0.3
f1f57fe4ca68,2,0.37
f1f57fe4ca68,3,0.42
f1f57fe4ca68,4,1.32
f1f57fe4ca68,5,1.44
f1f57fe4ca68,6,1.47
f1f57fe4ca68,7,2.28
f1f57fe4ca68,8,2.33
f1f57fe4ca68,9,2.48
f1f57fe4ca68,10,3.32
f1f57fe4ca68,11,3.44
f1f57fe4ca68,12,3.51
f1f57fe4ca68,13,4.25
f1f57fe4ca68,14,4.4
f1f57fe4ca68,15,4.5
f1f57fe4ca68,16,5.25
f1f57fe4ca68,17,5.4
f1f57fe4ca68,18,5.48
f1f57fe4ca68,19,6.3
f1f57fe4ca68,20,6.34
f1f57fe4ca68,21,6.45
f1f57fe4ca68,22,7.32
f1f57fe4ca68,23,7.38
f1f57fe4ca68,24,7.44
f1f57fe4ca68,25,8.32
f1f57fe4ca68,26,8.4
f1f57fe4ca68,27,8.47
f1f57fe4ca68,28,9.32
f1f57fe4ca68,29,9.44
f1f57fe4ca68,30,9.54
f1f57fe4ca68,31,10.21
f1f57fe4ca68,32,10.29
f1f57fe4ca68,33,10.56
f1f57fe4ca68,34,11.32
f1f57fe4ca68,35,11.38
f1f57fe4ca68,36,11.45
f1f57fe4ca68,37,12.23
f1f57fe4ca68,38,12.3
f1f57fe4ca68,39,12.49
f1f57fe4ca68,40,13.32
f1f57fe4ca68,41,13.46
f1f57fe4ca68,42,13.82
f1f57fe4ca68,43,14.4
f1f57fe4ca68,44,14.61
f1f57fe4ca68,45,14.82
f1f57fe4ca68,46,15.4
f1f57fe4ca68,47,15.61
f1f57fe4ca68,48,15.82
f1f57fe4ca68,49,16.4
f1f57fe4ca68,50,16.61
aff4ae88474e,1,0.32
aff4ae88474e,2,1.32
aff4ae88474e,3,2.32
aff4ae88474e,4,3.32
aff4ae88474e,5,4.32
aff4ae88474e,6,5.32
aff4ae88474e,7,6.32
aff4ae88474e,8,7.32
aff4ae88474e,9,8.32
aff4ae88474e,10,9.32
aff4ae88474e,11,10.32
aff4ae88474e,12,11.32
aff4ae88474e,13,11.53
aff4ae88474e,14,12.32
aff4ae88474e,15,13.32
aff4ae88474e,16,14.32
aff4ae88474e,17,15.32
aff4ae88474e,18,16.32
aff4ae88474e,19,17.32
aff4ae88474e,20,18.32
aff4ae88474e,21,19.32
aff4ae88474e,22,20.32
aff4ae88474e,23,22.32
aff4ae88474e,24,23.32
aff4ae88474e,25,24.32
aff4ae88474e,26,25.32
aff4ae88474e,27,27.32
aff4ae88474e,28,28.32
aff4ae88474e,29,29.32
aff4ae88474e,30,30.32
aff4ae88474e,31,31.32
aff4ae88474e,32,32.32
aff4ae88474e,33,34.32
aff4ae88474e,34,36.32
aff4ae88474e,35,38.32
aff4ae88474e,36,39.32
aff4ae88474e,37,40.32
aff4ae88474e,38,42.32
aff4ae88474e,39,43.32
aff4ae88474e,40,44.32
aff4ae88474e,41,45.32
aff4ae88474e,42,47.32
aff4ae88474e,43,49.32
aff4ae88474e,44,51.27
aff4ae88474e,45,62.32
aff4ae88474e,46,87.32
aff4ae88474e,47,91.36
aff4ae88474e,48,96.05
aff4ae88474e,49,147.32
aff4ae88474e,50,153.44
152e9280ffa3,1,0.28
152e9280ffa3,2,0.36
152e9280ffa3,3,0.41
152e9280ffa3,4,1.22
152e9280ffa3,5,1.32
152e9280ffa3,6,1.4
152e9280ffa3,7,2.2
152e9280ffa3,8,2.24
152e9280ffa3,9,2.44
152e9280ffa3,10,2.56
152e9280ffa3,11,3.24
152e9280ffa3,12,3.4
152e9280ffa3,13,3.48
152e9280ffa3,14,3.56
152e9280ffa3,15,4.23
152e9280ffa3,16,4.42
152e9280ffa3,17,5.33
152e9280ffa3,18,5.43
152e9280ffa3,19,6.16
152e9280ffa3,20,6.31
152e9280ffa3,21,6.38
152e9280ffa3,22,7.23
152e9280ffa3,23,7.32
152e9280ffa3,24,7.44
152e9280ffa3,25,8.23
152e9280ffa3,26,8.35
152e9280ffa3,27,8.43
152e9280ffa3,28,9.25
152e9280ffa3,29,9.42
152e9280ffa3,30,9.58
152e9280ffa3,31,10.15
152e9280ffa3,32,10.35
152e9280ffa3,33,10.5
152e9280ffa3,34,11.33
152e9280ffa3,35,11.41
152e9280ffa3,36,12.21
152e9280ffa3,37,12.33
152e9280ffa3,38,12.41
152e9280ffa3,39,13.2
152e9280ffa3,40,13.35
152e9280ffa3,41,13.43
152e9280ffa3,42,14.21
152e9280ffa3,43,14.32
152e9280ffa3,44,14.43
152e9280ffa3,45,15.19
152e9280ffa3,46,15.31
152e9280ffa3,47,15.44
152e9280ffa3,48,16.32
152e9280ffa3,49,16.5
152e9280ffa3,50,17.21
7e8651f55712,1,0.11
7e8651f55712,2,0.19
7e8651f55712,3,0.28
7e8651f55712,4,0.4
7e8651f55712,5,1.11
7e8651f55712,6,1.19
7e8651f55712,7,1.28
7e8651f55712,8,1.4
7e8651f55712,9,2.11
7e8651f55712,10,2.19
7e8651f55712,11,2.28
7e8651f55712,12,2.4
7e8651f55712,13,3.19
7e8651f55712,14,3.28
7e8651f55712,15,3.4
7e8651f55712,16,4.07
7e8651f55712,17,4.19
7e8651f55712,18,4.28
7e8651f55712,19,4.4
7e8651f55712,20,5.07
7e8651f55712,21,5.19
7e8651f55712,22,5.28
7e8651f55712,23,5.4
7e8651f55712,24,6.07
7e8651f55712,25,6.19
7e8651f55712,26,6.28
7e8651f55712,27,6.4
7e8651f55712,28,7.07
7e8651f55712,29,7.19
7e8651f55712,30,7.28
7e8651f55712,31,7.4
7e8651f55712,32,8.07
7e8651f55712,33,8.19
7e8651f55712,34,8.28
7e8651f55712,35,8.4
7e8651f55712,36,9.07
7e8651f55712,37,9.19
7e8651f55712,38,9.28
7e8651f55712,39,9.4
7e8651f55712,40,10.07
7e8651f55712,41,10.19
7e8651f55712,42,10.28
7e8651f55712,43,10.4
7e8651f55712,44,11.07
7e8651f55712,45,11.19
7e8651f55712,46,11.28
7e8651f55712,47,11.4
7e8651f55712,48,12.19
7e8651f55712,49,12.28
7e8651f55712,50,12.4
7f0585c7268f,1,0.42
7f0585c7268f,2,1.42
7f0585c7268f,3,2.42
7f0585c7268f,4,3.42
7f0585c7268f,5,4.42
7f0585c7268f,6,5.42
7f0585c7268f,7,6.42
7f0585c7268f,8,7.42
7f0585c7268f,9,9.42
7f0585c7268f,10,10.41
7f0585c7268f,11,11.43
7f0585c7268f,12,12.42
7f0585c7268f,13,13.42
7f0585c7268f,14,14.42
7f0585c7268f,15,15.42
7f0585c7268f,16,16.4
7f0585c7268f,17,17.42
7f0585c7268f,18,18.42
7f0585c7268f,19,19.42
7f0585c7268f,20,20.42
7f0585c7268f,21,21.42
7f0585c7268f,22,22.42
7f0585c7268f,23,23.41
7f0585c7268f,24,24.42
7f0585c7268f,25,25.42
7f0585c7268f,26,26.44
7f0585c7268f,27,27.44
7f0585c7268f,28,28.43
7f0585c7268f,29,29.44
7f0585c7268f,30,30.44
7f0585c7268f,31,31.44
7f0585c7268f,32,32.44
7f0585c7268f,33,33.42
7f0585c7268f,34,34.43
7f0585c7268f,35,35.44
7f0585c7268f,36,36.43
7f0585c7268f,37,37.43
7f0585c7268f,38,38.43
7f0585c7268f,39,39.43
7f0585c7268f,40,40.44
7f0585c7268f,41,41.43
7f0585c7268f,42,42.44
7f0585c7268f,43,43.44
7f0585c7268f,44,44.44
7f0585c7268f,45,45.43
7f0585c7268f,46,46.43
7f0585c7268f,47,47.45
7f0585c7268f,48,48.44
7f0585c7268f,49,50.44
7f0585c7268f,50,51.44
6bd841b33024,1,0.34
6bd841b33024,2,0.35
6bd841b33024,3,0.35
6bd841b33024,4,0.35
6bd841b33024,5,0.35
6bd841b33024,6,0.35
6bd841b33024,7,0.36
6bd841b33024,8,0.36
6bd841b33024,9,0.37
6bd841b33024,10,0.37
6bd841b33024,11,0.38
6bd841b33024,12,0.38
6bd841b33024,13,0.39
6bd841b33024,14,0.39
6bd841b33024,15,0.39
6bd841b33024,16,0.4
6bd841b33024,17,0.4
6bd841b33024,18,0.4
6bd841b33024,19,0.41
6bd841b33024,20,0.41
6bd841b33024,21,0.41
6bd841b33024,22,0.42
6bd841b33024,23,0.43
6bd841b33024,24,1.65
6bd841b33024,25,1.65
6bd841b33024,26,1.65
6bd841b33024,27,1.65
6bd841b33024,28,3.86
6bd841b33024,29,3.86
6bd841b33024,30,4.61
6bd841b33024,31,4.61
6bd841b33024,32,4.61
6bd841b33024,33,4.61
6bd841b33024,34,4.86
6bd841b33024,35,4.86
6bd841b33024,36,5.57
6bd841b33024,37,5.57
6bd841b33024,38,6.55
6bd841b33024,39,6.55
6bd841b33024,40,6.55
6bd841b33024,41,6.55
6bd841b33024,42,6.83
6bd841b33024,43,6.83
6bd841b33024,44,6.83
6bd841b33024,45,6.83
6bd841b33024,46,6.83
6bd841b33024,47,6.83
6bd841b33024,48,6.83
6bd841b33024,49,6.83
6bd841b33024,50,6.83
53993cb65ef5,1,0.11
53993cb65ef5,2,0.19
53993cb65ef5,3,0.28
53993cb65ef5,4,0.36
53993cb65ef5,5,0.44
53993cb65ef5,6,1.11
53993cb65ef5,7,1.19
53993cb65ef5,8,1.28
53993cb65ef5,9,1.36
53993cb65ef5,10,1.44
53993cb65ef5,11,2.11
53993cb65ef5,12,2.19
53993cb65ef5,13,2.28
53993cb65ef5,14,2.36
53993cb65ef5,15,2.44
53993cb65ef5,16,3.11
53993cb65ef5,17,3.19
53993cb65ef5,18,3.28
53993cb65ef5,19,3.36
53993cb65ef5,20,3.44
53993cb65ef5,21,3.53
53993cb65ef5,22,4.11
53993cb65ef5,23,4.19
53993cb65ef5,24,4.28
53993cb65ef5,25,4.36
53993cb65ef5,26,4.44
53993cb65ef5,27,5.11
53993cb65ef5,28,5.19
53993cb65ef5,29,5.24
53993cb65ef5,30,5.28
53993cb65ef5,31,5.36
53993cb65ef5,32,5.44
53993cb65ef5,33,5.53
53993cb65ef5,34,6.11
53993cb65ef5,35,6.19
53993cb65ef5,36,6.36
53993cb65ef5,37,6.44
53993cb65ef5,38,7.11
53993cb65ef5,39,7.19
53993cb65ef5,40,7.28
53993cb65ef5,41,7.36
53993cb65ef5,42,7.44
53993cb65ef5,43,8.11
53993cb65ef5,44,8.19
53993cb65ef5,45,8.28
53993cb65ef5,46,8.36
53993cb65ef5,47,8.44
53993cb65ef5,48,9.11
53993cb65ef5,49,9.19
53993cb65ef5,50,9.28
49b9f091ff38,1,0.28
49b9f091ff38,2,0.32
49b9f091ff38,3,0.36
49b9f091ff38,4,0.39
49b9f091ff38,5,1.33
49b9f091ff38,6,1.44
49b9f091ff38,7,2.44
49b9f091ff38,8,2.52
49b9f091ff38,9,3.32
49b9f091ff38,10,4.19
49b9f091ff38,11,4.24
49b9f091ff38,12,4.28
49b9f091ff38,13,4.32
49b9f091ff38,14,4.36
49b9f091ff38,15,4.4
49b9f091ff38,16,4.4
49b9f091ff38,17,4.44
49b9f091ff38,18,5.19
49b9f091ff38,19,5.24
49b9f091ff38,20,5.28
49b9f091ff38,21,5.32
49b9f091ff38,22,5.36
49b9f091ff38,23,5.4
49b9f091ff38,24,5.44
49b9f091ff38,25,5.5
49b9f091ff38,26,6.19
49b9f091ff38,27,6.23
49b9f091ff38,28,6.28
49b9f091ff38,29,6.32
49b9f091ff38,30,6.36
49b9f091ff38,31,6.4
49b9f091ff38,32,7.27
49b9f091ff38,33,8.44
49b9f091ff38,34,9.25
49b9f091ff38,35,9.41
49b9f091ff38,36,9.47
49b9f091ff38,37,10.48
49b9f091ff38,38,11.19
49b9f091ff38,39,11.24
49b9f091ff38,40,11.28
49b9f091ff38,41,11.32
49b9f091ff38,42,11.36
49b9f091ff38,43,11.4
49b9f091ff38,44,11.44
49b9f091ff38,45,12.19
49b9f091ff38,46,12.23
49b9f091ff38,47,12.28
49b9f091ff38,48,12.32
49b9f091ff38,49,12.36
49b9f091ff38,50,12.4
48897fbb2b81,1,0.57
48897fbb2b81,2,1.24
48897fbb2b81,3,1.55
48897fbb2b81,4,1.62
48897fbb2b81,5,3.53
48897fbb2b81,6,5.35
48897fbb2b81,7,6.53
48897fbb2b81,8,8.56
48897fbb2b81,9,11.18
48897fbb2b81,10,12.4
48897fbb2b81,11,12.56
48897fbb2b81,12,13.57
48897fbb2b81,13,14.29
48897fbb2b81,14,14.55
48897fbb2b81,15,15.55
48897fbb2b81,16,16.57
48897fbb2b81,17,17.65
48897fbb2b81,18,19.56
48897fbb2b81,19,19.99
48897fbb2b81,20,20.54
48897fbb2b81,21,21.56
48897fbb2b81,22,22.54
48897fbb2b81,23,26.66
48897fbb2b81,24,28.57
48897fbb2b81,25,30.57
48897fbb2b81,26,32.57
48897fbb2b81,27,34.38
48897fbb2b81,28,36.55
48897fbb2b81,29,39.42
48897fbb2b81,30,40.53
48897fbb2b81,31,42.05
48897fbb2b81,32,42.55
48897fbb2b81,33,43.57
48897fbb2b81,34,44.56
48897fbb2b81,35,45.59
48897fbb2b81,36,46.57
48897fbb2b81,37,47.58
48897fbb2b81,38,48.56
48897fbb2b81,39,49.58
48897fbb2b81,40,50.56
48897fbb2b81,41,51.39
48897fbb2b81,42,52.62
48897fbb2b81,43,53.56
48897fbb2b81,44,54.56
48897fbb2b81,45,55.36
48897fbb2b81,46,55.56
48897fbb2b81,47,56.55
48897fbb2b81,48,58.26
48897fbb2b81,49,59.22
48897fbb2b81,50,60.3
e966957b8392,1,0.61
e966957b8392,2,1.61
e966957b8392,3,2.61
e966957b8392,4,3.61
e966957b8392,5,4.61
e966957b8392,6,5.61
e966957b8392,7,6.61
e966957b8392,8,7.61
e966957b8392,9,8.61
e966957b8392,10,9.61
e966957b8392,11,10.61
e966957b8392,12,11.61
e966957b8392,13,12.61
e966957b8392,14,13.61
e966957b8392,15,14.61
e966957b8392,16,15.61
e966957b8392,17,16.61
e966957b8392,18,17.61
e966957b8392,19,18.36
e966957b8392,20,18.61
e966957b8392,21,19.61
e966957b8392,22,20.61
e966957b8392,23,21.61
e966957b8392,24,22.61
e966957b8392,25,23.61
e966957b8392,26,24.61
e966957b8392,27,25.61
e966957b8392,28,26.61
e966957b8392,29,27.61
e966957b8392,30,28.61
e966957b8392,31,29.61
e966957b8392,32,30.61
e966957b8392,33,31.61
e966957b8392,34,32.61
e966957b8392,35,33.61
e966957b8392,36,34.61
e966957b8392,37,35.61
e966957b8392,38,36.57
e966957b8392,39,36.61
e966957b8392,40,37.61
e966957b8392,41,38.61
e966957b8392,42,39.61
e966957b8392,43,40.61
e966957b8392,44,41.61
e966957b8392,45,42.36
e966957b8392,46,42.61
e966957b8392,47,43.61
e966957b8392,48,44.61
e966957b8392,49,45.61
e966957b8392,50,46.61
099efd0fb5be,1,1.38
099efd0fb5be,2,2.35
099efd0fb5be,3,3.59
099efd0fb5be,4,4.59
099efd0fb5be,5,6.38
099efd0fb5be,6,7.46
099efd0fb5be,7,9.57
099efd0fb5be,8,10.55
099efd0fb5be,9,11.38
099efd0fb5be,10,12.71
099efd0fb5be,11,14.71
099efd0fb5be,12,15.54
099efd0fb5be,13,16.44
099efd0fb5be,14,17.46
099efd0fb5be,15,20.59
099efd0fb5be,16,21.33
099efd0fb5be,17,23.71
099efd0fb5be,18,24.71
099efd0fb5be,19,25.65
099efd0fb5be,20,30.71
099efd0fb5be,21,31.71
099efd0fb5be,22,36.38
099efd0fb5be,23,36.59
099efd0fb5be,24,37.58
099efd0fb5be,25,38.59
099efd0fb5be,26,42.31
099efd0fb5be,27,43.46
099efd0fb5be,28,48.59
099efd0fb5be,29,49.46
099efd0fb5be,30,49.59
099efd0fb5be,31,51.46
099efd0fb5be,32,54.46
099efd0fb5be,33,56.38
099efd0fb5be,34,58.46
099efd0fb5be,35,61.46
099efd0fb5be,36,63.46
099efd0fb5be,37,65.38
099efd0fb5be,38,67.39
099efd0fb5be,39,68.59
099efd0fb5be,40,71.42
099efd0fb5be,41,72.42
099efd0fb5be,42,74.44
099efd0fb5be,43,75.59
099efd0fb5be,44,77.55
099efd0fb5be,45,78.38
099efd0fb5be,46,79.46
099efd0fb5be,47,79.59
099efd0fb5be,48,81.39
099efd0fb5be,49,83.59
099efd0fb5be,50,84.59
4d2a6f900d34,1,0.32
4d2a6f900d34,2,2.32
4d2a6f900d34,3,4.32
4d2a6f900d34,4,5.32
4d2a6f900d34,5,6.32
4d2a6f900d34,6,8.32
4d2a6f900d34,7,11.32
4d2a6f900d34,8,12.32
4d2a6f900d34,9,13.32
4d2a6f900d34,10,18.32
4d2a6f900d34,11,22.29
4d2a6f900d34,12,23.32
4d2a6f900d34,13,25.32
4d2a6f900d34,14,26.32
4d2a6f900d34,15,27.32
4d2a6f900d34,16,32.32
4d2a6f900d34,17,33.32
4d2a6f900d34,18,34.32
4d2a6f900d34,19,35.32
4d2a6f900d34,20,36.32
4d2a6f900d34,21,38.32
4d2a6f900d34,22,39.32
4d2a6f900d34,23,40.32
4d2a6f900d34,24,41.32
4d2a6f900d34,25,42.32
4d2a6f900d34,26,43.32
4d2a6f900d34,27,46.32
4d2a6f900d34,28,47.32
4d2a6f900d34,29,48.32
4d2a6f900d34,30,49.32
4d2a6f900d34,31,50.32
4d2a6f900d34,32,52.32
4d2a6f900d34,33,53.32
4d2a6f900d34,34,54.32
4d2a6f900d34,35,55.32
4d2a6f900d34,36,56.32
4d2a6f900d34,37,57.32
4d2a6f900d34,38,59.32
4d2a6f900d34,39,60.32
4d2a6f900d34,40,61.32
4d2a6f900d34,41,62.32
4d2a6f900d34,42,63.32
4d2a6f900d34,43,64.32
4d2a6f900d34,44,66.32
4d2a6f900d34,45,67.32
4d2a6f900d34,46,68.32
4d2a6f900d34,47,69.32
4d2a6f900d34,48,70.32
4d2a6f900d34,49,71.32
4d2a6f900d34,50,75.32
fa1c76621a24,1,0.88
fa1c76621a24,2,3.88
fa1c76621a24,3,4.88
fa1c76621a24,4,6.88
fa1c76621a24,5,7.88
fa1c76621a24,6,9.88
fa1c76621a24,7,10.88
fa1c76621a24,8,12.88
fa1c76621a24,9,13.88
fa1c76621a24,10,14.88
fa1c76621a24,11,16.88
fa1c76621a24,12,17.88
fa1c76621a24,13,19.88
fa1c76621a24,14,20.88
fa1c76621a24,15,21.88
fa1c76621a24,16,23.88
fa1c76621a24,17,24.88
fa1c76621a24,18,25.88
fa1c76621a24,19,27.88
fa1c76621a24,20,28.88
fa1c76621a24,21,30.88
fa1c76621a24,22,31.88
fa1c76621a24,23,32.88
fa1c76621a24,24,33.88
fa1c76621a24,25,34.88
fa1c76621a24,26,35.88
fa1c76621a24,27,36.88
fa1c76621a24,28,38.88
fa1c76621a24,29,39.88
fa1c76621a24,30,40.88
fa1c76621a24,31,43.88
fa1c76621a24,32,47.88
fa1c76621a24,33,49.88
fa1c76621a24,34,50.88
fa1c76621a24,35,52.88
fa1c76621a24,36,53.88
fa1c76621a24,37,54.88
fa1c76621a24,38,55.88
fa1c76621a24,39,56.88
fa1c76621a24,40,57.88
fa1c76621a24,41,58.88
fa1c76621a24,42,59.88
4af3e172ca83,1,0.24
4af3e172ca83,2,0.29
4af3e172ca83,3,0.29
4af3e172ca83,4,0.29
4af3e172ca83,5,0.29
4af3e172ca83,6,2.28
4af3e172ca83,7,2.29
4af3e172ca83,8,2.29
4af3e172ca83,9,2.29
4af3e172ca83,10,2.29
4af3e172ca83,11,3.25
4af3e172ca83,12,3.29
4af3e172ca83,13,3.29
4af3e172ca83,14,3.29
4af3e172ca83,15,3.29
4af3e172ca83,16,3.29
4af3e172ca83,17,3.29
4af3e172ca83,18,4.29
4af3e172ca83,19,4.29
4af3e172ca83,20,4.29
4af3e172ca83,21,4.29
4af3e172ca83,22,4.29
4af3e172ca83,23,4.29
4af3e172ca83,24,5.23
4af3e172ca83,25,5.25
4af3e172ca83,26,5.25
4af3e172ca83,27,5.27
4af3e172ca83,28,5.27
4af3e172ca83,29,6.25
4af3e172ca83,30,6.25
4af3e172ca83,31,7.28
4af3e172ca83,32,7.28
4af3e172ca83,33,8.25
4af3e172ca83,34,8.28
4af3e172ca83,35,9.34
4af3e172ca83,36,9.34
4af3e172ca83,37,9.34
4af3e172ca83,38,10.39
4af3e172ca83,39,11.29
4af3e172ca83,40,11.29
4af3e172ca83,41,12.23
4af3e172ca83,42,12.23
4af3e172ca83,43,12.24
4af3e172ca83,44,12.29
4af3e172ca83,45,13.28
4af3e172ca83,46,13.28
4af3e172ca83,47,16.64
4af3e172ca83,48,16.64
4af3e172ca83,49,16.64
4af3e172ca83,50,18.25
8bf6ed224145,1,0.09
8bf6ed224145,2,0.14
8bf6ed224145,3,1.07
8bf6ed224145,4,1.13
8bf6ed224145,5,1.19
8bf6ed224145,6,2.1
8bf6ed224145,7,2.4
8bf6ed224145,8,2.57
8bf6ed224145,9,2.74
8bf6ed224145,10,2.83
8bf6ed224145,11,3.13
8bf6ed224145,12,4.14
8bf6ed224145,13,4.21
8bf6ed224145,14,5.08
8bf6ed224145,15,5.2
8bf6ed224145,16,6.1
8bf6ed224145,17,6.19
8bf6ed224145,18,6.3
8bf6ed224145,19,7.08
8bf6ed224145,20,7.12
8bf6ed224145,21,7.2
8bf6ed224145,22,8.13
8bf6ed224145,23,8.21
8bf6ed224145,24,8.46
8bf6ed224145,25,9.12
8bf6ed224145,26,9.18
8bf6ed224145,27,9.4
8bf6ed224145,28,9.74
8bf6ed224145,29,10.15
8bf6ed224145,30,11.16
8bf6ed224145,31,11.24
8bf6ed224145,32,11.57
8bf6ed224145,33,12.07
8bf6ed224145,34,12.1
8bf6ed224145,35,12.18
8bf6ed224145,36,13.07
8bf6ed224145,37,13.14
8bf6ed224145,38,13.4
8bf6ed224145,39,14.08
8bf6ed224145,40,14.12
8bf6ed224145,41,14.22
8bf6ed224145,42,15.08
8bf6ed224145,43,15.13
8bf6ed224145,44,15.18
8bf6ed224145,45,16.09
8bf6ed224145,46,16.22
8bf6ed224145,47,16.4
8bf6ed224145,48,16.74
8bf6ed224145,49,17.14
8bf6ed224145,50,17.32
dea19225d9de,1,0.39
dea19225d9de,2,1.21
dea19225d9de,3,1.48
dea19225d9de,4,1.91
dea19225d9de,5,2.32
dea19225d9de,6,3.31
dea19225d9de,7,4.15
dea19225d9de,8,4.25
dea19225d9de,9,5.27
dea19225d9de,10,7.2
dea19225d9de,11,8.21
dea19225d9de,12,8.29
dea19225d9de,13,9.41
dea19225d9de,14,10.07
dea19225d9de,15,11.22
dea19225d9de,16,12.34
dea19225d9de,17,14.44
dea19225d9de,18,15.32
dea19225d9de,19,16.31
dea19225d9de,20,17.22
dea19225d9de,21,17.45
dea19225d9de,22,19.24
dea19225d9de,23,22.31
dea19225d9de,24,23.38
dea19225d9de,25,25.19
dea19225d9de,26,26.29
dea19225d9de,27,28.17
dea19225d9de,28,28.38
dea19225d9de,29,29.35
dea19225d9de,30,32.42
dea19225d9de,31,33.47
dea19225d9de,32,34.46
dea19225d9de,33,35.23
dea19225d9de,34,38.27
dea19225d9de,35,40.3
dea19225d9de,36,42.28
dea19225d9de,37,44.22
dea19225d9de,38,45.45
dea19225d9de,39,46.26
dea19225d9de,40,48.31
dea19225d9de,41,49.24
dea19225d9de,42,51.3
dea19225d9de,43,52.33
dea19225d9de,44,54.31
dea19225d9de,45,55.33
dea19225d9de,46,56.34
dea19225d9de,47,58.18
dea19225d9de,48,58.31
dea19225d9de,49,58.48
dea19225d9de,50,60.2
f90633287e5a,1,0.2
f90633287e5a,2,0.22
f90633287e5a,3,0.24
f90633287e5a,4,0.25
f90633287e5a,5,0.25
f90633287e5a,6,0.26
f90633287e5a,7,0.26
f90633287e5a,8,0.26
f90633287e5a,9,0.26
f90633287e5a,10,0.26
f90633287e5a,11,0.26
f90633287e5a,12,0.26
f90633287e5a,13,0.26
f90633287e5a,14,0.27
f90633287e5a,15,0.27
f90633287e5a,16,0.27
f90633287e5a,17,0.27
f90633287e5a,18,0.27
f90633287e5a,19,0.28
f90633287e5a,20,0.28
f90633287e5a,21,0.28
f90633287e5a,22,0.29
f90633287e5a,23,0.29
f90633287e5a,24,0.29
f90633287e5a,25,0.29
f90633287e5a,26,0.29
f90633287e5a,27,0.3
f90633287e5a,28,0.32
f90633287e5a,29,0.33
f90633287e5a,30,0.33
f90633287e5a,31,0.33
f90633287e5a,32,0.33
f90633287e5a,33,0.33
f90633287e5a,34,0.34
f90633287e5a,35,0.34
f90633287e5a,36,0.34
f90633287e5a,37,0.34
f90633287e5a,38,0.34
f90633287e5a,39,0.35
f90633287e5a,40,0.35
f90633287e5a,41,0.36
f90633287e5a,42,0.36
f90633287e5a,43,0.37
f90633287e5a,44,0.37
f90633287e5a,45,0.37
f90633287e5a,46,0.39
f90633287e5a,47,0.4
f90633287e5a,48,0.41
f90633287e5a,49,0.41
f90633287e5a,50,0.41
f4c0e0aa1401,1,1.37
f4c0e0aa1401,2,1.38
f4c0e0aa1401,3,1.39
f4c0e0aa1401,4,1.4
f4c0e0aa1401,5,2.27
f4c0e0aa1401,6,3.35
f4c0e0aa1401,7,3.37
f4c0e0aa1401,8,3.38
f4c0e0aa1401,9,4.36
f4c0e0aa1401,10,4.44
f4c0e0aa1401,11,4.47
f4c0e0aa1401,12,4.51
f4c0e0aa1401,13,4.53
f4c0e0aa1401,14,4.54
f4c0e0aa1401,15,5.17
f4c0e0aa1401,16,5.19
f4c0e0aa1401,17,5.19
f4c0e0aa1401,18,5.22
f4c0e0aa1401,19,5.23
f4c0e0aa1401,20,5.23
f4c0e0aa1401,21,5.26
f4c0e0aa1401,22,5.27
f4c0e0aa1401,23,5.27
f4c0e0aa1401,24,5.55
f4c0e0aa1401,25,6.33
f4c0e0aa1401,26,6.41
f4c0e0aa1401,27,6.52
f4c0e0aa1401,28,7.28
f4c0e0aa1401,29,7.38
f4c0e0aa1401,30,7.49
f4c0e0aa1401,31,7.5
f4c0e0aa1401,32,7.53
f4c0e0aa1401,33,8.39
f4c0e0aa1401,34,8.52
f4c0e0aa1401,35,8.55
f4c0e0aa1401,36,9.39
f4c0e0aa1401,37,9.42
f4c0e0aa1401,38,9.45
f4c0e0aa1401,39,9.46
f4c0e0aa1401,40,9.48
f4c0e0aa1401,41,9.49
f4c0e0aa1401,42,9.49
f4c0e0aa1401,43,9.5
f4c0e0aa1401,44,9.51
f4c0e0aa1401,45,9.52
f4c0e0aa1401,46,10.31
f4c0e0aa1401,47,10.36
f4c0e0aa1401,48,10.36
f4c0e0aa1401,49,10.56
f4c0e0aa1401,50,10.58
f9fd29535ca2,1,0.05
f9fd29535ca2,2,0.23
f9fd29535ca2,3,0.98
f9fd29535ca2,4,1.19
f9fd29535ca2,5,2.06
f9fd29535ca2,6,2.11
f9fd29535ca2,7,2.85
f9fd29535ca2,8,3.02
f9fd29535ca2,9,3.13
f9fd29535ca2,10,4.02
f9fd29535ca2,11,4.2
f9fd29535ca2,12,5.17
f9fd29535ca2,13,5.93
f9fd29535ca2,14,6.12
f9fd29535ca2,15,7.07
f9fd29535ca2,16,7.86
f9fd29535ca2,17,7.89
f9fd29535ca2,18,8.01
f9fd29535ca2,19,8.14
f9fd29535ca2,20,9.1
f9fd29535ca2,21,9.18
f9fd29535ca2,22,10.15
f9fd29535ca2,23,11.08
f9fd29535ca2,24,11.26
f9fd29535ca2,25,12.22
f9fd29535ca2,26,12.98
f9fd29535ca2,27,13.21
f9fd29535ca2,28,14.05
f9fd29535ca2,29,14.19
f9fd29535ca2,30,15.02
f9fd29535ca2,31,15.2
f9fd29535ca2,32,16.0
f9fd29535ca2,33,16.18
f9fd29535ca2,34,17.19
f9fd29535ca2,35,17.31
f9fd29535ca2,36,17.97
f9fd29535ca2,37,18.18
f9fd29535ca2,38,19.17
f9fd29535ca2,39,20.05
f9fd29535ca2,40,20.24
f9fd29535ca2,41,21.1
f9fd29535ca2,42,21.22
f9fd29535ca2,43,22.01
f9fd29535ca2,44,22.17
f9fd29535ca2,45,22.95
f9fd29535ca2,46,23.07
f9fd29535ca2,47,23.22
f9fd29535ca2,48,23.98
f9fd29535ca2,49,24.21
f9fd29535ca2,50,25.01
57deb8423343,1,0.19
57deb8423343,2,1.28
57deb8423343,3,3.23
57deb8423343,4,5.28
57deb8423343,5,7.31
57deb8423343,6,8.32
57deb8423343,7,10.18
57deb8423343,8,11.31
57deb8423343,9,13.3
57deb8423343,10,14.34
57deb8423343,11,15.32
57deb8423343,12,15.6
57deb8423343,13,16.36
57deb8423343,14,18.36
57deb8423343,15,18.61
57deb8423343,16,19.38
57deb8423343,17,19.59
57deb8423343,18,20.3
57deb8423343,19,22.06
57deb8423343,20,22.6
57deb8423343,21,25.34
57deb8423343,22,27.29
57deb8423343,23,33.27
57deb8423343,24,37.43
57deb8423343,25,39.36
57deb8423343,26,43.43
57deb8423343,27,45.29
57deb8423343,28,48.36
57deb8423343,29,48.38
57deb8423343,30,49.33
57deb8423343,31,50.36
57deb8423343,32,52.38
57deb8423343,33,54.38
57deb8423343,34,60.33
57deb8423343,35,61.25
57deb8423343,36,62.36
57deb8423343,37,62.38
57deb8423343,38,63.23
57deb8423343,39,65.05
57deb8423343,40,66.01
57deb8423343,41,67.36
57deb8423343,42,70.3
57deb8423343,43,76.35
57deb8423343,44,76.38
57deb8423343,45,77.31
57deb8423343,46,80.32
57deb8423343,47,82.28
57deb8423343,48,84.28
57deb8423343,49,86.2
57deb8423343,50,88.23
493caa49b027,1,0.57
493caa49b027,2,1.57
493caa49b027,3,3.96
493caa49b027,4,4.56
493caa49b027,5,4.98
493caa49b027,6,6.2
493caa49b027,7,7.28
493caa49b027,8,9.57
493caa49b027,9,9.57
493caa49b027,10,11.57
493caa49b027,11,12.57
493caa49b027,12,12.73
493caa49b027,13,13.08
493caa49b027,14,13.97
493caa49b027,15,15.22
493caa49b027,16,17.3
493caa49b027,17,17.57
493caa49b027,18,19.57
493caa49b027,19,22.43
493caa49b027,20,22.57
dcc012f85671,1,0.69
dcc012f85671,2,3.69
dcc012f85671,3,3.9
dcc012f85671,4,4.69
dcc012f85671,5,4.9
dcc012f85671,6,5.69
dcc012f85671,7,9.9
dcc012f85671,8,10.69
dcc012f85671,9,10.9
dcc012f85671,10,11.69
dcc012f85671,11,11.9
dcc012f85671,12,12.69
dcc012f85671,13,12.88
dcc012f85671,14,13.63
dcc012f85671,15,13.65
dcc012f85671,16,13.69
dcc012f85671,17,13.88
dcc012f85671,18,14.69
dcc012f85671,19,14.9
dcc012f85671,20,15.69
dcc012f85671,21,15.88
dcc012f85671,22,16.69
dcc012f85671,23,16.99
dcc012f85671,24,17.69
dcc012f85671,25,18.63
dcc012f85671,26,18.78
dcc012f85671,27,19.39
dcc012f85671,28,19.42
dcc012f85671,29,19.44
dcc012f85671,30,19.69
dcc012f85671,31,20.69
dcc012f85671,32,21.69
dcc012f85671,33,22.69
dcc012f85671,34,23.53
dcc012f85671,35,24.03
dcc012f85671,36,25.44
dcc012f85671,37,26.92
dcc012f85671,38,28.8
dcc012f85671,39,29.47
dcc012f85671,40,30.69
dcc012f85671,41,30.82
dcc012f85671,42,31.47
dcc012f85671,43,32.65
dcc012f85671,44,33.63
dcc012f85671,45,34.45
dcc012f85671,46,36.65
dcc012f85671,47,37.65
dcc012f85671,48,38.65
dcc012f85671,49,39.65
dcc012f85671,50,40.44
ef0cb36a0acb,1,1.02
ef0cb36a0acb,2,1.98
ef0cb36a0acb,3,2.03
ef0cb36a0acb,4,2.98
ef0cb36a0acb,5,4.9
ef0cb36a0acb,6,4.96
ef0cb36a0acb,7,5.02
ef0cb36a0acb,8,5.89
ef0cb36a0acb,9,6.03
ef0cb36a0acb,10,7.03
ef0cb36a0acb,11,7.15
ef0cb36a0acb,12,7.94
ef0cb36a0acb,13,8.96
ef0cb36a0acb,14,9.02
ef0cb36a0acb,15,9.53
ef0cb36a0acb,16,9.69
ef0cb36a0acb,17,9.82
ef0cb36a0acb,18,11.01
ef0cb36a0acb,19,11.87
ef0cb36a0acb,20,11.95
ef0cb36a0acb,21,12.93
ef0cb36a0acb,22,12.98
ef0cb36a0acb,23,13.9
ef0cb36a0acb,24,13.96
ef0cb36a0acb,25,14.02
ef0cb36a0acb,26,14.89
ef0cb36a0acb,27,14.92
ef0cb36a0acb,28,14.97
ef0cb36a0acb,29,16.06
ef0cb36a0acb,30,16.31
ef0cb36a0acb,31,17.0
ef0cb36a0acb,32,19.03
ef0cb36a0acb,33,20.01
8502bb0c7591,1,0.47
8502bb0c7591,2,1.47
8502bb0c7591,3,2.48
8502bb0c7591,4,3.48
8502bb0c7591,5,4.48
8502bb0c7591,6,5.47
8502bb0c7591,7,6.42
8502bb0c7591,8,7.48
8502bb0c7591,9,8.42
8502bb0c7591,10,9.5
8502bb0c7591,11,11.49
8502bb0c7591,12,12.49
8502bb0c7591,13,13.46
8502bb0c7591,14,14.52
8502bb0c7591,15,15.43
8502bb0c7591,16,15.45
8502bb0c7591,17,16.39
8502bb0c7591,18,17.35
8502bb0c7591,19,18.36
8502bb0c7591,20,19.34
8502bb0c7591,21,20.33
8502bb0c7591,22,21.45
8502bb0c7591,23,21.47
8502bb0c7591,24,22.46
8502bb0c7591,25,23.36
8502bb0c7591,26,24.39
8502bb0c7591,27,25.51
8502bb0c7591,28,26.48
8502bb0c7591,29,27.49
8502bb0c7591,30,28.45
8502bb0c7591,31,29.48
8502bb0c7591,32,30.46
8502bb0c7591,33,31.28
8502bb0c7591,34,32.16
8502bb0c7591,35,32.39
8502bb0c7591,36,33.45
8502bb0c7591,37,34.47
8502bb0c7591,38,35.21
8502bb0c7591,39,36.46
8502bb0c7591,40,37.39
8502bb0c7591,41,38.38
8502bb0c7591,42,39.46
8502bb0c7591,43,40.39
8502bb0c7591,44,41.4
8502bb0c7591,45,42.44
8502bb0c7591,46,43.51
8502bb0c7591,47,44.43
8502bb0c7591,48,45.44
8502bb0c7591,49,46.59
8502bb0c7591,50,48.47
b82455e6332a,1,0.65
b82455e6332a,2,0.9
b82455e6332a,3,1.65
b82455e6332a,4,1.9
b82455e6332a,5,2.72
b82455e6332a,6,3.03
b82455e6332a,7,3.65
b82455e6332a,8,3.9
b82455e6332a,9,4.65
b82455e6332a,10,4.9
b82455e6332a,11,5.65
b82455e6332a,12,5.9
b82455e6332a,13,6.65
b82455e6332a,14,6.9
b82455e6332a,15,7.65
b82455e6332a,16,7.9
b82455e6332a,17,8.65
b82455e6332a,18,8.9
b82455e6332a,19,9.82
b82455e6332a,20,10.03
b82455e6332a,21,10.9
b82455e6332a,22,11.65
b82455e6332a,23,11.9
b82455e6332a,24,12.61
b82455e6332a,25,12.9
b82455e6332a,26,13.43
b82455e6332a,27,13.86
b82455e6332a,28,14.07
b82455e6332a,29,14.65
b82455e6332a,30,14.9
b82455e6332a,31,15.65
b82455e6332a,32,15.86
b82455e6332a,33,16.74
b82455e6332a,34,16.88
b82455e6332a,35,17.03
b82455e6332a,36,17.9
b82455e6332a,37,18.03
b82455e6332a,38,18.65
b82455e6332a,39,18.9
b82455e6332a,40,19.11
b82455e6332a,41,19.61
b82455e6332a,42,19.77
b82455e6332a,43,19.93
b82455e6332a,44,20.65
b82455e6332a,45,20.86
b82455e6332a,46,21.65
b82455e6332a,47,21.86
b82455e6332a,48,22.86
b82455e6332a,49,23.57
b82455e6332a,50,23.95
9b7cf8f4bb10,1,1.29
9b7cf8f4bb10,2,2.28
9b7cf8f4bb10,3,3.31
9b7cf8f4bb10,4,4.29
9b7cf8f4bb10,5,5.3
9b7cf8f4bb10,6,9.3
9b7cf8f4bb10,7,10.31
9b7cf8f4bb10,8,12.71
9b7cf8f4bb10,9,20.15
9b7cf8f4bb10,10,22.31
9b7cf8f4bb10,11,24.31
9b7cf8f4bb10,12,25.06
9b7cf8f4bb10,13,25.22
9b7cf8f4bb10,14,26.28
9b7cf8f4bb10,15,35.31
9b7cf8f4bb10,16,39.66
9b7cf8f4bb10,17,49.17
9b7cf8f4bb10,18,70.56
9b7cf8f4bb10,19,72.41
9b7cf8f4bb10,20,85.31
9b7cf8f4bb10,21,93.55
9b7cf8f4bb10,22,131.65
9b7cf8f4bb10,23,131.65
9b7cf8f4bb10,24,149.44
9b7cf8f4bb10,25,150.66
9b7cf8f4bb10,26,161.52
9b7cf8f4bb10,27,164.51
9b7cf8f4bb10,28,169.68
9b7cf8f4bb10,29,170.26
9b7cf8f4bb10,30,170.59
9b7cf8f4bb10,31,247.41
9b7cf8f4bb10,32,252.53
9b7cf8f4bb10,33,260.98
9b7cf8f4bb10,34,264.27
9b7cf8f4bb10,35,271.49
9b7cf8f4bb10,36,273.29
9b7cf8f4bb10,37,275.29
9b7cf8f4bb10,38,275.52
9b7cf8f4bb10,39,277.23
9b7cf8f4bb10,40,289.65
9b7cf8f4bb10,41,297.45
9b7cf8f4bb10,42,304.59
9b7cf8f4bb10,43,305.67
9b7cf8f4bb10,44,361.63
9b7cf8f4bb10,45,367.62
9b7cf8f4bb10,46,394.22
9b7cf8f4bb10,47,395.7
9b7cf8f4bb10,48,411.34
9b7cf8f4bb10,49,437.57
9b7cf8f4bb10,50,438.58
dae47db9486c,1,1.09
dae47db9486c,2,2.01
dae47db9486c,3,2.21
dae47db9486c,4,3.07
dae47db9486c,5,3.39
dae47db9486c,6,5.01
dae47db9486c,7,6.23
dae47db9486c,8,6.25
dae47db9486c,9,7.12
dae47db9486c,10,7.32
dae47db9486c,11,7.99
dae47db9486c,12,8.29
dae47db9486c,13,8.38
dae47db9486c,14,9.25
dae47db9486c,15,10.04
dae47db9486c,16,10.28
dae47db9486c,17,11.12
dae47db9486c,18,12.11
dae47db9486c,19,12.25
dae47db9486c,20,13.08
dae47db9486c,21,15.03
dae47db9486c,22,15.21
dae47db9486c,23,15.29
dae47db9486c,24,15.33
dae47db9486c,25,17.07
dae47db9486c,26,17.31
dae47db9486c,27,17.44
dae47db9486c,28,18.1
dae47db9486c,29,19.07
dae47db9486c,30,20.1
dae47db9486c,31,20.24
dae47db9486c,32,21.0
dae47db9486c,33,21.08
dae47db9486c,34,21.91
dae47db9486c,35,23.1
dae47db9486c,36,24.0
dae47db9486c,37,24.11
dae47db9486c,38,24.23
dae47db9486c,39,25.11
dae47db9486c,40,26.08
dae47db9486c,41,26.1
dae47db9486c,42,27.09
dae47db9486c,43,27.1
dae47db9486c,44,28.02
dae47db9486c,45,29.02
dae47db9486c,46,31.14
dae47db9486c,47,32.11
dae47db9486c,48,33.02
dae47db9486c,49,33.36
dae47db9486c,50,33.96
85ba5018d08b,1,0.07
85ba5018d08b,2,0.19
85ba5018d08b,3,0.36
85ba5018d08b,4,1.07
85ba5018d08b,5,1.19
85ba5018d08b,6,1.36
85ba5018d08b,7,2.07
85ba5018d08b,8,2.19
85ba5018d08b,9,2.36
85ba5018d08b,10,3.07
85ba5018d08b,11,3.19
85ba5018d08b,12,3.36
85ba5018d08b,13,4.07
85ba5018d08b,14,4.19
85ba5018d08b,15,4.36
85ba5018d08b,16,5.07
85ba5018d08b,17,5.19
85ba5018d08b,18,5.36
85ba5018d08b,19,6.07
85ba5018d08b,20,6.19
85ba5018d08b,21,6.36
85ba5018d08b,22,7.07
85ba5018d08b,23,7.19
85ba5018d08b,24,7.36
85ba5018d08b,25,8.07
85ba5018d08b,26,8.19
85ba5018d08b,27,8.36
85ba5018d08b,28,9.07
85ba5018d08b,29,9.19
85ba5018d08b,30,9.36
85ba5018d08b,31,10.07
85ba5018d08b,32,10.19
85ba5018d08b,33,10.36
85ba5018d08b,34,11.07
85ba5018d08b,35,11.19
85ba5018d08b,36,11.36
85ba5018d08b,37,12.07
85ba5018d08b,38,12.19
85ba5018d08b,39,12.36
85ba5018d08b,40,13.07
85ba5018d08b,41,13.36
85ba5018d08b,42,13.36
85ba5018d08b,43,14.07
85ba5018d08b,44,14.19
85ba5018d08b,45,14.36
85ba5018d08b,46,15.07
85ba5018d08b,47,15.19
85ba5018d08b,48,15.36
85ba5018d08b,49,16.07
85ba5018d08b,50,16.19
139d42ee8aa8,1,0.46
139d42ee8aa8,2,1.08
139d42ee8aa8,3,2.13
139d42ee8aa8,4,3.45
139d42ee8aa8,5,4.07
139d42ee8aa8,6,5.08
139d42ee8aa8,7,6.11
139d42ee8aa8,8,7.24
139d42ee8aa8,9,8.29
139d42ee8aa8,10,9.28
139d42ee8aa8,11,10.27
139d42ee8aa8,12,11.28
139d42ee8aa8,13,12.16
139d42ee8aa8,14,26.32
139d42ee8aa8,15,27.59
139d42ee8aa8,16,28.08
139d42ee8aa8,17,29.16
139d42ee8aa8,18,43.15
139d42ee8aa8,19,44.08
139d42ee8aa8,20,77.25
139d42ee8aa8,21,82.15
139d42ee8aa8,22,87.66
139d42ee8aa8,23,107.34
139d42ee8aa8,24,109.54
139d42ee8aa8,25,114.48
139d42ee8aa8,26,116.5
139d42ee8aa8,27,118.16
139d42ee8aa8,28,119.26
139d42ee8aa8,29,121.29
139d42ee8aa8,30,122.66
139d42ee8aa8,31,123.28
139d42ee8aa8,32,124.61
139d42ee8aa8,33,126.21
139d42ee8aa8,34,127.15
139d42ee8aa8,35,128.27
139d42ee8aa8,36,129.49
139d42ee8aa8,37,131.04
139d42ee8aa8,38,132.23
139d42ee8aa8,39,135.12
139d42ee8aa8,40,136.2
139d42ee8aa8,41,137.34
139d42ee8aa8,42,139.15
139d42ee8aa8,43,141.35
139d42ee8aa8,44,142.61
139d42ee8aa8,45,143.59
139d42ee8aa8,46,144.42
139d42ee8aa8,47,145.19
139d42ee8aa8,48,146.22
139d42ee8aa8,49,147.18
139d42ee8aa8,50,148.1
b259d27fc7d0,1,0.99
b259d27fc7d0,2,1.19
b259d27fc7d0,3,3.06
b259d27fc7d0,4,6.11
b259d27fc7d0,5,7.05
b259d27fc7d0,6,10.05
b259d27fc7d0,7,12.11
b259d27fc7d0,8,12.36
b259d27fc7d0,9,26.09
b259d27fc7d0,10,28.36
b259d27fc7d0,11,34.1
b259d27fc7d0,12,42.13
b259d27fc7d0,13,52.13
b259d27fc7d0,14,70.01
b259d27fc7d0,15,80.01
b259d27fc7d0,16,81.39
b259d27fc7d0,17,82.08
b259d27fc7d0,18,88.06
b259d27fc7d0,19,119.03
b259d27fc7d0,20,120.11
b259d27fc7d0,21,122.08
b259d27fc7d0,22,128.05
b259d27fc7d0,23,129.99
b259d27fc7d0,24,131.1
b259d27fc7d0,25,132.06
b259d27fc7d0,26,133.01
b259d27fc7d0,27,138.08
b259d27fc7d0,28,138.33
b259d27fc7d0,29,139.07
b259d27fc7d0,30,140.08
b259d27fc7d0,31,140.12
b259d27fc7d0,32,140.34
b259d27fc7d0,33,141.16
b259d27fc7d0,34,141.32
b259d27fc7d0,35,142.1
b259d27fc7d0,36,143.06
b259d27fc7d0,37,143.35
b259d27fc7d0,38,145.06
b259d27fc7d0,39,145.09
b259d27fc7d0,40,146.08
b259d27fc7d0,41,146.12
b259d27fc7d0,42,148.09
b259d27fc7d0,43,149.09
b259d27fc7d0,44,150.1
b259d27fc7d0,45,150.32
b259d27fc7d0,46,151.11
b259d27fc7d0,47,151.14
b259d27fc7d0,48,151.34
b259d27fc7d0,49,152.08
b259d27fc7d0,50,152.98
464cd53dc46f,1,0.92
464cd53dc46f,2,1.92
464cd53dc46f,3,2.92
464cd53dc46f,4,3.92
464cd53dc46f,5,4.71
464cd53dc46f,6,5.93
464cd53dc46f,7,6.92
464cd53dc46f,8,7.93
464cd53dc46f,9,8.88
464cd53dc46f,10,9.9
464cd53dc46f,11,10.84
464cd53dc46f,12,11.91
464cd53dc46f,13,12.87
464cd53dc46f,14,13.73
464cd53dc46f,15,14.91
464cd53dc46f,16,15.51
464cd53dc46f,17,15.86
464cd53dc46f,18,16.51
464cd53dc46f,19,16.88
464cd53dc46f,20,17.59
464cd53dc46f,21,18.68
464cd53dc46f,22,18.92
464cd53dc46f,23,19.59
464cd53dc46f,24,19.92
464cd53dc46f,25,20.59
464cd53dc46f,26,20.92
464cd53dc46f,27,21.59
464cd53dc46f,28,21.88
464cd53dc46f,29,22.84
464cd53dc46f,30,22.86
464cd53dc46f,31,23.93
464cd53dc46f,32,24.93
464cd53dc46f,33,25.86
464cd53dc46f,34,26.57
464cd53dc46f,35,26.85
464cd53dc46f,36,27.58
464cd53dc46f,37,27.85
464cd53dc46f,38,29.72
464cd53dc46f,39,30.93
464cd53dc46f,40,31.93
464cd53dc46f,41,32.94
464cd53dc46f,42,33.85
464cd53dc46f,43,34.58
464cd53dc46f,44,34.84
464cd53dc46f,45,35.47
464cd53dc46f,46,35.7
464cd53dc46f,47,36.68
464cd53dc46f,48,37.59
464cd53dc46f,49,37.91
464cd53dc46f,50,38.92
60645e32ed23,1,0.1
60645e32ed23,2,0.84
60645e32ed23,3,0.94
60645e32ed23,4,1.07
60645e32ed23,5,2.07
60645e32ed23,6,2.28
60645e32ed23,7,2.84
60645e32ed23,8,3.15
60645e32ed23,9,3.99
60645e32ed23,10,4.36
60645e32ed23,11,4.85
60645e32ed23,12,4.94
60645e32ed23,13,5.36
60645e32ed23,14,5.86
60645e32ed23,15,5.99
60645e32ed23,16,6.19
60645e32ed23,17,7.34
60645e32ed23,18,7.86
60645e32ed23,19,7.94
60645e32ed23,20,9.04
60645e32ed23,21,10.07
60645e32ed23,22,11.36
60645e32ed23,23,12.23
60645e32ed23,24,12.36
60645e32ed23,25,12.83
60645e32ed23,26,12.94
60645e32ed23,27,13.23
60645e32ed23,28,13.36
60645e32ed23,29,13.94
60645e32ed23,30,14.02
60645e32ed23,31,14.36
60645e32ed23,32,14.86
60645e32ed23,33,14.94
60645e32ed23,34,16.24
60645e32ed23,35,17.21
60645e32ed23,36,17.93
60645e32ed23,37,18.07
60645e32ed23,38,18.4
60645e32ed23,39,18.91
60645e32ed23,40,18.94
60645e32ed23,41,19.11
60645e32ed23,42,19.36
60645e32ed23,43,19.84
60645e32ed23,44,19.94
60645e32ed23,45,20.23
60645e32ed23,46,20.36
60645e32ed23,47,20.86
60645e32ed23,48,20.94
60645e32ed23,49,21.23
60645e32ed23,50,21.36
5e28a31c5420,1,2.09
5e28a31c5420,2,3.1
5e28a31c5420,3,6.1
5e28a31c5420,4,8.1
5e28a31c5420,5,9.3
5e28a31c5420,6,12.31
5e28a31c5420,7,14.29
5e28a31c5420,8,17.3
5e28a31c5420,9,20.1
5e28a31c5420,10,22.09
5e28a31c5420,11,23.11
5e28a31c5420,12,26.11
5e28a31c5420,13,28.1
5e28a31c5420,14,29.12
5e28a31c5420,15,31.1
5e28a31c5420,16,33.09
5e28a31c5420,17,34.08
5e28a31c5420,18,36.11
5e28a31c5420,19,37.1
5e28a31c5420,20,40.11
5e28a31c5420,21,41.1
5e28a31c5420,22,43.1
5e28a31c5420,23,46.1
5e28a31c5420,24,48.11
5e28a31c5420,25,50.1
5e28a31c5420,26,51.1
5e28a31c5420,27,53.08
5e28a31c5420,28,55.1
5e28a31c5420,29,57.1
5e28a31c5420,30,58.1
5e28a31c5420,31,59.11
5e28a31c5420,32,61.1
5e28a31c5420,33,64.1
5e28a31c5420,34,67.09
5e28a31c5420,35,69.08
5e28a31c5420,36,71.1
5e28a31c5420,37,73.1
5e28a31c5420,38,75.12
5e28a31c5420,39,76.1
5e28a31c5420,40,78.1
5e28a31c5420,41,79.06
5e28a31c5420,42,82.09
5e28a31c5420,43,83.1
5e28a31c5420,44,85.09
5e28a31c5420,45,88.09
5e28a31c5420,46,89.1
5e28a31c5420,47,90.1
5e28a31c5420,48,92.1
5e28a31c5420,49,95.09
5e28a31c5420,50,96.1
619739817079,1,5.07
619739817079,2,6.29
619739817079,3,14.21
619739817079,4,15.35
619739817079,5,16.42
619739817079,6,21.14
619739817079,7,23.56
619739817079,8,26.28
619739817079,9,29.13
619739817079,10,31.32
619739817079,11,38.3
619739817079,12,102.56
619739817079,13,104.37
619739817079,14,106.29
619739817079,15,107.57
619739817079,16,108.3
619739817079,17,110.21
619739817079,18,111.17
619739817079,19,112.18
619739817079,20,112.42
619739817079,21,113.57
619739817079,22,115.6
619739817079,23,116.34
619739817079,24,117.31
619739817079,25,118.37
619739817079,26,119.22
619739817079,27,120.33
619739817079,28,121.32
619739817079,29,122.6
619739817079,30,123.25
619739817079,31,124.36
619739817079,32,125.24
619739817079,33,126.31
619739817079,34,127.17
619739817079,35,139.36
619739817079,36,140.37
619739817079,37,173.2
619739817079,38,175.36
619739817079,39,181.21
619739817079,40,182.33
619739817079,41,187.32
619739817079,42,191.46
619739817079,43,205.18
619739817079,44,215.17
619739817079,45,216.19
619739817079,46,217.23
619739817079,47,218.2
619739817079,48,223.32
619739817079,49,224.25
619739817079,50,227.28
1a29f109ef6e,1,0.19
1a29f109ef6e,2,0.27
1a29f109ef6e,3,2.28
1a29f109ef6e,4,4.19
1a29f109ef6e,5,4.27
1a29f109ef6e,6,5.27
1a29f109ef6e,7,5.27
1a29f109ef6e,8,6.28
1a29f109ef6e,9,7.73
1a29f109ef6e,10,8.28
1a29f109ef6e,11,9.28
1a29f109ef6e,12,11.24
1a29f109ef6e,13,12.77
1a29f109ef6e,14,13.27
1a29f109ef6e,15,14.27
1a29f109ef6e,16,15.29
1a29f109ef6e,17,16.28
1a29f109ef6e,18,22.27
1a29f109ef6e,19,23.28
1a29f109ef6e,20,24.19
1a29f109ef6e,21,24.27
1a29f109ef6e,22,25.18
1a29f109ef6e,23,25.27
1a29f109ef6e,24,26.27
1a29f109ef6e,25,28.27
1a29f109ef6e,26,29.27
1a29f109ef6e,27,30.28
1a29f109ef6e,28,31.2
1a29f109ef6e,29,31.29
1a29f109ef6e,30,31.73
1a29f109ef6e,31,32.73
1a29f109ef6e,32,33.27
1a29f109ef6e,33,33.56
1a29f109ef6e,34,34.27
1a29f109ef6e,35,35.27
1a29f109ef6e,36,35.28
1a29f109ef6e,37,36.28
1a29f109ef6e,38,36.72
1a29f109ef6e,39,37.28
1a29f109ef6e,40,38.27
1a29f109ef6e,41,39.79
1a29f109ef6e,42,40.35
1a29f109ef6e,43,40.73
1a29f109ef6e,44,42.25
1a29f109ef6e,45,42.31
1a29f109ef6e,46,42.56
1a29f109ef6e,47,43.6
1a29f109ef6e,48,44.28
1a29f109ef6e,49,45.69
1a29f109ef6e,50,47.3
b430be9b64c5,1,0.24
b430be9b64c5,2,0.32
b430be9b64c5,3,0.53
b430be9b64c5,4,0.65
b430be9b64c5,5,0.78
b430be9b64c5,6,1.23
b430be9b64c5,7,1.32
b430be9b64c5,8,1.4
b430be9b64c5,9,1.53
b430be9b64c5,10,1.65
b430be9b64c5,11,1.78
b430be9b64c5,12,2.24
b430be9b64c5,13,2.32
b430be9b64c5,14,2.4
b430be9b64c5,15,2.53
b430be9b64c5,16,2.65
b430be9b64c5,17,2.78
b430be9b64c5,18,3.23
b430be9b64c5,19,3.32
b430be9b64c5,20,3.4
b430be9b64c5,21,3.53
b430be9b64c5,22,3.65
b430be9b64c5,23,3.78
b430be9b64c5,24,4.53
b430be9b64c5,25,4.65
b430be9b64c5,26,4.78
b430be9b64c5,27,5.53
b430be9b64c5,28,5.65
b430be9b64c5,29,5.78
b430be9b64c5,30,6.53
b430be9b64c5,31,6.65
b430be9b64c5,32,6.78
b430be9b64c5,33,7.53
b430be9b64c5,34,7.65
b430be9b64c5,35,7.78
b430be9b64c5,36,8.53
b430be9b64c5,37,8.65
b430be9b64c5,38,9.53
b430be9b64c5,39,9.65
b430be9b64c5,40,9.78
b430be9b64c5,41,10.53
b430be9b64c5,42,10.65
b430be9b64c5,43,11.53
b430be9b64c5,44,11.65
b430be9b64c5,45,11.78
b430be9b64c5,46,12.53
b430be9b64c5,47,12.65
b430be9b64c5,48,12.78
b430be9b64c5,49,13.53
b430be9b64c5,50,13.65
11687dc9d6f4,1,2.33
11687dc9d6f4,2,3.32
11687dc9d6f4,3,4.26
11687dc9d6f4,4,5.29
11687dc9d6f4,5,6.34
11687dc9d6f4,6,7.26
11687dc9d6f4,7,8.57
11687dc9d6f4,8,10.44
11687dc9d6f4,9,11.55
11687dc9d6f4,10,12.1
11687dc9d6f4,11,13.36
11687dc9d6f4,12,15.13
11687dc9d6f4,13,16.68
11687dc9d6f4,14,17.67
11687dc9d6f4,15,18.33
11687dc9d6f4,16,19.6
11687dc9d6f4,17,20.31
11687dc9d6f4,18,20.58
11687dc9d6f4,19,22.17
11687dc9d6f4,20,22.51
11687dc9d6f4,21,23.41
11687dc9d6f4,22,24.26
11687dc9d6f4,23,24.63
11687dc9d6f4,24,25.31
11687dc9d6f4,25,27.19
11687dc9d6f4,26,27.65
11687dc9d6f4,27,29.56
11687dc9d6f4,28,30.26
11687dc9d6f4,29,35.19
11687dc9d6f4,30,38.18
11687dc9d6f4,31,42.35
11687dc9d6f4,32,43.18
11687dc9d6f4,33,44.2
11687dc9d6f4,34,45.27
11687dc9d6f4,35,46.14
11687dc9d6f4,36,48.6
11687dc9d6f4,37,49.6
11687dc9d6f4,38,51.42
11687dc9d6f4,39,52.43
11687dc9d6f4,40,53.56
11687dc9d6f4,41,55.55
11687dc9d6f4,42,56.38
11687dc9d6f4,43,57.64
11687dc9d6f4,44,58.54
11687dc9d6f4,45,59.36
11687dc9d6f4,46,88.23
11687dc9d6f4,47,89.46
11687dc9d6f4,48,118.3
11687dc9d6f4,49,119.32
11687dc9d6f4,50,120.37
29e631a10493,1,2.45
29e631a10493,2,4.06
29e631a10493,3,4.12
29e631a10493,4,4.14
29e631a10493,5,5.48
29e631a10493,6,6.41
29e631a10493,7,10.06
29e631a10493,8,10.1
29e631a10493,9,11.11
29e631a10493,10,11.27
29e631a10493,11,12.46
29e631a10493,12,15.36
29e631a10493,13,16.85
29e631a10493,14,20.08
29e631a10493,15,21.48
29e631a10493,16,23.07
29e631a10493,17,23.23
29e631a10493,18,23.25
29e631a10493,19,23.41
29e631a10493,20,25.27
29e631a10493,21,25.47
29e631a10493,22,27.1
29e631a10493,23,27.11
29e631a10493,24,28.33
29e631a10493,25,28.47
29e631a10493,26,29.45
29e631a10493,27,33.07
29e631a10493,28,33.09
29e631a10493,29,33.66
29e631a10493,30,34.12
29e631a10493,31,36.33
29e631a10493,32,37.07
29e631a10493,33,37.13
29e631a10493,34,37.14
29e631a10493,35,39.27
29e631a10493,36,39.61
29e631a10493,37,41.15
29e631a10493,38,41.18
29e631a10493,39,41.22
29e631a10493,40,42.29
29e631a10493,41,42.49
29e631a10493,42,43.62
29e631a10493,43,44.19
29e631a10493,44,46.62
29e631a10493,45,47.2
29e631a10493,46,47.65
29e631a10493,47,48.23
29e631a10493,48,50.32
29e631a10493,49,50.41
29e631a10493,50,50.42
245582f904c7,1,0.15
245582f904c7,2,0.4
245582f904c7,3,0.53
245582f904c7,4,1.19
245582f904c7,5,3.32
245582f904c7,6,5.15
245582f904c7,7,5.28
245582f904c7,8,5.4
245582f904c7,9,5.43
245582f904c7,10,6.1
245582f904c7,11,6.36
245582f904c7,12,7.4
245582f904c7,13,7.4
245582f904c7,14,8.19
245582f904c7,15,10.32
245582f904c7,16,11.32
245582f904c7,17,12.28
245582f904c7,18,12.4
245582f904c7,19,13.36
245582f904c7,20,13.49
245582f904c7,21,14.23
245582f904c7,22,14.38
245582f904c7,23,14.46
245582f904c7,24,15.19
245582f904c7,25,16.28
245582f904c7,26,18.32
245582f904c7,27,18.53
245582f904c7,28,19.4
245582f904c7,29,20.32
245582f904c7,30,21.19
245582f904c7,31,21.4
245582f904c7,32,22.19
245582f904c7,33,23.36
245582f904c7,34,24.4
245582f904c7,35,25.32
245582f904c7,36,26.19
245582f904c7,37,26.4
245582f904c7,38,26.49
245582f904c7,39,27.15
245582f904c7,40,27.4
245582f904c7,41,28.48
245582f904c7,42,32.19
245582f904c7,43,33.11
245582f904c7,44,33.4
245582f904c7,45,34.11
245582f904c7,46,35.4
245582f904c7,47,36.19
245582f904c7,48,38.32
245582f904c7,49,39.32
245582f904c7,50,40.28
22ae93feae3f,1,0.21
22ae93feae3f,2,0.26
22ae93feae3f,3,0.3
22ae93feae3f,4,1.26
22ae93feae3f,5,1.3
22ae93feae3f,6,3.21
22ae93feae3f,7,3.26
22ae93feae3f,8,3.3
22ae93feae3f,9,4.21
22ae93feae3f,10,4.26
22ae93feae3f,11,4.3
22ae93feae3f,12,6.26
22ae93feae3f,13,6.3
22ae93feae3f,14,7.21
22ae93feae3f,15,7.26
22ae93feae3f,16,7.3
22ae93feae3f,17,8.2
22ae93feae3f,18,8.26
22ae93feae3f,19,8.3
22ae93feae3f,20,9.21
22ae93feae3f,21,9.26
22ae93feae3f,22,9.3
22ae93feae3f,23,11.26
22ae93feae3f,24,11.3
22ae93feae3f,25,12.21
22ae93feae3f,26,12.26
22ae93feae3f,27,12.3
22ae93feae3f,28,13.21
22ae93feae3f,29,13.26
22ae93feae3f,30,13.3
22ae93feae3f,31,14.26
22ae93feae3f,32,14.3
22ae93feae3f,33,15.26
22ae93feae3f,34,15.3
22ae93feae3f,35,16.21
22ae93feae3f,36,16.26
22ae93feae3f,37,16.3
22ae93feae3f,38,18.21
22ae93feae3f,39,18.26
22ae93feae3f,40,18.3
22ae93feae3f,41,19.26
22ae93feae3f,42,19.3
22ae93feae3f,43,20.21
22ae93feae3f,44,20.26
22ae93feae3f,45,20.3
22ae93feae3f,46,20.34
22ae93feae3f,47,21.21
22ae93feae3f,48,21.26
22ae93feae3f,49,21.3
22ae93feae3f,50,22.21
4c2b310e52ba,1,0.42
4c2b310e52ba,2,1.4
4c2b310e52ba,3,2.42
4c2b310e52ba,4,3.52
4c2b310e52ba,5,4.42
4c2b310e52ba,6,5.41
4c2b310e52ba,7,6.43
4c2b310e52ba,8,7.47
4c2b310e52ba,9,8.4
4c2b310e52ba,10,9.4
4c2b310e52ba,11,10.42
4c2b310e52ba,12,11.41
4c2b310e52ba,13,12.4
4c2b310e52ba,14,13.42
4c2b310e52ba,15,14.42
4c2b310e52ba,16,15.44
4c2b310e52ba,17,16.44
4c2b310e52ba,18,17.42
4c2b310e52ba,19,18.41
4c2b310e52ba,20,19.41
4c2b310e52ba,21,20.41
4c2b310e52ba,22,21.4
4c2b310e52ba,23,22.41
4c2b310e52ba,24,23.39
4c2b310e52ba,25,24.45
4c2b310e52ba,26,25.41
4c2b310e52ba,27,26.46
4c2b310e52ba,28,27.36
4c2b310e52ba,29,28.43
4c2b310e52ba,30,29.41
4c2b310e52ba,31,30.42
4c2b310e52ba,32,31.4
4c2b310e52ba,33,32.44
4c2b310e52ba,34,33.45
4c2b310e52ba,35,34.59
4c2b310e52ba,36,35.4
4c2b310e52ba,37,36.4
4c2b310e52ba,38,37.38
4c2b310e52ba,39,38.39
4c2b310e52ba,40,39.39
4c2b310e52ba,41,40.38
4c2b310e52ba,42,41.39
4c2b310e52ba,43,42.37
4c2b310e52ba,44,43.39
4c2b310e52ba,45,44.39
4c2b310e52ba,46,45.4
4c2b310e52ba,47,47.41
4c2b310e52ba,48,48.42
4c2b310e52ba,49,55.42
4c2b310e52ba,50,168.54
fd3ab6ce902a,1,0.34
fd3ab6ce902a,2,0.7
fd3ab6ce902a,3,1.61
fd3ab6ce902a,4,1.83
fd3ab6ce902a,5,2.34
fd3ab6ce902a,6,2.54
fd3ab6ce902a,7,2.68
fd3ab6ce902a,8,3.46
fd3ab6ce902a,9,3.71
fd3ab6ce902a,10,4.3
fd3ab6ce902a,11,4.5
fd3ab6ce902a,12,4.73
fd3ab6ce902a,13,5.33
fd3ab6ce902a,14,5.67
fd3ab6ce902a,15,5.79
fd3ab6ce902a,16,6.35
fd3ab6ce902a,17,6.6
fd3ab6ce902a,18,6.7
fd3ab6ce902a,19,7.4
fd3ab6ce902a,20,7.64
fd3ab6ce902a,21,8.43
fd3ab6ce902a,22,8.63
fd3ab6ce902a,23,9.39
fd3ab6ce902a,24,9.65
fd3ab6ce902a,25,9.83
fd3ab6ce902a,26,10.58
fd3ab6ce902a,27,10.79
fd3ab6ce902a,28,11.47
fd3ab6ce902a,29,11.69
fd3ab6ce902a,30,11.8
fd3ab6ce902a,31,12.45
fd3ab6ce902a,32,12.64
fd3ab6ce902a,33,13.36
fd3ab6ce902a,34,13.72
fd3ab6ce902a,35,14.33
fd3ab6ce902a,36,14.46
fd3ab6ce902a,37,14.74
fd3ab6ce902a,38,15.34
fd3ab6ce902a,39,15.68
fd3ab6ce902a,40,15.86
fd3ab6ce902a,41,16.5
fd3ab6ce902a,42,16.76
fd3ab6ce902a,43,16.88
fd3ab6ce902a,44,17.56
fd3ab6ce902a,45,17.79
fd3ab6ce902a,46,18.38
fd3ab6ce902a,47,18.76
fd3ab6ce902a,48,19.49
fd3ab6ce902a,49,19.79
fd3ab6ce902a,50,20.48
5bdf39d92c04,1,0.07
5bdf39d92c04,2,0.67
5bdf39d92c04,3,1.07
5bdf39d92c04,4,1.69
5bdf39d92c04,5,2.07
5bdf39d92c04,6,2.69
5bdf39d92c04,7,3.07
5bdf39d92c04,8,3.69
5bdf39d92c04,9,4.07
5bdf39d92c04,10,4.69
5bdf39d92c04,11,5.07
5bdf39d92c04,12,5.69
5bdf39d92c04,13,6.07
5bdf39d92c04,14,6.69
5bdf39d92c04,15,7.07
5bdf39d92c04,16,7.69
5bdf39d92c04,17,8.07
5bdf39d92c04,18,8.69
5bdf39d92c04,19,9.07
5bdf39d92c04,20,9.69
5bdf39d92c04,21,10.07
5bdf39d92c04,22,10.69
5bdf39d92c04,23,11.07
5bdf39d92c04,24,11.69
5bdf39d92c04,25,12.07
5bdf39d92c04,26,12.69
5bdf39d92c04,27,13.07
5bdf39d92c04,28,13.69
5bdf39d92c04,29,14.07
5bdf39d92c04,30,14.69
5bdf39d92c04,31,15.07
5bdf39d92c04,32,15.69
5bdf39d92c04,33,16.07
5bdf39d92c04,34,16.69
5bdf39d92c04,35,17.07
5bdf39d92c04,36,17.69
5bdf39d92c04,37,25.07
5bdf39d92c04,38,25.69
5bdf39d92c04,39,26.07
5bdf39d92c04,40,26.69
5bdf39d92c04,41,27.07
5bdf39d92c04,42,27.69
5bdf39d92c04,43,28.07
5bdf39d92c04,44,28.69
5bdf39d92c04,45,29.07
5bdf39d92c04,46,29.69
5bdf39d92c04,47,30.07
5bdf39d92c04,48,30.69
5bdf39d92c04,49,31.07
5bdf39d92c04,50,31.69
79fd23252967,1,0.19
79fd23252967,2,0.25
79fd23252967,3,0.36
79fd23252967,4,0.48
79fd23252967,5,1.21
79fd23252967,6,1.3
79fd23252967,7,1.48
79fd23252967,8,2.22
79fd23252967,9,2.28
79fd23252967,10,2.31
79fd23252967,11,2.35
79fd23252967,12,2.46
79fd23252967,13,2.51
79fd23252967,14,3.19
79fd23252967,15,3.22
79fd23252967,16,3.34
79fd23252967,17,3.48
79fd23252967,18,4.26
79fd23252967,19,4.32
79fd23252967,20,4.37
79fd23252967,21,4.45
79fd23252967,22,5.28
79fd23252967,23,5.37
79fd23252967,24,5.39
79fd23252967,25,5.5
79fd23252967,26,6.22
79fd23252967,27,6.37
79fd23252967,28,6.52
79fd23252967,29,7.2
79fd23252967,30,7.32
79fd23252967,31,7.37
79fd23252967,32,7.47
79fd23252967,33,7.73
79fd23252967,34,8.12
79fd23252967,35,8.17
79fd23252967,36,8.46
79fd23252967,37,8.52
79fd23252967,38,9.11
79fd23252967,39,9.24
79fd23252967,40,9.28
79fd23252967,41,9.33
79fd23252967,42,9.35
79fd23252967,43,9.43
79fd23252967,44,9.47
79fd23252967,45,10.15
79fd23252967,46,10.33
79fd23252967,47,10.39
79fd23252967,48,10.5
79fd23252967,49,11.25
79fd23252967,50,11.34
cc0b34ea554a,1,1.03
cc0b34ea554a,2,3.02
cc0b34ea554a,3,4.11
cc0b34ea554a,4,6.03
cc0b34ea554a,5,8.1
cc0b34ea554a,6,9.04
cc0b34ea554a,7,10.11
cc0b34ea554a,8,12.02
cc0b34ea554a,9,12.15
cc0b34ea554a,10,14.09
cc0b34ea554a,11,16.03
cc0b34ea554a,12,18.09
cc0b34ea554a,13,19.03
cc0b34ea554a,14,20.09
cc0b34ea554a,15,22.04
cc0b34ea554a,16,22.13
cc0b34ea554a,17,25.16
cc0b34ea554a,18,26.13
cc0b34ea554a,19,28.09
cc0b34ea554a,20,29.06
cc0b34ea554a,21,30.01
cc0b34ea554a,22,33.07
cc0b34ea554a,23,35.11
cc0b34ea554a,24,36.02
cc0b34ea554a,25,37.02
cc0b34ea554a,26,39.12
cc0b34ea554a,27,40.02
cc0b34ea554a,28,43.12
cc0b34ea554a,29,44.01
cc0b34ea554a,30,45.09
cc0b34ea554a,31,47.18
cc0b34ea554a,32,48.03
cc0b34ea554a,33,50.02
cc0b34ea554a,34,51.13
cc0b34ea554a,35,53.09
cc0b34ea554a,36,54.0
cc0b34ea554a,37,54.11
cc0b34ea554a,38,55.07
cc0b34ea554a,39,56.03
cc0b34ea554a,40,56.14
cc0b34ea554a,41,58.08
cc0b34ea554a,42,59.1
cc0b34ea554a,43,59.97
cc0b34ea554a,44,62.09
cc0b34ea554a,45,63.98
cc0b34ea554a,46,66.09
cc0b34ea554a,47,67.16
cc0b34ea554a,48,69.0
cc0b34ea554a,49,71.17
cc0b34ea554a,50,73.11
cb677572e4f8,1,0.24
cb677572e4f8,2,0.25
cb677572e4f8,3,0.28
cb677572e4f8,4,0.29
cb677572e4f8,5,0.33
cb677572e4f8,6,0.35
cb677572e4f8,7,0.36
cb677572e4f8,8,0.41
cb677572e4f8,9,0.51
cb677572e4f8,10,1.07
cb677572e4f8,11,1.11
cb677572e4f8,12,1.15
cb677572e4f8,13,1.19
cb677572e4f8,14,1.24
cb677572e4f8,15,1.28
cb677572e4f8,16,1.32
cb677572e4f8,17,1.36
cb677572e4f8,18,1.36
cb677572e4f8,19,1.4
cb677572e4f8,20,1.44
cb677572e4f8,21,1.49
cb677572e4f8,22,1.53
cb677572e4f8,23,1.57
cb677572e4f8,24,1.59
cb677572e4f8,25,1.61
cb677572e4f8,26,1.65
cb677572e4f8,27,1.69
cb677572e4f8,28,1.74
cb677572e4f8,29,1.78
cb677572e4f8,30,1.82
cb677572e4f8,31,2.06
cb677572e4f8,32,2.26
cb677572e4f8,33,2.54
cb677572e4f8,34,2.57
cb677572e4f8,35,2.63
cb677572e4f8,36,2.71
cb677572e4f8,37,2.72
cb677572e4f8,38,3.17
cb677572e4f8,39,3.19
cb677572e4f8,40,3.4
cb677572e4f8,41,4.27
cb677572e4f8,42,4.33
cb677572e4f8,43,4.48
cb677572e4f8,44,4.72
cb677572e4f8,45,4.73
cb677572e4f8,46,5.16
cb677572e4f8,47,5.17
cb677572e4f8,48,5.39
cb677572e4f8,49,5.41
cb677572e4f8,50,5.47
6c0b58650a1b,1,0.49
6c0b58650a1b,2,1.48
6c0b58650a1b,3,2.65
6c0b58650a1b,4,3.65
6c0b58650a1b,5,3.69
6c0b58650a1b,6,4.48
6c0b58650a1b,7,5.48
6c0b58650a1b,8,7.48
6c0b58650a1b,9,9.68
6c0b58650a1b,10,10.65
6c0b58650a1b,11,11.49
6c0b58650a1b,12,12.48
6c0b58650a1b,13,15.44
6c0b58650a1b,14,16.64
6c0b58650a1b,15,17.65
6c0b58650a1b,16,18.49
6c0b58650a1b,17,20.54
6c0b58650a1b,18,21.65
6c0b58650a1b,19,22.67
6c0b58650a1b,20,24.64
6c0b58650a1b,21,25.65
6c0b58650a1b,22,26.57
6c0b58650a1b,23,27.66
6c0b58650a1b,24,28.47
6c0b58650a1b,25,30.51
6c0b58650a1b,26,34.62
6c0b58650a1b,27,35.61
6c0b58650a1b,28,36.65
6c0b58650a1b,29,38.64
6c0b58650a1b,30,39.6
6c0b58650a1b,31,40.65
6c0b58650a1b,32,42.65
6c0b58650a1b,33,43.65
6c0b58650a1b,34,44.7
6c0b58650a1b,35,45.67
6c0b58650a1b,36,46.65
6c0b58650a1b,37,47.65
6c0b58650a1b,38,48.68
6c0b58650a1b,39,50.65
6c0b58650a1b,40,51.65
6c0b58650a1b,41,53.66
6c0b58650a1b,42,55.67
6c0b58650a1b,43,56.68
6c0b58650a1b,44,57.69
6c0b58650a1b,45,58.65
6c0b58650a1b,46,59.65
6c0b58650a1b,47,62.65
6c0b58650a1b,48,63.65
6c0b58650a1b,49,64.58
6c0b58650a1b,50,65.67
3a9308b8aadf,1,0.26
3a9308b8aadf,2,0.39
3a9308b8aadf,3,0.44
3a9308b8aadf,4,0.53
3a9308b8aadf,5,1.26
3a9308b8aadf,6,1.43
3a9308b8aadf,7,1.57
3a9308b8aadf,8,1.65
3a9308b8aadf,9,3.65
3a9308b8aadf,10,4.26
3a9308b8aadf,11,4.31
3a9308b8aadf,12,4.35
3a9308b8aadf,13,4.4
3a9308b8aadf,14,5.26
3a9308b8aadf,15,5.35
3a9308b8aadf,16,5.4
3a9308b8aadf,17,5.42
3a9308b8aadf,18,6.26
3a9308b8aadf,19,6.32
3a9308b8aadf,20,6.42
3a9308b8aadf,21,6.51
3a9308b8aadf,22,6.57
3a9308b8aadf,23,7.35
3a9308b8aadf,24,7.46
3a9308b8aadf,25,7.61
3a9308b8aadf,26,8.26
3a9308b8aadf,27,8.31
3a9308b8aadf,28,8.33
3a9308b8aadf,29,8.62
3a9308b8aadf,30,10.65
3a9308b8aadf,31,11.26
3a9308b8aadf,32,11.31
3a9308b8aadf,33,11.36
3a9308b8aadf,34,11.65
3a9308b8aadf,35,12.26
3a9308b8aadf,36,12.33
3a9308b8aadf,37,12.36
3a9308b8aadf,38,12.65
3a9308b8aadf,39,13.36
3a9308b8aadf,40,13.43
3a9308b8aadf,41,13.47
3a9308b8aadf,42,13.57
3a9308b8aadf,43,14.31
3a9308b8aadf,44,14.49
3a9308b8aadf,45,14.6
3a9308b8aadf,46,15.26
3a9308b8aadf,47,15.31
3a9308b8aadf,48,15.61
3a9308b8aadf,49,17.65
3a9308b8aadf,50,18.27
44d5aed80d82,1,0.35
44d5aed80d82,2,4.38
44d5aed80d82,3,5.39
44d5aed80d82,4,6.53
44d5aed80d82,5,8.36
44d5aed80d82,6,10.64
44d5aed80d82,7,13.6
44d5aed80d82,8,16.66
44d5aed80d82,9,17.66
44d5aed80d82,10,18.58
44d5aed80d82,11,20.54
44d5aed80d82,12,25.6
44d5aed80d82,13,29.63
44d5aed80d82,14,32.64
44d5aed80d82,15,34.42
44d5aed80d82,16,35.63
44d5aed80d82,17,41.41
44d5aed80d82,18,47.61
44d5aed80d82,19,48.56
44d5aed80d82,20,51.5
44d5aed80d82,21,52.63
44d5aed80d82,22,59.76
44d5aed80d82,23,64.38
44d5aed80d82,24,68.55
44d5aed80d82,25,71.59
44d5aed80d82,26,78.47
44d5aed80d82,27,81.39
44d5aed80d82,28,83.63
44d5aed80d82,29,86.41
44d5aed80d82,30,87.6
44d5aed80d82,31,89.4
44d5aed80d82,32,90.61
44d5aed80d82,33,94.8
44d5aed80d82,34,96.55
44d5aed80d82,35,102.4
44d5aed80d82,36,105.47
44d5aed80d82,37,106.42
44d5aed80d82,38,109.61
44d5aed80d82,39,110.72
44d5aed80d82,40,114.41
44d5aed80d82,41,118.53
44d5aed80d82,42,122.29
44d5aed80d82,43,125.52
44d5aed80d82,44,128.41
44d5aed80d82,45,129.37
44d5aed80d82,46,132.52
44d5aed80d82,47,133.4
44d5aed80d82,48,134.4
44d5aed80d82,49,136.42
44d5aed80d82,50,137.36
ea5d15531523,1,0.12
ea5d15531523,2,0.12
ea5d15531523,3,0.28
ea5d15531523,4,0.32
ea5d15531523,5,1.08
ea5d15531523,6,1.13
ea5d15531523,7,1.3
ea5d15531523,8,2.14
ea5d15531523,9,2.3
ea5d15531523,10,2.32
ea5d15531523,11,3.12
ea5d15531523,12,3.13
ea5d15531523,13,3.27
ea5d15531523,14,4.19
ea5d15531523,15,4.32
ea5d15531523,16,5.13
ea5d15531523,17,5.19
ea5d15531523,18,5.32
ea5d15531523,19,6.19
ea5d15531523,20,6.28
ea5d15531523,21,6.32
ea5d15531523,22,7.11
ea5d15531523,23,7.13
ea5d15531523,24,7.28
ea5d15531523,25,8.19
ea5d15531523,26,8.71
ea5d15531523,27,9.09
ea5d15531523,28,9.13
ea5d15531523,29,9.36
ea5d15531523,30,9.36
ea5d15531523,31,10.12
ea5d15531523,32,10.12
ea5d15531523,33,10.4
ea5d15531523,34,11.24
ea5d15531523,35,11.37
ea5d15531523,36,12.13
ea5d15531523,37,12.28
ea5d15531523,38,13.17
ea5d15531523,39,13.25
ea5d15531523,40,13.27
ea5d15531523,41,14.12
ea5d15531523,42,14.19
ea5d15531523,43,14.33
ea5d15531523,44,15.17
ea5d15531523,45,15.24
ea5d15531523,46,15.4
ea5d15531523,47,16.14
ea5d15531523,48,16.53
ea5d15531523,49,17.15
ea5d15531523,50,17.3
0a80045edd7d,1,2.53
0a80045edd7d,2,3.53
0a80045edd7d,3,4.53
0a80045edd7d,4,5.53
0a80045edd7d,5,8.53
0a80045edd7d,6,10.53
0a80045edd7d,7,12.53
0a80045edd7d,8,13.53
0a80045edd7d,9,14.53
0a80045edd7d,10,16.36
0a80045edd7d,11,16.53
0a80045edd7d,12,17.53
0a80045edd7d,13,18.53
0a80045edd7d,14,21.53
0a80045edd7d,15,22.53
0a80045edd7d,16,23.53
0a80045edd7d,17,24.53
0a80045edd7d,18,25.53
0a80045edd7d,19,26.53
0a80045edd7d,20,27.53
0a80045edd7d,21,28.53
0a80045edd7d,22,29.53
0a80045edd7d,23,30.53
0a80045edd7d,24,31.53
0a80045edd7d,25,32.53
0a80045edd7d,26,33.53
0a80045edd7d,27,34.53
0a80045edd7d,28,35.53
0a80045edd7d,29,36.53
0a80045edd7d,30,37.53
0a80045edd7d,31,38.53
0a80045edd7d,32,39.53
0a80045edd7d,33,40.53
0a80045edd7d,34,41.53
0a80045edd7d,35,42.53
0a80045edd7d,36,43.61
0a80045edd7d,37,45.03
0a80045edd7d,38,45.53
0a80045edd7d,39,46.53
0a80045edd7d,40,47.61
0a80045edd7d,41,48.61
0a80045edd7d,42,49.53
0a80045edd7d,43,51.53
0a80045edd7d,44,52.61
0a80045edd7d,45,53.53
0a80045edd7d,46,55.53
0a80045edd7d,47,56.53
0a80045edd7d,48,57.53
0a80045edd7d,49,59.53
0a80045edd7d,50,60.53
fcd3b69b8f91,1,6.36
fcd3b69b8f91,2,9.6
fcd3b69b8f91,3,9.6
fcd3b69b8f91,4,9.77
fcd3b69b8f91,5,9.77
fcd3b69b8f91,6,9.77
fcd3b69b8f91,7,9.77
fcd3b69b8f91,8,13.28
fcd3b69b8f91,9,13.28
fcd3b69b8f91,10,17.62
fcd3b69b8f91,11,17.62
fcd3b69b8f91,12,18.26
fcd3b69b8f91,13,18.26
fcd3b69b8f91,14,18.26
fcd3b69b8f91,15,20.29
fcd3b69b8f91,16,20.29
fcd3b69b8f91,17,20.29
fcd3b69b8f91,18,69.44
fcd3b69b8f91,19,69.44
fcd3b69b8f91,20,75.42
fcd3b69b8f91,21,75.42
fcd3b69b8f91,22,75.42
fcd3b69b8f91,23,85.42
fcd3b69b8f91,24,85.42
fcd3b69b8f91,25,94.34
fcd3b69b8f91,26,94.34
fcd3b69b8f91,27,98.53
fcd3b69b8f91,28,102.48
fcd3b69b8f91,29,104.45
fcd3b69b8f91,30,105.15
fcd3b69b8f91,31,105.15
fcd3b69b8f91,32,105.16
fcd3b69b8f91,33,105.48
fcd3b69b8f91,34,107.6
fcd3b69b8f91,35,108.31
fcd3b69b8f91,36,108.5
fcd3b69b8f91,37,109.83
fcd3b69b8f91,38,110.37
fcd3b69b8f91,39,110.37
fcd3b69b8f91,40,110.48
fcd3b69b8f91,41,113.3
fcd3b69b8f91,42,113.35
fcd3b69b8f91,43,113.37
fcd3b69b8f91,44,113.37
fcd3b69b8f91,45,113.37
fcd3b69b8f91,46,113.37
fcd3b69b8f91,47,160.1
fcd3b69b8f91,48,163.51
fcd3b69b8f91,49,190.32
fcd3b69b8f91,50,190.37
4325187cdc74,1,0.57
4325187cdc74,2,1.57
4325187cdc74,3,2.57
4325187cdc74,4,3.57
4325187cdc74,5,3.86
4325187cdc74,6,4.49
4325187cdc74,7,4.57
4325187cdc74,8,5.53
4325187cdc74,9,5.61
4325187cdc74,10,5.86
4325187cdc74,11,6.44
4325187cdc74,12,6.53
4325187cdc74,13,6.61
4325187cdc74,14,7.57
4325187cdc74,15,8.57
4325187cdc74,16,9.48
4325187cdc74,17,9.57
4325187cdc74,18,10.49
4325187cdc74,19,10.57
4325187cdc74,20,11.49
4325187cdc74,21,11.57
4325187cdc74,22,11.86
4325187cdc74,23,12.53
4325187cdc74,24,12.61
4325187cdc74,25,12.86
4325187cdc74,26,13.44
4325187cdc74,27,13.53
4325187cdc74,28,13.59
4325187cdc74,29,13.69
4325187cdc74,30,14.48
4325187cdc74,31,14.57
4325187cdc74,32,15.57
4325187cdc74,33,16.57
4325187cdc74,34,17.48
4325187cdc74,35,17.57
4325187cdc74,36,18.48
4325187cdc74,37,18.57
4325187cdc74,38,19.57
4325187cdc74,39,20.57
4325187cdc74,40,21.57
4325187cdc74,41,22.57
4325187cdc74,42,23.53
4325187cdc74,43,24.49
4325187cdc74,44,24.57
4325187cdc74,45,25.57
4325187cdc74,46,26.57
4325187cdc74,47,27.57
4325187cdc74,48,28.57
4325187cdc74,49,29.57
4325187cdc74,50,30.49
eab6afd789f2,1,0.14
eab6afd789f2,2,0.48
eab6afd789f2,3,1.14
eab6afd789f2,4,2.15
eab6afd789f2,5,3.16
eab6afd789f2,6,3.47
eab6afd789f2,7,4.15
eab6afd789f2,8,5.11
eab6afd789f2,9,6.14
eab6afd789f2,10,7.16
eab6afd789f2,11,8.1
eab6afd789f2,12,9.16
eab6afd789f2,13,10.12
eab6afd789f2,14,11.13
eab6afd789f2,15,12.16
eab6afd789f2,16,13.13
eab6afd789f2,17,14.11
eab6afd789f2,18,15.14
eab6afd789f2,19,16.13
eab6afd789f2,20,17.13
eab6afd789f2,21,18.13
eab6afd789f2,22,19.12
eab6afd789f2,23,20.1
eab6afd789f2,24,35.12
eab6afd789f2,25,36.08
eab6afd789f2,26,37.09
eab6afd789f2,27,38.09
eab6afd789f2,28,39.08
eab6afd789f2,29,40.09
eab6afd789f2,30,41.09
eab6afd789f2,31,42.08
eab6afd789f2,32,43.08
eab6afd789f2,33,44.09
eab6afd789f2,34,45.14
eab6afd789f2,35,48.08
eab6afd789f2,36,49.08
eab6afd789f2,37,50.06
eab6afd789f2,38,51.05
eab6afd789f2,39,53.16
eab6afd789f2,40,54.17
eab6afd789f2,41,55.1
eab6afd789f2,42,57.09
eab6afd789f2,43,58.09
eab6afd789f2,44,59.09
eab6afd789f2,45,60.09
eab6afd789f2,46,61.09
eab6afd789f2,47,62.08
eab6afd789f2,48,63.09
eab6afd789f2,49,64.08
eab6afd789f2,50,65.09
da8bde162ffe,1,0.43
da8bde162ffe,2,1.43
da8bde162ffe,3,2.43
da8bde162ffe,4,3.43
da8bde162ffe,5,4.43
da8bde162ffe,6,5.42
da8bde162ffe,7,6.43
da8bde162ffe,8,7.43
da8bde162ffe,9,8.43
da8bde162ffe,10,9.43
da8bde162ffe,11,10.43
da8bde162ffe,12,11.43
da8bde162ffe,13,12.43
da8bde162ffe,14,13.43
da8bde162ffe,15,14.43
da8bde162ffe,16,15.43
da8bde162ffe,17,16.43
da8bde162ffe,18,17.43
da8bde162ffe,19,18.43
da8bde162ffe,20,19.43
da8bde162ffe,21,20.43
da8bde162ffe,22,22.43
da8bde162ffe,23,23.43
da8bde162ffe,24,24.43
da8bde162ffe,25,25.43
da8bde162ffe,26,26.43
da8bde162ffe,27,27.43
da8bde162ffe,28,28.43
da8bde162ffe,29,29.43
da8bde162ffe,30,30.43
da8bde162ffe,31,31.43
da8bde162ffe,32,32.43
da8bde162ffe,33,33.43
da8bde162ffe,34,34.43
da8bde162ffe,35,35.43
da8bde162ffe,36,36.43
da8bde162ffe,37,37.43
da8bde162ffe,38,38.43
da8bde162ffe,39,39.43
da8bde162ffe,40,40.43
da8bde162ffe,41,41.43
da8bde162ffe,42,42.43
da8bde162ffe,43,43.43
da8bde162ffe,44,44.43
da8bde162ffe,45,45.43
da8bde162ffe,46,46.43
da8bde162ffe,47,47.43
da8bde162ffe,48,48.43
da8bde162ffe,49,49.43
da8bde162ffe,50,50.43
4cef7d2abbc6,1,1.46
4cef7d2abbc6,2,3.42
4cef7d2abbc6,3,4.48
4cef7d2abbc6,4,5.46
4cef7d2abbc6,5,6.49
4cef7d2abbc6,6,7.49
4cef7d2abbc6,7,8.49
4cef7d2abbc6,8,9.49
4cef7d2abbc6,9,10.01
4cef7d2abbc6,10,10.48
4cef7d2abbc6,11,11.46
4cef7d2abbc6,12,14.48
4cef7d2abbc6,13,15.44
4cef7d2abbc6,14,16.46
4cef7d2abbc6,15,18.49
592c1b304444,1,0.79
592c1b304444,2,1.9
592c1b304444,3,3.4
592c1b304444,4,4.22
592c1b304444,5,5.51
592c1b304444,6,22.9
592c1b304444,7,33.01
592c1b304444,8,34.02
592c1b304444,9,35.07
592c1b304444,10,190.78
2375fdf6056e,1,0.23
2375fdf6056e,2,6.26
2375fdf6056e,3,11.28
2375fdf6056e,4,13.2
2375fdf6056e,5,14.28
2375fdf6056e,6,15.12
2375fdf6056e,7,18.22
2375fdf6056e,8,20.2
2375fdf6056e,9,22.13
2375fdf6056e,10,25.19
2375fdf6056e,11,27.14
2375fdf6056e,12,29.25
2375fdf6056e,13,32.27
2375fdf6056e,14,33.21
2375fdf6056e,15,35.28
2375fdf6056e,16,36.28
2375fdf6056e,17,39.23
2375fdf6056e,18,43.17
2375fdf6056e,19,46.12
2375fdf6056e,20,50.27
2375fdf6056e,21,53.29
2375fdf6056e,22,55.14
2375fdf6056e,23,57.24
2375fdf6056e,24,59.28
2375fdf6056e,25,61.11
2375fdf6056e,26,62.28
2375fdf6056e,27,64.15
2375fdf6056e,28,66.18
2375fdf6056e,29,70.28
2375fdf6056e,30,74.24
2375fdf6056e,31,76.2
2375fdf6056e,32,76.28
2375fdf6056e,33,78.22
2375fdf6056e,34,81.26
2375fdf6056e,35,85.28
2375fdf6056e,36,88.25
2375fdf6056e,37,89.26
2375fdf6056e,38,91.2
2375fdf6056e,39,92.19
2375fdf6056e,40,95.22
2375fdf6056e,41,96.06
2375fdf6056e,42,98.24
2375fdf6056e,43,101.24
2375fdf6056e,44,102.15
2375fdf6056e,45,104.2
2375fdf6056e,46,105.23
2375fdf6056e,47,106.25
2375fdf6056e,48,109.15
2375fdf6056e,49,110.23
2375fdf6056e,50,112.28
62f2518dc18e,1,0.32
62f2518dc18e,2,0.86
62f2518dc18e,3,1.01
62f2518dc18e,4,1.44
62f2518dc18e,5,1.65
62f2518dc18e,6,1.89
62f2518dc18e,7,2.38
62f2518dc18e,8,2.6
62f2518dc18e,9,2.69
62f2518dc18e,10,2.75
62f2518dc18e,11,2.77
62f2518dc18e,12,2.79
62f2518dc18e,13,2.84
62f2518dc18e,14,2.86
62f2518dc18e,15,2.88
62f2518dc18e,16,2.93
62f2518dc18e,17,2.97
62f2518dc18e,18,3.03
62f2518dc18e,19,3.06
62f2518dc18e,20,3.11
62f2518dc18e,21,3.49
62f2518dc18e,22,3.53
62f2518dc18e,23,3.58
62f2518dc18e,24,3.94
62f2518dc18e,25,3.96
62f2518dc18e,26,3.99
62f2518dc18e,27,4.04
62f2518dc18e,28,4.25
62f2518dc18e,29,4.29
62f2518dc18e,30,4.32
62f2518dc18e,31,4.63
62f2518dc18e,32,4.72
62f2518dc18e,33,4.88
62f2518dc18e,34,4.94
62f2518dc18e,35,4.98
62f2518dc18e,36,5.34
62f2518dc18e,37,5.58
62f2518dc18e,38,5.67
62f2518dc18e,39,5.87
62f2518dc18e,40,5.91
62f2518dc18e,41,5.96
62f2518dc18e,42,6.0
62f2518dc18e,43,6.43
62f2518dc18e,44,6.9
62f2518dc18e,45,6.96
62f2518dc18e,46,7.01
62f2518dc18e,47,7.08
62f2518dc18e,48,7.37
62f2518dc18e,49,7.49
62f2518dc18e,50,7.86
b3774b542466,1,0.17
b3774b542466,2,1.17
b3774b542466,3,2.15
b3774b542466,4,2.59
b3774b542466,5,4.12
b3774b542466,6,5.11
b3774b542466,7,6.13
b3774b542466,8,7.14
b3774b542466,9,8.12
b3774b542466,10,9.68
b3774b542466,11,11.57
b3774b542466,12,12.35
b3774b542466,13,14.31
b3774b542466,14,15.12
b3774b542466,15,16.37
b3774b542466,16,17.21
b3774b542466,17,18.23
b3774b542466,18,19.35
b3774b542466,19,20.37
b3774b542466,20,21.47
b3774b542466,21,22.57
b3774b542466,22,23.54
b3774b542466,23,24.23
b3774b542466,24,25.44
b3774b542466,25,26.21
b3774b542466,26,27.35
b3774b542466,27,28.55
b3774b542466,28,30.17
b3774b542466,29,31.52
b3774b542466,30,32.52
b3774b542466,31,33.24
b3774b542466,32,34.45
b3774b542466,33,35.52
b3774b542466,34,36.56
b3774b542466,35,38.22
b3774b542466,36,39.47
b3774b542466,37,40.33
b3774b542466,38,41.2
b3774b542466,39,42.51
b3774b542466,40,43.57
b3774b542466,41,44.52
b3774b542466,42,45.36
b3774b542466,43,46.57
b3774b542466,44,47.44
b3774b542466,45,48.43
b3774b542466,46,49.56
b3774b542466,47,50.58
b3774b542466,48,51.05
b3774b542466,49,51.56
b3774b542466,50,52.07
8805f6372369,1,4.34
8805f6372369,2,6.32
8805f6372369,3,7.34
8805f6372369,4,19.34
8805f6372369,5,20.4
8805f6372369,6,21.26
8805f6372369,7,21.37
8805f6372369,8,21.37
8805f6372369,9,26.31
8805f6372369,10,26.32
8805f6372369,11,26.33
8805f6372369,12,26.34
8805f6372369,13,27.3
8805f6372369,14,27.34
8805f6372369,15,27.35
8805f6372369,16,33.42
8805f6372369,17,81.39
8805f6372369,18,82.28
8805f6372369,19,82.37
8805f6372369,20,82.4
8805f6372369,21,83.27
8805f6372369,22,84.25
8805f6372369,23,84.36
8805f6372369,24,85.2
8805f6372369,25,85.25
8805f6372369,26,85.29
8805f6372369,27,86.2
8805f6372369,28,86.25
8805f6372369,29,87.38
8805f6372369,30,88.2
8805f6372369,31,88.34
8805f6372369,32,88.38
8805f6372369,33,89.2
8805f6372369,34,89.29
8805f6372369,35,89.31
8805f6372369,36,89.37
8805f6372369,37,90.21
8805f6372369,38,90.25
8805f6372369,39,90.32
8805f6372369,40,92.32
8805f6372369,41,95.32
8805f6372369,42,96.32
8805f6372369,43,97.32
8805f6372369,44,98.32
8805f6372369,45,102.32
8805f6372369,46,104.32
8805f6372369,47,109.32
8805f6372369,48,111.32
8805f6372369,49,124.32
8805f6372369,50,132.32
5df2afe3706e,1,0.5
5df2afe3706e,2,1.51
5df2afe3706e,3,3.51
5df2afe3706e,4,4.51
5df2afe3706e,5,5.51
5df2afe3706e,6,6.51
5df2afe3706e,7,7.51
5df2afe3706e,8,8.51
5df2afe3706e,9,10.51
5df2afe3706e,10,11.51
5df2afe3706e,11,12.51
5df2afe3706e,12,13.51
5df2afe3706e,13,14.48
5df2afe3706e,14,15.51
5df2afe3706e,15,16.51
5df2afe3706e,16,17.51
5df2afe3706e,17,18.51
5df2afe3706e,18,20.51
5df2afe3706e,19,21.51
5df2afe3706e,20,22.51
5df2afe3706e,21,23.51
5df2afe3706e,22,25.51
5df2afe3706e,23,26.51
5df2afe3706e,24,27.5
5df2afe3706e,25,28.51
5df2afe3706e,26,29.51
5df2afe3706e,27,31.51
5df2afe3706e,28,32.51
5df2afe3706e,29,33.51
5df2afe3706e,30,34.51
5df2afe3706e,31,35.51
5df2afe3706e,32,36.51
5df2afe3706e,33,38.51
5df2afe3706e,34,39.51
5df2afe3706e,35,40.51
5df2afe3706e,36,41.51
5df2afe3706e,37,42.51
5df2afe3706e,38,43.51
5df2afe3706e,39,45.51
5df2afe3706e,40,46.51
5df2afe3706e,41,47.51
5df2afe3706e,42,48.51
5df2afe3706e,43,49.51
5df2afe3706e,44,50.51
5df2afe3706e,45,52.51
5df2afe3706e,46,53.51
5df2afe3706e,47,54.51
5df2afe3706e,48,55.51
5df2afe3706e,49,56.51
5df2afe3706e,50,57.51
de38e12960a0,1,3.75
de38e12960a0,2,3.75
de38e12960a0,3,3.75
de38e12960a0,4,3.75
de38e12960a0,5,4.28
de38e12960a0,6,4.28
de38e12960a0,7,4.28
de38e12960a0,8,4.73
de38e12960a0,9,4.74
de38e12960a0,10,4.74
de38e12960a0,11,4.74
de38e12960a0,12,4.74
de38e12960a0,13,5.29
de38e12960a0,14,5.29
de38e12960a0,15,5.75
de38e12960a0,16,5.75
de38e12960a0,17,5.75
de38e12960a0,18,5.75
de38e12960a0,19,5.75
de38e12960a0,20,6.27
de38e12960a0,21,6.27
de38e12960a0,22,6.27
de38e12960a0,23,6.49
de38e12960a0,24,6.49
de38e12960a0,25,6.49
de38e12960a0,26,6.49
de38e12960a0,27,6.49
de38e12960a0,28,21.39
de38e12960a0,29,21.39
de38e12960a0,30,21.73
de38e12960a0,31,21.74
de38e12960a0,32,31.75
de38e12960a0,33,31.75
de38e12960a0,34,32.71
de38e12960a0,35,32.71
de38e12960a0,36,33.79
de38e12960a0,37,34.78
de38e12960a0,38,34.78
de38e12960a0,39,34.78
de38e12960a0,40,35.54
de38e12960a0,41,35.73
de38e12960a0,42,35.73
de38e12960a0,43,35.73
de38e12960a0,44,36.5
de38e12960a0,45,42.4
de38e12960a0,46,45.29
de38e12960a0,47,45.29
de38e12960a0,48,46.67
de38e12960a0,49,48.36
de38e12960a0,50,48.37
4b1a422d14ed,1,0.4
4b1a422d14ed,2,0.45
4b1a422d14ed,3,0.7
4b1a422d14ed,4,0.72
4b1a422d14ed,5,1.47
4b1a422d14ed,6,1.52
4b1a422d14ed,7,1.61
4b1a422d14ed,8,1.62
4b1a422d14ed,9,1.67
4b1a422d14ed,10,1.68
4b1a422d14ed,11,1.7
4b1a422d14ed,12,3.44
4b1a422d14ed,13,3.47
4b1a422d14ed,14,3.53
4b1a422d14ed,15,3.59
4b1a422d14ed,16,4.66
4b1a422d14ed,17,4.69
4b1a422d14ed,18,4.75
4b1a422d14ed,19,4.8
4b1a422d14ed,20,4.83
4b1a422d14ed,21,5.4
4b1a422d14ed,22,5.52
4b1a422d14ed,23,5.61
4b1a422d14ed,24,5.66
4b1a422d14ed,25,5.77
4b1a422d14ed,26,5.82
4b1a422d14ed,27,6.43
4b1a422d14ed,28,6.49
4b1a422d14ed,29,6.51
4b1a422d14ed,30,6.57
4b1a422d14ed,31,6.62
4b1a422d14ed,32,6.71
4b1a422d14ed,33,7.41
4b1a422d14ed,34,7.46
4b1a422d14ed,35,7.5
4b1a422d14ed,36,7.56
4b1a422d14ed,37,7.63
4b1a422d14ed,38,7.68
4b1a422d14ed,39,7.7
4b1a422d14ed,40,8.46
4b1a422d14ed,41,8.57
4b1a422d14ed,42,8.58
4b1a422d14ed,43,8.62
4b1a422d14ed,44,8.66
4b1a422d14ed,45,8.69
4b1a422d14ed,46,8.71
4b1a422d14ed,47,10.47
4b1a422d14ed,48,10.57
4b1a422d14ed,49,11.49
4b1a422d14ed,50,11.54
943feaf6e469,1,0.27
943feaf6e469,2,3.35
943feaf6e469,3,4.27
943feaf6e469,4,6.27
943feaf6e469,5,7.28
943feaf6e469,6,13.27
943feaf6e469,7,16.35
943feaf6e469,8,17.29
943feaf6e469,9,19.26
943feaf6e469,10,24.28
943feaf6e469,11,25.29
943feaf6e469,12,31.2
943feaf6e469,13,34.25
943feaf6e469,14,35.31
943feaf6e469,15,38.23
943feaf6e469,16,42.2
943feaf6e469,17,43.25
943feaf6e469,18,47.22
943feaf6e469,19,49.32
943feaf6e469,20,55.28
943feaf6e469,21,60.26
943feaf6e469,22,64.26
943feaf6e469,23,65.36
943feaf6e469,24,69.31
943feaf6e469,25,69.32
943feaf6e469,26,75.42
943feaf6e469,27,76.26
943feaf6e469,28,76.39
943feaf6e469,29,77.39
943feaf6e469,30,77.44
943feaf6e469,31,80.25
943feaf6e469,32,85.1
943feaf6e469,33,86.28
943feaf6e469,34,88.94
943feaf6e469,35,89.27
943feaf6e469,36,93.28
943feaf6e469,37,95.44
943feaf6e469,38,99.17
943feaf6e469,39,100.43
943feaf6e469,40,103.94
943feaf6e469,41,112.25
943feaf6e469,42,117.27
943feaf6e469,43,119.26
943feaf6e469,44,119.27
943feaf6e469,45,122.24
943feaf6e469,46,124.94
943feaf6e469,47,126.33
943feaf6e469,48,129.44
943feaf6e469,49,132.29
943feaf6e469,50,135.25
b9f5dab1a282,1,0.61
b9f5dab1a282,2,1.53
b9f5dab1a282,3,1.61
b9f5dab1a282,4,2.53
b9f5dab1a282,5,2.61
b9f5dab1a282,6,2.69
b9f5dab1a282,7,3.49
b9f5dab1a282,8,3.61
b9f5dab1a282,9,3.69
b9f5dab1a282,10,4.49
b9f5dab1a282,11,4.53
b9f5dab1a282,12,4.61
b9f5dab1a282,13,4.69
b9f5dab1a282,14,5.31
b9f5dab1a282,15,5.61
b9f5dab1a282,16,6.61
b9f5dab1a282,17,7.53
b9f5dab1a282,18,7.61
b9f5dab1a282,19,8.53
b9f5dab1a282,20,8.61
b9f5dab1a282,21,9.61
b9f5dab1a282,22,9.69
b9f5dab1a282,23,9.82
b9f5dab1a282,24,9.86
b9f5dab1a282,25,10.34
b9f5dab1a282,26,10.57
b9f5dab1a282,27,10.61
b9f5dab1a282,28,10.69
b9f5dab1a282,29,10.82
b9f5dab1a282,30,11.35
b9f5dab1a282,31,11.61
b9f5dab1a282,32,11.65
b9f5dab1a282,33,12.53
b9f5dab1a282,34,12.61
b9f5dab1a282,35,13.53
b9f5dab1a282,36,13.61
b9f5dab1a282,37,13.65
b9f5dab1a282,38,14.53
b9f5dab1a282,39,14.57
b9f5dab1a282,40,14.61
b9f5dab1a282,41,15.53
b9f5dab1a282,42,15.61
b9f5dab1a282,43,16.53
b9f5dab1a282,44,16.61
b9f5dab1a282,45,16.69
b9f5dab1a282,46,16.82
b9f5dab1a282,47,17.37
b9f5dab1a282,48,17.57
b9f5dab1a282,49,17.65
b9f5dab1a282,50,17.69
61fa04132f5a,1,0.6
61fa04132f5a,2,0.96
61fa04132f5a,3,1.61
61fa04132f5a,4,1.96
61fa04132f5a,5,2.61
61fa04132f5a,6,2.95
61fa04132f5a,7,3.61
61fa04132f5a,8,3.94
61fa04132f5a,9,4.58
61fa04132f5a,10,4.96
61fa04132f5a,11,5.61
61fa04132f5a,12,5.96
61fa04132f5a,13,6.62
61fa04132f5a,14,6.96
61fa04132f5a,15,7.61
61fa04132f5a,16,7.95
61fa04132f5a,17,8.61
61fa04132f5a,18,8.96
61fa04132f5a,19,9.61
61fa04132f5a,20,9.94
61fa04132f5a,21,10.61
61fa04132f5a,22,10.96
61fa04132f5a,23,11.61
61fa04132f5a,24,11.95
61fa04132f5a,25,12.58
61fa04132f5a,26,12.96
61fa04132f5a,27,13.61
61fa04132f5a,28,13.93
61fa04132f5a,29,14.61
61fa04132f5a,30,14.95
61fa04132f5a,31,15.61
61fa04132f5a,32,15.95
61fa04132f5a,33,16.61
61fa04132f5a,34,16.91
61fa04132f5a,35,17.61
61fa04132f5a,36,17.94
61fa04132f5a,37,18.6
61fa04132f5a,38,18.95
61fa04132f5a,39,19.6
61fa04132f5a,40,19.95
61fa04132f5a,41,20.61
61fa04132f5a,42,20.95
61fa04132f5a,43,21.61
61fa04132f5a,44,21.97
61fa04132f5a,45,22.61
61fa04132f5a,46,22.97
61fa04132f5a,47,23.6
61fa04132f5a,48,23.96
61fa04132f5a,49,24.58
61fa04132f5a,50,24.96
5de09c4ca0ec,1,0.3
5de09c4ca0ec,2,1.31
5de09c4ca0ec,3,5.29
5de09c4ca0ec,4,9.32
5de09c4ca0ec,5,10.32
5de09c4ca0ec,6,11.32
5de09c4ca0ec,7,12.32
5de09c4ca0ec,8,13.31
5de09c4ca0ec,9,14.29
5de09c4ca0ec,10,15.29
5de09c4ca0ec,11,16.49
5de09c4ca0ec,12,17.32
5de09c4ca0ec,13,18.3
5de09c4ca0ec,14,19.32
5de09c4ca0ec,15,20.25
5de09c4ca0ec,16,21.31
5de09c4ca0ec,17,22.29
5de09c4ca0ec,18,23.3
5de09c4ca0ec,19,24.42
5de09c4ca0ec,20,25.27
5de09c4ca0ec,21,26.31
5de09c4ca0ec,22,27.37
04207ae4ae91,1,0.39
04207ae4ae91,2,0.44
04207ae4ae91,3,0.62
04207ae4ae91,4,0.64
04207ae4ae91,5,0.8
04207ae4ae91,6,0.84
04207ae4ae91,7,0.92
04207ae4ae91,8,0.93
04207ae4ae91,9,1.57
04207ae4ae91,10,1.67
04207ae4ae91,11,1.69
04207ae4ae91,12,1.69
04207ae4ae91,13,1.73
04207ae4ae91,14,1.82
04207ae4ae91,15,1.99
04207ae4ae91,16,2.03
04207ae4ae91,17,2.8
04207ae4ae91,18,2.81
04207ae4ae91,19,3.03
04207ae4ae91,20,3.51
04207ae4ae91,21,3.54
04207ae4ae91,22,3.79
04207ae4ae91,23,3.9
04207ae4ae91,24,4.05
04207ae4ae91,25,4.27
04207ae4ae91,26,4.35
04207ae4ae91,27,4.37
04207ae4ae91,28,4.5
04207ae4ae91,29,4.59
04207ae4ae91,30,4.61
04207ae4ae91,31,4.62
04207ae4ae91,32,4.84
04207ae4ae91,33,4.85
04207ae4ae91,34,5.0
04207ae4ae91,35,5.01
04207ae4ae91,36,5.36
04207ae4ae91,37,5.43
04207ae4ae91,38,5.56
04207ae4ae91,39,5.58
04207ae4ae91,40,6.45
04207ae4ae91,41,6.51
04207ae4ae91,42,6.78
04207ae4ae91,43,7.45
04207ae4ae91,44,7.59
04207ae4ae91,45,7.66
04207ae4ae91,46,7.82
04207ae4ae91,47,8.43
04207ae4ae91,48,8.74
04207ae4ae91,49,9.43
04207ae4ae91,50,9.45
038efb7faad5,1,0.07
038efb7faad5,2,0.17
038efb7faad5,3,0.3
038efb7faad5,4,0.4
038efb7faad5,5,0.95
038efb7faad5,6,1.07
038efb7faad5,7,1.17
038efb7faad5,8,1.3
038efb7faad5,9,1.4
038efb7faad5,10,1.95
038efb7faad5,11,2.07
038efb7faad5,12,2.17
038efb7faad5,13,2.3
038efb7faad5,14,2.4
038efb7faad5,15,2.95
038efb7faad5,16,3.07
038efb7faad5,17,3.17
038efb7faad5,18,3.3
038efb7faad5,19,3.4
038efb7faad5,20,3.95
038efb7faad5,21,4.07
038efb7faad5,22,4.17
038efb7faad5,23,4.3
038efb7faad5,24,4.4
038efb7faad5,25,4.95
038efb7faad5,26,5.07
038efb7faad5,27,5.17
038efb7faad5,28,5.3
038efb7faad5,29,5.38
038efb7faad5,30,5.95
038efb7faad5,31,6.07
038efb7faad5,32,6.17
038efb7faad5,33,6.23
038efb7faad5,34,6.3
038efb7faad5,35,6.4
038efb7faad5,36,6.95
038efb7faad5,37,7.07
038efb7faad5,38,7.17
038efb7faad5,39,7.3
038efb7faad5,40,7.4
038efb7faad5,41,7.95
038efb7faad5,42,8.07
038efb7faad5,43,8.17
038efb7faad5,44,8.3
038efb7faad5,45,8.4
038efb7faad5,46,8.95
038efb7faad5,47,9.07
038efb7faad5,48,9.17
038efb7faad5,49,9.3
038efb7faad5,50,9.4
c5ed51744a10,1,0.3
c5ed51744a10,2,0.37
c5ed51744a10,3,1.35
c5ed51744a10,4,1.49
c5ed51744a10,5,1.65
c5ed51744a10,6,2.3
c5ed51744a10,7,4.52
c5ed51744a10,8,5.32
c5ed51744a10,9,6.45
c5ed51744a10,10,7.45
c5ed51744a10,11,8.24
c5ed51744a10,12,8.33
c5ed51744a10,13,11.34
c5ed51744a10,14,12.33
c5ed51744a10,15,13.51
c5ed51744a10,16,14.32
c5ed51744a10,17,14.52
c5ed51744a10,18,14.82
c5ed51744a10,19,15.3
c5ed51744a10,20,15.42
c5ed51744a10,21,18.3
c5ed51744a10,22,18.39
c5ed51744a10,23,19.39
c5ed51744a10,24,20.42
c5ed51744a10,25,21.39
c5ed51744a10,26,21.65
c5ed51744a10,27,21.65
c5ed51744a10,28,22.24
c5ed51744a10,29,22.35
c5ed51744a10,30,25.16
c5ed51744a10,31,25.48
c5ed51744a10,32,25.64
c5ed51744a10,33,26.5
c5ed51744a10,34,27.17
c5ed51744a10,35,27.44
c5ed51744a10,36,27.53
c5ed51744a10,37,28.33
c5ed51744a10,38,28.53
c5ed51744a10,39,29.07
c5ed51744a10,40,29.42
c5ed51744a10,41,32.1
c5ed51744a10,42,32.41
c5ed51744a10,43,33.32
c5ed51744a10,44,33.4
c5ed51744a10,45,34.41
c5ed51744a10,46,34.52
c5ed51744a10,47,34.6
c5ed51744a10,48,35.25
c5ed51744a10,49,35.44
c5ed51744a10,50,36.22
0f5164d5a672,1,0.42
0f5164d5a672,2,0.8
0f5164d5a672,3,1.34
0f5164d5a672,4,2.4
0f5164d5a672,5,3.41
0f5164d5a672,6,4.29
0f5164d5a672,7,4.4
0f5164d5a672,8,5.43
0f5164d5a672,9,5.8
0f5164d5a672,10,7.36
0f5164d5a672,11,8.5
0f5164d5a672,12,8.8
0f5164d5a672,13,9.41
0f5164d5a672,14,11.42
0f5164d5a672,15,13.43
0f5164d5a672,16,14.39
0f5164d5a672,17,14.8
0f5164d5a672,18,16.38
0f5164d5a672,19,17.38
0f5164d5a672,20,19.41
0f5164d5a672,21,20.52
0f5164d5a672,22,21.38
0f5164d5a672,23,21.8
0f5164d5a672,24,23.31
0f5164d5a672,25,23.65
0f5164d5a672,26,24.53
0f5164d5a672,27,27.4
0f5164d5a672,28,28.36
0f5164d5a672,29,28.69
0f5164d5a672,30,29.44
0f5164d5a672,31,38.42
0f5164d5a672,32,41.36
0f5164d5a672,33,42.45
0f5164d5a672,34,45.39
0f5164d5a672,35,46.39
0f5164d5a672,36,47.31
0f5164d5a672,37,48.4
0f5164d5a672,38,49.42
0f5164d5a672,39,51.39
0f5164d5a672,40,51.56
0f5164d5a672,41,52.32
0f5164d5a672,42,54.39
0f5164d5a672,43,56.4
0f5164d5a672,44,64.52
0f5164d5a672,45,66.41
0f5164d5a672,46,69.32
0f5164d5a672,47,71.44
0f5164d5a672,48,72.56
0f5164d5a672,49,86.35
0f5164d5a672,50,87.32
599ef944eb87,1,0.15
599ef944eb87,2,0.4
599ef944eb87,3,0.87
599ef944eb87,4,1.53
599ef944eb87,5,1.85
599ef944eb87,6,2.83
599ef944eb87,7,4.24
599ef944eb87,8,4.86
599ef944eb87,9,5.35
599ef944eb87,10,5.84
599ef944eb87,11,6.28
599ef944eb87,12,6.82
599ef944eb87,13,7.85
599ef944eb87,14,7.93
599ef944eb87,15,8.53
599ef944eb87,16,8.77
599ef944eb87,17,10.03
599ef944eb87,18,10.43
599ef944eb87,19,10.61
599ef944eb87,20,10.78
599ef944eb87,21,10.97
599ef944eb87,22,11.37
599ef944eb87,23,11.61
599ef944eb87,24,11.8
599ef944eb87,25,12.01
599ef944eb87,26,12.43
599ef944eb87,27,12.61
599ef944eb87,28,12.89
599ef944eb87,29,13.21
599ef944eb87,30,13.31
599ef944eb87,31,13.42
599ef944eb87,32,13.65
599ef944eb87,33,13.99
599ef944eb87,34,14.37
599ef944eb87,35,14.9
599ef944eb87,36,15.03
599ef944eb87,37,15.3
599ef944eb87,38,15.44
599ef944eb87,39,15.61
599ef944eb87,40,15.78
599ef944eb87,41,16.08
599ef944eb87,42,16.44
599ef944eb87,43,16.61
599ef944eb87,44,16.79
599ef944eb87,45,16.92
599ef944eb87,46,17.07
599ef944eb87,47,17.34
599ef944eb87,48,17.53
599ef944eb87,49,17.65
599ef944eb87,50,17.83
8034518f8ae9,1,1.0
8034518f8ae9,2,3.06
8034518f8ae9,3,5.02
8034518f8ae9,4,7.07
8034518f8ae9,5,8.07
8034518f8ae9,6,9.99
8034518f8ae9,7,10.68
8034518f8ae9,8,12.69
8034518f8ae9,9,14.59
8034518f8ae9,10,15.7
8034518f8ae9,11,16.67
8034518f8ae9,12,17.65
8034518f8ae9,13,18.61
8034518f8ae9,14,20.01
8034518f8ae9,15,22.07
8034518f8ae9,16,24.76
8034518f8ae9,17,25.59
8034518f8ae9,18,26.79
8034518f8ae9,19,27.61
8034518f8ae9,20,29.07
8034518f8ae9,21,30.6
8034518f8ae9,22,31.88
8034518f8ae9,23,33.74
8034518f8ae9,24,35.63
8034518f8ae9,25,36.6
8034518f8ae9,26,37.92
8034518f8ae9,27,38.39
8034518f8ae9,28,39.58
8034518f8ae9,29,40.53
8034518f8ae9,30,42.63
8034518f8ae9,31,43.72
8034518f8ae9,32,45.6
8034518f8ae9,33,47.07
8034518f8ae9,34,48.77
8034518f8ae9,35,49.81
8034518f8ae9,36,51.07
8034518f8ae9,37,51.37
8034518f8ae9,38,53.49
8034518f8ae9,39,54.8
8034518f8ae9,40,55.85
8034518f8ae9,41,56.83
8034518f8ae9,42,58.98
8034518f8ae9,43,59.92
8034518f8ae9,44,60.72
8034518f8ae9,45,62.07
8034518f8ae9,46,63.7
8034518f8ae9,47,65.05
8034518f8ae9,48,66.51
8034518f8ae9,49,67.81
8034518f8ae9,50,68.55
4e56c512a378,1,0.55
4e56c512a378,2,1.45
4e56c512a378,3,2.56
4e56c512a378,4,3.52
4e56c512a378,5,5.53
4e56c512a378,6,6.51
4e56c512a378,7,7.57
4e56c512a378,8,10.96
4e56c512a378,9,11.55
4e56c512a378,10,12.54
4e56c512a378,11,13.45
4e56c512a378,12,14.3
4e56c512a378,13,15.44
4e56c512a378,14,16.24
4e56c512a378,15,19.54
4e56c512a378,16,21.49
4e56c512a378,17,22.84
4e56c512a378,18,24.57
4e56c512a378,19,25.57
4e56c512a378,20,26.55
4e56c512a378,21,28.55
4e56c512a378,22,29.59
4e56c512a378,23,30.36
4e56c512a378,24,31.99
4e56c512a378,25,33.45
4e56c512a378,26,34.37
4e56c512a378,27,35.46
4e56c512a378,28,36.41
4e56c512a378,29,37.58
4e56c512a378,30,39.57
4e56c512a378,31,40.38
4e56c512a378,32,41.57
4e56c512a378,33,42.07
4e56c512a378,34,42.59
4e56c512a378,35,43.57
4e56c512a378,36,44.43
4e56c512a378,37,45.56
4e56c512a378,38,46.59
4e56c512a378,39,47.48
4e56c512a378,40,48.59
4e56c512a378,41,50.5
4e56c512a378,42,51.5
4e56c512a378,43,52.59
4e56c512a378,44,53.58
4e56c512a378,45,55.36
4e56c512a378,46,56.58
4e56c512a378,47,57.45
4e56c512a378,48,58.44
4e56c512a378,49,60.49
4e56c512a378,50,61.37
5a7c3de33ad3,1,0.53
5a7c3de33ad3,2,1.32
5a7c3de33ad3,3,1.53
5a7c3de33ad3,4,2.31
5a7c3de33ad3,5,2.69
5a7c3de33ad3,6,3.32
5a7c3de33ad3,7,3.4
5a7c3de33ad3,8,3.57
5a7c3de33ad3,9,4.28
5a7c3de33ad3,10,4.53
5a7c3de33ad3,11,5.32
5a7c3de33ad3,12,5.56
5a7c3de33ad3,13,6.32
5a7c3de33ad3,14,6.51
5a7c3de33ad3,15,7.33
5a7c3de33ad3,16,7.55
5a7c3de33ad3,17,8.32
5a7c3de33ad3,18,8.53
5a7c3de33ad3,19,9.29
5a7c3de33ad3,20,9.61
5a7c3de33ad3,21,10.38
5a7c3de33ad3,22,10.55
5a7c3de33ad3,23,11.28
5a7c3de33ad3,24,11.51
5a7c3de33ad3,25,11.73
5a7c3de33ad3,26,12.28
5a7c3de33ad3,27,12.47
5a7c3de33ad3,28,12.57
5a7c3de33ad3,29,13.28
5a7c3de33ad3,30,13.53
5a7c3de33ad3,31,14.3
5a7c3de33ad3,32,14.61
5a7c3de33ad3,33,15.43
5a7c3de33ad3,34,15.57
5a7c3de33ad3,35,16.3
5a7c3de33ad3,36,16.55
5a7c3de33ad3,37,17.36
5a7c3de33ad3,38,17.53
5a7c3de33ad3,39,18.26
5a7c3de33ad3,40,18.53
5a7c3de33ad3,41,19.32
5a7c3de33ad3,42,19.53
5a7c3de33ad3,43,20.26
5a7c3de33ad3,44,20.4
5a7c3de33ad3,45,21.28
5a7c3de33ad3,46,21.44
5a7c3de33ad3,47,22.28
5a7c3de33ad3,48,22.5
5a7c3de33ad3,49,23.32
5a7c3de33ad3,50,23.65
7a6d0e43e057,1,3.05
7a6d0e43e057,2,6.07
7a6d0e43e057,3,6.51
7a6d0e43e057,4,10.44
7a6d0e43e057,5,13.07
7a6d0e43e057,6,17.07
7a6d0e43e057,7,18.57
7a6d0e43e057,8,20.07
7a6d0e43e057,9,24.45
7a6d0e43e057,10,25.57
7a6d0e43e057,11,27.07
7a6d0e43e057,12,34.07
7a6d0e43e057,13,41.06
7a6d0e43e057,14,43.57
7a6d0e43e057,15,44.96
7a6d0e43e057,16,49.07
7a6d0e43e057,17,55.07
7a6d0e43e057,18,55.57
7a6d0e43e057,19,58.96
7a6d0e43e057,20,62.07
7a6d0e43e057,21,68.06
7a6d0e43e057,22,73.43
7a6d0e43e057,23,75.08
7a6d0e43e057,24,77.56
7a6d0e43e057,25,82.07
7a6d0e43e057,26,84.51
7a6d0e43e057,27,89.07
7a6d0e43e057,28,93.44
7a6d0e43e057,29,94.07
7a6d0e43e057,30,94.57
7a6d0e43e057,31,97.07
7a6d0e43e057,32,101.43
7a6d0e43e057,33,102.07
7a6d0e43e057,34,102.57
7a6d0e43e057,35,104.07
7a6d0e43e057,36,111.08
7a6d0e43e057,37,113.57
7a6d0e43e057,38,118.07
7a6d0e43e057,39,122.62
7a6d0e43e057,40,123.57
7a6d0e43e057,41,125.07
7a6d0e43e057,42,129.45
7a6d0e43e057,43,132.07
7a6d0e43e057,44,133.96
7a6d0e43e057,45,139.07
7a6d0e43e057,46,141.57
7a6d0e43e057,47,146.07
7a6d0e43e057,48,147.42
7a6d0e43e057,49,152.07
7a6d0e43e057,50,158.5
9a90e82ca817,1,0.34
9a90e82ca817,2,3.31
9a90e82ca817,3,4.34
9a90e82ca817,4,6.33
9a90e82ca817,5,7.33
9a90e82ca817,6,8.33
9a90e82ca817,7,10.33
9a90e82ca817,8,10.61
9a90e82ca817,9,11.33
9a90e82ca817,10,13.32
9a90e82ca817,11,14.34
9a90e82ca817,12,20.34
9a90e82ca817,13,21.36
9a90e82ca817,14,24.34
9a90e82ca817,15,24.61
9a90e82ca817,16,25.34
9a90e82ca817,17,27.35
9a90e82ca817,18,28.32
9a90e82ca817,19,29.33
9a90e82ca817,20,31.33
9a90e82ca817,21,33.33
9a90e82ca817,22,36.33
9a90e82ca817,23,39.34
9a90e82ca817,24,40.36
9a90e82ca817,25,41.35
9a90e82ca817,26,42.35
9a90e82ca817,27,46.33
9a90e82ca817,28,47.3
9a90e82ca817,29,48.32
9a90e82ca817,30,49.26
9a90e82ca817,31,49.36
9a90e82ca817,32,50.32
9a90e82ca817,33,51.35
9a90e82ca817,34,52.31
9a90e82ca817,35,53.34
9a90e82ca817,36,55.29
9a90e82ca817,37,56.32
9a90e82ca817,38,58.3
9a90e82ca817,39,60.34
9a90e82ca817,40,61.35
9a90e82ca817,41,63.34
9a90e82ca817,42,66.33
9a90e82ca817,43,66.6
9a90e82ca817,44,66.61
9a90e82ca817,45,67.32
9a90e82ca817,46,69.1
9a90e82ca817,47,70.34
9a90e82ca817,48,71.33
9a90e82ca817,49,72.33
9a90e82ca817,50,73.32
f082c3be1757,1,0.12
f082c3be1757,2,0.24
f082c3be1757,3,0.36
f082c3be1757,4,0.48
f082c3be1757,5,1.15
f082c3be1757,6,1.32
f082c3be1757,7,2.12
f082c3be1757,8,2.24
f082c3be1757,9,2.36
f082c3be1757,10,2.49
f082c3be1757,11,3.12
f082c3be1757,12,3.24
f082c3be1757,13,3.36
f082c3be1757,14,3.48
f082c3be1757,15,4.12
f082c3be1757,16,4.24
f082c3be1757,17,4.36
f082c3be1757,18,4.48
f082c3be1757,19,5.12
f082c3be1757,20,5.24
f082c3be1757,21,5.36
f082c3be1757,22,5.49
f082c3be1757,23,5.61
f082c3be1757,24,6.12
f082c3be1757,25,6.24
f082c3be1757,26,6.36
f082c3be1757,27,6.49
f082c3be1757,28,6.61
f082c3be1757,29,7.12
f082c3be1757,30,7.23
f082c3be1757,31,7.36
f082c3be1757,32,7.48
f082c3be1757,33,7.61
f082c3be1757,34,8.12
f082c3be1757,35,8.23
f082c3be1757,36,8.36
f082c3be1757,37,8.48
f082c3be1757,38,8.61
f082c3be1757,39,9.12
f082c3be1757,40,9.23
f082c3be1757,41,9.36
f082c3be1757,42,9.48
f082c3be1757,43,9.61
f082c3be1757,44,10.12
f082c3be1757,45,10.23
f082c3be1757,46,10.36
f082c3be1757,47,10.48
f082c3be1757,48,10.61
f082c3be1757,49,11.12
f082c3be1757,50,11.24
edf28230e005,1,0.39
edf28230e005,2,0.68
edf28230e005,3,1.17
edf28230e005,4,1.31
edf28230e005,5,1.56
edf28230e005,6,2.45
edf28230e005,7,2.47
edf28230e005,8,2.66
edf28230e005,9,3.24
edf28230e005,10,3.65
edf28230e005,11,3.67
edf28230e005,12,4.21
edf28230e005,13,4.33
edf28230e005,14,4.69
edf28230e005,15,5.22
edf28230e005,16,5.25
edf28230e005,17,5.33
edf28230e005,18,5.55
edf28230e005,19,5.58
edf28230e005,20,5.69
edf28230e005,21,6.22
edf28230e005,22,6.55
edf28230e005,23,7.25
edf28230e005,24,7.3
edf28230e005,25,7.45
edf28230e005,26,7.69
edf28230e005,27,7.69
edf28230e005,28,8.53
edf28230e005,29,8.7
edf28230e005,30,9.07
edf28230e005,31,9.23
edf28230e005,32,9.57
edf28230e005,33,10.3
edf28230e005,34,10.56
edf28230e005,35,10.61
edf28230e005,36,10.75
edf28230e005,37,11.23
edf28230e005,38,11.29
edf28230e005,39,11.34
edf28230e005,40,11.38
edf28230e005,41,11.57
edf28230e005,42,11.59
edf28230e005,43,11.59
edf28230e005,44,11.6
edf28230e005,45,11.65
edf28230e005,46,11.69
edf28230e005,47,11.69
edf28230e005,48,12.17
edf28230e005,49,12.38
edf28230e005,50,12.38
7679431142a5,1,0.18
7679431142a5,2,0.21
7679431142a5,3,0.25
7679431142a5,4,0.29
7679431142a5,5,0.33
7679431142a5,6,0.37
7679431142a5,7,0.4
7679431142a5,8,0.44
7679431142a5,9,0.47
7679431142a5,10,0.51
7679431142a5,11,1.13
7679431142a5,12,1.17
7679431142a5,13,1.22
7679431142a5,14,1.28
7679431142a5,15,1.31
7679431142a5,16,1.35
7679431142a5,17,1.39
7679431142a5,18,1.43
7679431142a5,19,1.46
7679431142a5,20,1.51
7679431142a5,21,2.1
7679431142a5,22,2.14
7679431142a5,23,2.18
7679431142a5,24,2.21
7679431142a5,25,2.25
7679431142a5,26,2.29
7679431142a5,27,2.33
7679431142a5,28,2.36
7679431142a5,29,2.4
7679431142a5,30,2.44
7679431142a5,31,2.47
7679431142a5,32,2.51
7679431142a5,33,3.1
7679431142a5,34,3.13
7679431142a5,35,3.17
7679431142a5,36,3.23
7679431142a5,37,3.28
7679431142a5,38,3.31
7679431142a5,39,3.35
7679431142a5,40,3.38
7679431142a5,41,3.42
7679431142a5,42,3.45
7679431142a5,43,3.5
7679431142a5,44,4.13
7679431142a5,45,4.17
7679431142a5,46,4.21
7679431142a5,47,4.25
7679431142a5,48,4.29
7679431142a5,49,4.32
7679431142a5,50,4.35
7ea8471b3922,1,0.01
7ea8471b3922,2,0.04
7ea8471b3922,3,0.08
7ea8471b3922,4,0.09
7ea8471b3922,5,0.12
7ea8471b3922,6,0.12
7ea8471b3922,7,0.42
7ea8471b3922,8,0.42
7ea8471b3922,9,0.42
7ea8471b3922,10,0.42
7ea8471b3922,11,0.43
7ea8471b3922,12,0.43
7ea8471b3922,13,0.43
7ea8471b3922,14,0.43
7ea8471b3922,15,0.43
7ea8471b3922,16,0.45
7ea8471b3922,17,0.45
7ea8471b3922,18,0.45
7ea8471b3922,19,0.45
7ea8471b3922,20,0.46
7ea8471b3922,21,0.47
7ea8471b3922,22,0.47
7ea8471b3922,23,0.49
7ea8471b3922,24,0.49
7ea8471b3922,25,0.51
7ea8471b3922,26,0.52
7ea8471b3922,27,0.52
7ea8471b3922,28,0.52
7ea8471b3922,29,0.52
7ea8471b3922,30,0.53
7ea8471b3922,31,0.53
7ea8471b3922,32,0.53
7ea8471b3922,33,0.54
7ea8471b3922,34,0.54
7ea8471b3922,35,0.54
7ea8471b3922,36,0.57
7ea8471b3922,37,0.57
7ea8471b3922,38,0.57
7ea8471b3922,39,0.58
7ea8471b3922,40,0.58
7ea8471b3922,41,0.59
7ea8471b3922,42,0.59
7ea8471b3922,43,0.59
7ea8471b3922,44,0.59
7ea8471b3922,45,0.59
7ea8471b3922,46,0.59
7ea8471b3922,47,0.59
7ea8471b3922,48,0.59
7ea8471b3922,49,0.59
7ea8471b3922,50,0.61
2f5f960c963b,1,0.07
2f5f960c963b,2,0.36
2f5f960c963b,3,1.07
2f5f960c963b,4,1.14
2f5f960c963b,5,1.33
2f5f960c963b,6,1.94
2f5f960c963b,7,2.11
2f5f960c963b,8,2.35
2f5f960c963b,9,2.94
2f5f960c963b,10,3.15
2f5f960c963b,11,3.36
2f5f960c963b,12,4.06
2f5f960c963b,13,4.28
2f5f960c963b,14,4.47
2f5f960c963b,15,5.34
2f5f960c963b,16,5.94
2f5f960c963b,17,6.07
2f5f960c963b,18,6.36
2f5f960c963b,19,6.98
2f5f960c963b,20,7.11
2f5f960c963b,21,7.36
2f5f960c963b,22,7.94
2f5f960c963b,23,8.11
2f5f960c963b,24,8.36
2f5f960c963b,25,9.07
2f5f960c963b,26,9.36
2f5f960c963b,27,9.98
2f5f960c963b,28,10.11
2f5f960c963b,29,10.36
2f5f960c963b,30,10.48
2f5f960c963b,31,10.94
2f5f960c963b,32,11.15
2f5f960c963b,33,11.36
2f5f960c963b,34,12.01
2f5f960c963b,35,12.23
2f5f960c963b,36,12.36
2f5f960c963b,37,13.07
2f5f960c963b,38,13.32
2f5f960c963b,39,14.11
2f5f960c963b,40,14.36
2f5f960c963b,41,15.02
2f5f960c963b,42,15.11
2f5f960c963b,43,15.34
2f5f960c963b,44,15.98
2f5f960c963b,45,16.07
2f5f960c963b,46,16.36
2f5f960c963b,47,16.98
2f5f960c963b,48,17.07
2f5f960c963b,49,17.4
2f5f960c963b,50,18.07
86587afc91f5,1,0.02
86587afc91f5,2,0.19
86587afc91f5,3,0.27
86587afc91f5,4,0.84
86587afc91f5,5,0.94
86587afc91f5,6,0.99
86587afc91f5,7,1.07
86587afc91f5,8,1.19
86587afc91f5,9,1.24
86587afc91f5,10,1.82
86587afc91f5,11,2.15
86587afc91f5,12,2.78
86587afc91f5,13,3.24
86587afc91f5,14,3.94
86587afc91f5,15,4.19
86587afc91f5,16,4.28
86587afc91f5,17,4.86
86587afc91f5,18,5.07
86587afc91f5,19,5.23
86587afc91f5,20,5.86
86587afc91f5,21,6.23
86587afc91f5,22,6.28
86587afc91f5,23,6.9
86587afc91f5,24,6.9
86587afc91f5,25,7.02
86587afc91f5,26,7.11
86587afc91f5,27,7.27
86587afc91f5,28,7.86
86587afc91f5,29,8.02
86587afc91f5,30,8.28
86587afc91f5,31,9.07
86587afc91f5,32,9.23
86587afc91f5,33,9.86
86587afc91f5,34,10.9
86587afc91f5,35,11.02
86587afc91f5,36,11.15
86587afc91f5,37,11.9
86587afc91f5,38,11.98
86587afc91f5,39,12.23
86587afc91f5,40,12.91
86587afc91f5,41,13.02
86587afc91f5,42,13.28
86587afc91f5,43,13.94
86587afc91f5,44,14.18
86587afc91f5,45,14.27
86587afc91f5,46,14.81
86587afc91f5,47,15.07
86587afc91f5,48,15.15
86587afc91f5,49,15.27
86587afc91f5,50,15.98
c204387684cb,1,3.46
c204387684cb,2,21.37
c204387684cb,3,28.52
c204387684cb,4,34.42
c204387684cb,5,38.4
c204387684cb,6,46.41
c204387684cb,7,55.48
c204387684cb,8,60.43
c204387684cb,9,71.45
c204387684cb,10,102.53
c204387684cb,11,149.44
c204387684cb,12,164.4
c204387684cb,13,195.6
c204387684cb,14,203.46
c204387684cb,15,211.7
c204387684cb,16,212.53
c204387684cb,17,213.49
c204387684cb,18,214.77
c204387684cb,19,217.4
c204387684cb,20,218.44
c204387684cb,21,220.66
c204387684cb,22,223.44
c204387684cb,23,246.47
c204387684cb,24,248.46
c204387684cb,25,253.41
c204387684cb,26,254.43
c204387684cb,27,264.6
c204387684cb,28,267.4
c204387684cb,29,281.35
c204387684cb,30,294.56
c204387684cb,31,295.5
c204387684cb,32,301.37
c204387684cb,33,303.47
c204387684cb,34,304.43
c204387684cb,35,307.46
c204387684cb,36,312.5
c204387684cb,37,317.58
c204387684cb,38,318.46
c204387684cb,39,328.54
c204387684cb,40,340.38
c204387684cb,41,343.41
c204387684cb,42,349.55
c204387684cb,43,352.33
c204387684cb,44,356.36
c204387684cb,45,364.39
c204387684cb,46,370.41
c204387684cb,47,373.4
c204387684cb,48,375.33
c204387684cb,49,386.36
c204387684cb,50,402.39
2d8a0ad37f30,1,0.78
2d8a0ad37f30,2,1.78
2d8a0ad37f30,3,4.78
2d8a0ad37f30,4,5.48
2d8a0ad37f30,5,6.78
2d8a0ad37f30,6,7.48
2d8a0ad37f30,7,9.64
2d8a0ad37f30,8,12.48
2d8a0ad37f30,9,13.48
2d8a0ad37f30,10,14.77
2d8a0ad37f30,11,17.64
2d8a0ad37f30,12,18.51
2d8a0ad37f30,13,20.77
2d8a0ad37f30,14,21.67
2d8a0ad37f30,15,22.64
2d8a0ad37f30,16,24.64
2d8a0ad37f30,17,25.64
2d8a0ad37f30,18,26.64
2d8a0ad37f30,19,28.64
2d8a0ad37f30,20,30.64
2d8a0ad37f30,21,32.64
2d8a0ad37f30,22,33.64
2d8a0ad37f30,23,34.64
2d8a0ad37f30,24,36.64
2d8a0ad37f30,25,39.64
2d8a0ad37f30,26,40.64
2d8a0ad37f30,27,41.64
2d8a0ad37f30,28,42.64
2d8a0ad37f30,29,43.64
2d8a0ad37f30,30,44.64
2d8a0ad37f30,31,46.64
2d8a0ad37f30,32,48.64
2d8a0ad37f30,33,51.64
2d8a0ad37f30,34,52.64
2d8a0ad37f30,35,53.64
2d8a0ad37f30,36,54.64
2d8a0ad37f30,37,55.64
2d8a0ad37f30,38,56.64
2d8a0ad37f30,39,57.64
2d8a0ad37f30,40,59.64
2d8a0ad37f30,41,60.64
2d8a0ad37f30,42,62.63
2d8a0ad37f30,43,63.63
2d8a0ad37f30,44,64.63
2d8a0ad37f30,45,65.64
2d8a0ad37f30,46,66.64
2d8a0ad37f30,47,67.63
2d8a0ad37f30,48,68.64
2d8a0ad37f30,49,70.63
2d8a0ad37f30,50,71.63
50876e9503ba,1,0.13
50876e9503ba,2,0.92
50876e9503ba,3,2.04
50876e9503ba,4,2.97
50876e9503ba,5,3.81
50876e9503ba,6,4.76
50876e9503ba,7,5.97
50876e9503ba,8,7.28
50876e9503ba,9,7.78
50876e9503ba,10,8.08
50876e9503ba,11,9.28
50876e9503ba,12,9.75
50876e9503ba,13,10.28
50876e9503ba,14,10.78
50876e9503ba,15,11.28
50876e9503ba,16,11.78
50876e9503ba,17,12.28
50876e9503ba,18,12.78
50876e9503ba,19,13.28
50876e9503ba,20,16.15
50876e9503ba,21,16.78
50876e9503ba,22,17.13
50876e9503ba,23,17.69
50876e9503ba,24,18.28
50876e9503ba,25,18.69
50876e9503ba,26,19.05
50876e9503ba,27,19.99
50876e9503ba,28,25.28
50876e9503ba,29,25.93
50876e9503ba,30,27.28
50876e9503ba,31,27.82
50876e9503ba,32,28.2
50876e9503ba,33,28.99
50876e9503ba,34,31.0
50876e9503ba,35,32.96
50876e9503ba,36,33.96
50876e9503ba,37,34.84
50876e9503ba,38,36.04
50876e9503ba,39,40.19
50876e9503ba,40,41.73
50876e9503ba,41,41.97
50876e9503ba,42,47.16
50876e9503ba,43,48.06
50876e9503ba,44,48.81
50876e9503ba,45,49.28
50876e9503ba,46,49.88
50876e9503ba,47,51.07
50876e9503ba,48,53.11
50876e9503ba,49,54.1
50876e9503ba,50,56.13
7eaf52c36177,1,24.98
7eaf52c36177,2,26.86
7eaf52c36177,3,29.0
7eaf52c36177,4,29.0
7eaf52c36177,5,29.0
7eaf52c36177,6,29.0
7eaf52c36177,7,29.0
7eaf52c36177,8,29.0
7eaf52c36177,9,29.0
7eaf52c36177,10,29.0
7eaf52c36177,11,29.0
7eaf52c36177,12,29.0
7eaf52c36177,13,29.0
7eaf52c36177,14,29.0
7eaf52c36177,15,29.0
7eaf52c36177,16,29.05
7eaf52c36177,17,29.05
7eaf52c36177,18,29.05
7eaf52c36177,19,29.05
7eaf52c36177,20,29.05
7eaf52c36177,21,29.05
7eaf52c36177,22,29.05
7eaf52c36177,23,29.05
7eaf52c36177,24,29.05
7eaf52c36177,25,29.05
7eaf52c36177,26,29.05
7eaf52c36177,27,29.05
7eaf52c36177,28,29.05
7eaf52c36177,29,29.05
7eaf52c36177,30,29.05
7eaf52c36177,31,29.05
7eaf52c36177,32,29.05
7eaf52c36177,33,29.05
7eaf52c36177,34,29.05
7eaf52c36177,35,29.05
7eaf52c36177,36,29.05
7eaf52c36177,37,29.05
7eaf52c36177,38,29.05
7eaf52c36177,39,29.05
7eaf52c36177,40,29.05
7eaf52c36177,41,29.05
7eaf52c36177,42,29.05
7eaf52c36177,43,29.05
7eaf52c36177,44,29.05
7eaf52c36177,45,29.05
7eaf52c36177,46,29.05
7eaf52c36177,47,29.06
7eaf52c36177,48,29.06
7eaf52c36177,49,29.06
7eaf52c36177,50,29.06
d7770970fcbf,1,0.19
d7770970fcbf,2,0.23
d7770970fcbf,3,0.34
d7770970fcbf,4,0.48
d7770970fcbf,5,0.49
d7770970fcbf,6,1.19
d7770970fcbf,7,1.24
d7770970fcbf,8,1.31
d7770970fcbf,9,1.44
d7770970fcbf,10,1.48
d7770970fcbf,11,2.32
d7770970fcbf,12,2.57
d7770970fcbf,13,3.57
d7770970fcbf,14,4.67
d7770970fcbf,15,5.19
d7770970fcbf,16,5.23
d7770970fcbf,17,5.34
d7770970fcbf,18,5.44
d7770970fcbf,19,5.48
d7770970fcbf,20,6.21
d7770970fcbf,21,6.24
d7770970fcbf,22,6.36
d7770970fcbf,23,6.44
d7770970fcbf,24,6.52
d7770970fcbf,25,6.69
d7770970fcbf,26,7.19
d7770970fcbf,27,7.24
d7770970fcbf,28,7.36
d7770970fcbf,29,7.44
d7770970fcbf,30,7.52
d7770970fcbf,31,8.19
d7770970fcbf,32,8.23
d7770970fcbf,33,8.32
d7770970fcbf,34,8.5
d7770970fcbf,35,8.57
d7770970fcbf,36,9.44
d7770970fcbf,37,11.52
d7770970fcbf,38,12.37
d7770970fcbf,39,12.46
d7770970fcbf,40,12.61
d7770970fcbf,41,12.71
d7770970fcbf,42,13.19
d7770970fcbf,43,13.21
d7770970fcbf,44,13.44
d7770970fcbf,45,13.5
d7770970fcbf,46,14.19
d7770970fcbf,47,14.32
d7770970fcbf,48,14.38
d7770970fcbf,49,14.53
d7770970fcbf,50,14.58
15873016f820,1,0.64
15873016f820,2,2.37
15873016f820,3,3.65
15873016f820,4,5.41
15873016f820,5,7.7
15873016f820,6,9.53
15873016f820,7,11.65
15873016f820,8,12.69
15873016f820,9,13.44
15873016f820,10,13.69
15873016f820,11,14.69
15873016f820,12,15.69
15873016f820,13,16.52
15873016f820,14,17.69
15873016f820,15,18.38
15873016f820,16,18.69
15873016f820,17,19.32
15873016f820,18,19.69
15873016f820,19,21.69
15873016f820,20,24.69
15873016f820,21,25.69
15873016f820,22,27.69
15873016f820,23,28.69
15873016f820,24,29.69
15873016f820,25,30.64
15873016f820,26,31.69
15873016f820,27,32.69
15873016f820,28,34.69
15873016f820,29,35.4
15873016f820,30,35.69
15873016f820,31,36.36
15873016f820,32,36.69
15873016f820,33,38.69
15873016f820,34,39.69
15873016f820,35,40.69
15873016f820,36,41.69
15873016f820,37,42.69
15873016f820,38,43.69
15873016f820,39,44.69
15873016f820,40,45.68
15873016f820,41,46.69
15873016f820,42,47.4
15873016f820,43,47.69
15873016f820,44,48.69
15873016f820,45,49.69
15873016f820,46,50.44
15873016f820,47,50.69
15873016f820,48,51.69
15873016f820,49,52.49
15873016f820,50,52.69
1b83047b2caa,1,1.51
1b83047b2caa,2,2.51
1b83047b2caa,3,4.51
1b83047b2caa,4,5.51
1b83047b2caa,5,6.48
1b83047b2caa,6,7.51
1b83047b2caa,7,8.51
1b83047b2caa,8,10.51
1b83047b2caa,9,12.51
1b83047b2caa,10,14.48
1b83047b2caa,11,15.51
1b83047b2caa,12,16.51
1b83047b2caa,13,17.51
1b83047b2caa,14,18.51
1b83047b2caa,15,20.51
1b83047b2caa,16,22.51
1b83047b2caa,17,24.51
1b83047b2caa,18,26.5
1b83047b2caa,19,28.48
1b83047b2caa,20,29.51
1b83047b2caa,21,31.51
1b83047b2caa,22,33.51
1b83047b2caa,23,35.5
1b83047b2caa,24,37.51
1b83047b2caa,25,39.51
1b83047b2caa,26,41.51
1b83047b2caa,27,43.48
1b83047b2caa,28,47.51
1b83047b2caa,29,49.51
1b83047b2caa,30,51.51
1b83047b2caa,31,53.51
1b83047b2caa,32,55.51
1b83047b2caa,33,56.51
1b83047b2caa,34,57.51
1b83047b2caa,35,59.51
1b83047b2caa,36,61.51
1b83047b2caa,37,62.47
1b83047b2caa,38,63.48
1b83047b2caa,39,64.51
1b83047b2caa,40,66.51
1b83047b2caa,41,68.51
1b83047b2caa,42,69.51
1b83047b2caa,43,71.5
1b83047b2caa,44,73.51
1b83047b2caa,45,74.48
1b83047b2caa,46,75.51
1b83047b2caa,47,77.51
1b83047b2caa,48,79.51
1b83047b2caa,49,81.51
1b83047b2caa,50,83.51
753848951fd6,1,0.36
753848951fd6,2,0.43
753848951fd6,3,0.59
753848951fd6,4,0.64
753848951fd6,5,0.72
753848951fd6,6,1.22
753848951fd6,7,1.69
753848951fd6,8,1.73
753848951fd6,9,2.57
753848951fd6,10,2.75
753848951fd6,11,3.46
753848951fd6,12,3.48
753848951fd6,13,3.61
753848951fd6,14,3.7
753848951fd6,15,4.47
753848951fd6,16,4.64
753848951fd6,17,4.69
753848951fd6,18,5.5
753848951fd6,19,5.61
753848951fd6,20,5.66
753848951fd6,21,6.34
753848951fd6,22,6.64
753848951fd6,23,7.26
753848951fd6,24,7.37
753848951fd6,25,7.61
753848951fd6,26,7.71
753848951fd6,27,8.23
753848951fd6,28,8.63
753848951fd6,29,8.72
753848951fd6,30,9.41
753848951fd6,31,9.53
753848951fd6,32,9.59
753848951fd6,33,9.66
753848951fd6,34,10.33
753848951fd6,35,10.5
753848951fd6,36,10.53
753848951fd6,37,10.56
753848951fd6,38,10.63
753848951fd6,39,10.69
753848951fd6,40,11.39
753848951fd6,41,11.48
753848951fd6,42,11.66
753848951fd6,43,11.75
753848951fd6,44,12.39
753848951fd6,45,12.44
753848951fd6,46,12.51
753848951fd6,47,12.64
753848951fd6,48,12.71
753848951fd6,49,13.33
753848951fd6,50,13.36
b161c883ede5,1,0.57
b161c883ede5,2,0.65
b161c883ede5,3,1.54
b161c883ede5,4,2.29
b161c883ede5,5,2.32
b161c883ede5,6,2.36
b161c883ede5,7,3.36
b161c883ede5,8,4.25
b161c883ede5,9,5.4
b161c883ede5,10,5.63
b161c883ede5,11,5.66
b161c883ede5,12,6.4
b161c883ede5,13,6.69
b161c883ede5,14,7.4
b161c883ede5,15,7.64
b161c883ede5,16,8.36
b161c883ede5,17,9.4
b161c883ede5,18,10.46
b161c883ede5,19,11.4
b161c883ede5,20,11.69
b161c883ede5,21,12.53
b161c883ede5,22,13.34
b161c883ede5,23,13.69
b161c883ede5,24,14.28
b161c883ede5,25,15.46
b161c883ede5,26,16.15
b161c883ede5,27,16.21
b161c883ede5,28,16.29
b161c883ede5,29,16.34
b161c883ede5,30,16.37
b161c883ede5,31,16.39
b161c883ede5,32,16.51
b161c883ede5,33,16.54
b161c883ede5,34,16.55
b161c883ede5,35,16.57
b161c883ede5,36,16.6
b161c883ede5,37,16.67
b161c883ede5,38,17.15
b161c883ede5,39,17.25
b161c883ede5,40,17.27
b161c883ede5,41,17.3
b161c883ede5,42,17.33
b161c883ede5,43,17.35
b161c883ede5,44,17.38
b161c883ede5,45,17.43
b161c883ede5,46,18.32
b161c883ede5,47,18.62
b161c883ede5,48,19.65
b161c883ede5,49,20.4
b161c883ede5,50,21.41
70dc1fa0357a,1,0.61
70dc1fa0357a,2,3.61
70dc1fa0357a,3,6.61
70dc1fa0357a,4,9.61
70dc1fa0357a,5,12.61
70dc1fa0357a,6,15.61
70dc1fa0357a,7,18.61
70dc1fa0357a,8,21.61
70dc1fa0357a,9,24.61
70dc1fa0357a,10,27.61
70dc1fa0357a,11,30.61
70dc1fa0357a,12,34.61
70dc1fa0357a,13,35.53
70dc1fa0357a,14,37.61
70dc1fa0357a,15,40.61
70dc1fa0357a,16,43.61
70dc1fa0357a,17,46.61
70dc1fa0357a,18,49.61
70dc1fa0357a,19,51.53
70dc1fa0357a,20,54.61
70dc1fa0357a,21,57.61
70dc1fa0357a,22,59.61
70dc1fa0357a,23,62.61
70dc1fa0357a,24,65.61
70dc1fa0357a,25,68.61
70dc1fa0357a,26,70.61
70dc1fa0357a,27,72.61
70dc1fa0357a,28,75.63
70dc1fa0357a,29,78.61
70dc1fa0357a,30,81.61
70dc1fa0357a,31,84.61
70dc1fa0357a,32,87.57
70dc1fa0357a,33,90.61
70dc1fa0357a,34,93.61
70dc1fa0357a,35,96.61
70dc1fa0357a,36,99.61
70dc1fa0357a,37,102.55
70dc1fa0357a,38,104.61
70dc1fa0357a,39,106.61
70dc1fa0357a,40,109.61
70dc1fa0357a,41,111.61
70dc1fa0357a,42,114.59
70dc1fa0357a,43,116.61
70dc1fa0357a,44,117.61
70dc1fa0357a,45,119.61
70dc1fa0357a,46,122.61
70dc1fa0357a,47,124.61
70dc1fa0357a,48,127.59
70dc1fa0357a,49,129.65
70dc1fa0357a,50,131.61
957e3a38d5c7,1,1.42
957e3a38d5c7,2,2.15
957e3a38d5c7,3,2.16
957e3a38d5c7,4,2.18
957e3a38d5c7,5,2.19
957e3a38d5c7,6,3.05
957e3a38d5c7,7,3.1
957e3a38d5c7,8,3.12
957e3a38d5c7,9,3.14
957e3a38d5c7,10,3.17
957e3a38d5c7,11,4.99
957e3a38d5c7,12,5.03
957e3a38d5c7,13,5.04
957e3a38d5c7,14,5.06
957e3a38d5c7,15,5.08
957e3a38d5c7,16,5.09
957e3a38d5c7,17,5.1
957e3a38d5c7,18,6.99
957e3a38d5c7,19,7.36
957e3a38d5c7,20,8.1
957e3a38d5c7,21,8.11
957e3a38d5c7,22,8.14
957e3a38d5c7,23,8.16
957e3a38d5c7,24,8.18
957e3a38d5c7,25,8.2
957e3a38d5c7,26,9.14
957e3a38d5c7,27,11.14
957e3a38d5c7,28,11.17
957e3a38d5c7,29,11.18
957e3a38d5c7,30,11.45
957e3a38d5c7,31,12.03
957e3a38d5c7,32,12.08
957e3a38d5c7,33,12.09
957e3a38d5c7,34,12.11
957e3a38d5c7,35,12.12
957e3a38d5c7,36,12.14
957e3a38d5c7,37,12.16
957e3a38d5c7,38,12.18
957e3a38d5c7,39,12.19
957e3a38d5c7,40,13.04
957e3a38d5c7,41,13.06
957e3a38d5c7,42,13.09
957e3a38d5c7,43,13.11
957e3a38d5c7,44,14.3
957e3a38d5c7,45,14.32
957e3a38d5c7,46,15.17
957e3a38d5c7,47,16.28
957e3a38d5c7,48,17.17
957e3a38d5c7,49,17.18
957e3a38d5c7,50,18.15
7317255131a3,1,0.86
7317255131a3,2,1.59
7317255131a3,3,2.73
7317255131a3,4,4.72
7317255131a3,5,5.68
7317255131a3,6,6.76
7317255131a3,7,7.69
7317255131a3,8,8.71
7317255131a3,9,9.69
7317255131a3,10,10.72
7317255131a3,11,11.7
7317255131a3,12,13.5
7317255131a3,13,15.7
7317255131a3,14,16.71
7317255131a3,15,17.68
7317255131a3,16,18.48
7317255131a3,17,19.57
7317255131a3,18,20.71
7317255131a3,19,21.68
7317255131a3,20,22.56
7317255131a3,21,23.65
7317255131a3,22,24.53
7317255131a3,23,26.6
7317255131a3,24,27.64
7317255131a3,25,28.68
7317255131a3,26,29.61
7317255131a3,27,31.56
7317255131a3,28,32.59
7317255131a3,29,33.65
7317255131a3,30,34.63
7317255131a3,31,35.58
7317255131a3,32,37.69
7317255131a3,33,38.66
7317255131a3,34,39.76
7317255131a3,35,40.72
7317255131a3,36,41.64
7317255131a3,37,41.75
7317255131a3,38,42.62
7317255131a3,39,43.72
7317255131a3,40,45.36
7317255131a3,41,46.41
7317255131a3,42,47.66
7317255131a3,43,48.68
7317255131a3,44,49.57
7317255131a3,45,50.74
7317255131a3,46,52.46
7317255131a3,47,53.55
7317255131a3,48,54.74
7317255131a3,49,55.64
7317255131a3,50,56.85
9a04f8ae6d1f,1,2.36
9a04f8ae6d1f,2,3.42
9a04f8ae6d1f,3,5.4
9a04f8ae6d1f,4,6.36
9a04f8ae6d1f,5,9.36
9a04f8ae6d1f,6,10.44
9a04f8ae6d1f,7,13.07
9a04f8ae6d1f,8,13.36
9a04f8ae6d1f,9,16.36
9a04f8ae6d1f,10,17.49
9a04f8ae6d1f,11,19.36
9a04f8ae6d1f,12,19.42
9a04f8ae6d1f,13,20.36
9a04f8ae6d1f,14,23.36
9a04f8ae6d1f,15,24.4
9a04f8ae6d1f,16,26.42
9a04f8ae6d1f,17,27.36
9a04f8ae6d1f,18,30.36
9a04f8ae6d1f,19,31.4
9a04f8ae6d1f,20,32.71
9a04f8ae6d1f,21,34.36
9a04f8ae6d1f,22,37.36
9a04f8ae6d1f,23,38.36
9a04f8ae6d1f,24,40.44
9a04f8ae6d1f,25,41.36
9a04f8ae6d1f,26,44.36
9a04f8ae6d1f,27,45.48
9a04f8ae6d1f,28,47.4
9a04f8ae6d1f,29,48.36
9a04f8ae6d1f,30,51.36
9a04f8ae6d1f,31,52.42
9a04f8ae6d1f,32,54.44
9a04f8ae6d1f,33,55.36
9a04f8ae6d1f,34,58.36
9a04f8ae6d1f,35,59.44
9a04f8ae6d1f,36,61.48
9a04f8ae6d1f,37,62.36
9a04f8ae6d1f,38,65.36
9a04f8ae6d1f,39,66.49
9a04f8ae6d1f,40,68.49
9a04f8ae6d1f,41,69.36
9a04f8ae6d1f,42,72.36
9a04f8ae6d1f,43,73.49
9a04f8ae6d1f,44,75.49
9a04f8ae6d1f,45,76.36
9a04f8ae6d1f,46,79.36
9a04f8ae6d1f,47,80.49
9a04f8ae6d1f,48,82.48
9a04f8ae6d1f,49,83.36
9a04f8ae6d1f,50,86.36
956cdc256a62,1,0.13
956cdc256a62,2,0.32
956cdc256a62,3,1.36
956cdc256a62,4,2.44
956cdc256a62,5,2.57
956cdc256a62,6,3.13
956cdc256a62,7,3.36
956cdc256a62,8,3.47
956cdc256a62,9,3.57
956cdc256a62,10,4.34
956cdc256a62,11,5.32
956cdc256a62,12,6.26
956cdc256a62,13,6.34
956cdc256a62,14,7.15
956cdc256a62,15,7.28
956cdc256a62,16,8.15
956cdc256a62,17,8.36
956cdc256a62,18,9.65
956cdc256a62,19,10.15
956cdc256a62,20,10.22
956cdc256a62,21,10.41
956cdc256a62,22,11.2
956cdc256a62,23,11.32
956cdc256a62,24,12.17
956cdc256a62,25,12.42
956cdc256a62,26,13.28
956cdc256a62,27,13.57
956cdc256a62,28,14.42
956cdc256a62,29,15.27
956cdc256a62,30,16.26
956cdc256a62,31,17.13
956cdc256a62,32,17.32
956cdc256a62,33,18.26
956cdc256a62,34,19.15
956cdc256a62,35,19.26
956cdc256a62,36,20.26
956cdc256a62,37,21.26
956cdc256a62,38,21.53
956cdc256a62,39,22.26
956cdc256a62,40,23.26
956cdc256a62,41,23.39
956cdc256a62,42,23.53
956cdc256a62,43,24.19
956cdc256a62,44,24.55
956cdc256a62,45,25.26
956cdc256a62,46,26.19
956cdc256a62,47,27.22
956cdc256a62,48,28.15
956cdc256a62,49,28.26
956cdc256a62,50,29.26
6261d88772a3,1,1.57
6261d88772a3,2,4.57
6261d88772a3,3,6.57
6261d88772a3,4,9.28
6261d88772a3,5,11.56
6261d88772a3,6,14.58
6261d88772a3,7,18.53
6261d88772a3,8,20.53
6261d88772a3,9,22.53
6261d88772a3,10,23.54
6261d88772a3,11,25.53
6261d88772a3,12,28.52
6261d88772a3,13,29.52
6261d88772a3,14,33.25
6261d88772a3,15,34.58
6261d88772a3,16,35.63
6261d88772a3,17,36.64
6261d88772a3,18,37.33
15304aaf4ddd,1,7.19
15304aaf4ddd,2,7.74
15304aaf4ddd,3,13.11
15304aaf4ddd,4,14.18
15304aaf4ddd,5,38.08
15304aaf4ddd,6,48.17
15304aaf4ddd,7,51.19
15304aaf4ddd,8,66.09
15304aaf4ddd,9,78.98
15304aaf4ddd,10,81.1
15304aaf4ddd,11,96.24
15304aaf4ddd,12,105.11
15304aaf4ddd,13,111.18
15304aaf4ddd,14,117.64
15304aaf4ddd,15,125.79
15304aaf4ddd,16,138.22
15304aaf4ddd,17,142.86
15304aaf4ddd,18,144.17
15304aaf4ddd,19,152.18
15304aaf4ddd,20,160.11
15304aaf4ddd,21,164.92
15304aaf4ddd,22,170.82
15304aaf4ddd,23,175.17
15304aaf4ddd,24,181.96
15304aaf4ddd,25,214.26
15304aaf4ddd,26,230.99
15304aaf4ddd,27,238.97
15304aaf4ddd,28,251.21
15304aaf4ddd,29,268.32
15304aaf4ddd,30,279.98
15304aaf4ddd,31,284.16
15304aaf4ddd,32,287.12
63cbbe6dbe7e,1,0.49
63cbbe6dbe7e,2,0.9
63cbbe6dbe7e,3,2.65
63cbbe6dbe7e,4,3.62
63cbbe6dbe7e,5,4.62
63cbbe6dbe7e,6,6.61
63cbbe6dbe7e,7,7.61
63cbbe6dbe7e,8,8.55
63cbbe6dbe7e,9,9.61
63cbbe6dbe7e,10,10.65
63cbbe6dbe7e,11,11.57
63cbbe6dbe7e,12,13.55
63cbbe6dbe7e,13,14.52
63cbbe6dbe7e,14,16.61
63cbbe6dbe7e,15,17.55
63cbbe6dbe7e,16,18.59
63cbbe6dbe7e,17,20.56
63cbbe6dbe7e,18,21.56
63cbbe6dbe7e,19,22.57
63cbbe6dbe7e,20,23.61
63cbbe6dbe7e,21,24.65
63cbbe6dbe7e,22,25.61
63cbbe6dbe7e,23,26.52
63cbbe6dbe7e,24,27.55
63cbbe6dbe7e,25,28.64
63cbbe6dbe7e,26,29.47
63cbbe6dbe7e,27,30.65
63cbbe6dbe7e,28,31.44
63cbbe6dbe7e,29,32.56
63cbbe6dbe7e,30,33.93
63cbbe6dbe7e,31,34.52
63cbbe6dbe7e,32,35.94
63cbbe6dbe7e,33,36.52
63cbbe6dbe7e,34,38.03
63cbbe6dbe7e,35,39.03
63cbbe6dbe7e,36,39.93
63cbbe6dbe7e,37,40.93
63cbbe6dbe7e,38,41.93
63cbbe6dbe7e,39,42.5
63cbbe6dbe7e,40,43.51
63cbbe6dbe7e,41,44.11
63cbbe6dbe7e,42,44.19
63cbbe6dbe7e,43,45.6
63cbbe6dbe7e,44,45.88
63cbbe6dbe7e,45,46.53
63cbbe6dbe7e,46,46.91
63cbbe6dbe7e,47,47.92
63cbbe6dbe7e,48,48.93
63cbbe6dbe7e,49,49.93
63cbbe6dbe7e,50,50.54
5f592798135a,1,0.05
5f592798135a,2,1.11
5f592798135a,3,2.2
5f592798135a,4,2.28
5f592798135a,5,5.37
5f592798135a,6,6.23
5f592798135a,7,8.34
5f592798135a,8,9.28
5f592798135a,9,14.43
5f592798135a,10,15.32
5f592798135a,11,16.28
5f592798135a,12,18.49
5f592798135a,13,19.55
5f592798135a,14,20.47
5f592798135a,15,21.24
5f592798135a,16,56.23
5f592798135a,17,63.3
5f592798135a,18,64.35
5f592798135a,19,64.6
5f592798135a,20,65.51
5f592798135a,21,66.39
5f592798135a,22,66.65
5f592798135a,23,67.41
5f592798135a,24,68.61
5f592798135a,25,69.34
5f592798135a,26,71.49
5f592798135a,27,72.28
5f592798135a,28,73.24
5f592798135a,29,77.37
5f592798135a,30,79.28
5f592798135a,31,86.28
5f592798135a,32,100.19
5f592798135a,33,100.28
5f592798135a,34,100.62
5f592798135a,35,107.19
5f592798135a,36,108.17
5f592798135a,37,110.36
5f592798135a,38,112.34
5f592798135a,39,114.54
5f592798135a,40,115.57
5f592798135a,41,118.3
5f592798135a,42,119.35
5f592798135a,43,120.58
5f592798135a,44,121.29
5f592798135a,45,125.17
5f592798135a,46,126.18
5f592798135a,47,128.61
5f592798135a,48,131.33
5f592798135a,49,132.28
5f592798135a,50,141.31
772ff9c2f900,1,0.12
772ff9c2f900,2,0.15
772ff9c2f900,3,0.15
772ff9c2f900,4,0.15
772ff9c2f900,5,0.27
772ff9c2f900,6,0.75
772ff9c2f900,7,0.76
772ff9c2f900,8,0.77
772ff9c2f900,9,1.12
772ff9c2f900,10,1.12
772ff9c2f900,11,1.12
772ff9c2f900,12,1.28
772ff9c2f900,13,1.35
772ff9c2f900,14,1.36
772ff9c2f900,15,1.36
772ff9c2f900,16,1.58
772ff9c2f900,17,1.69
772ff9c2f900,18,1.76
772ff9c2f900,19,1.76
772ff9c2f900,20,2.06
772ff9c2f900,21,2.09
772ff9c2f900,22,2.1
772ff9c2f900,23,2.1
772ff9c2f900,24,2.32
772ff9c2f900,25,2.43
772ff9c2f900,26,2.46
772ff9c2f900,27,2.47
772ff9c2f900,28,2.62
772ff9c2f900,29,2.73
772ff9c2f900,30,2.73
772ff9c2f900,31,2.76
772ff9c2f900,32,3.08
772ff9c2f900,33,3.13
772ff9c2f900,34,3.17
772ff9c2f900,35,3.19
772ff9c2f900,36,3.2
772ff9c2f900,37,3.21
772ff9c2f900,38,3.25
772ff9c2f900,39,3.32
772ff9c2f900,40,3.46
772ff9c2f900,41,3.47
772ff9c2f900,42,3.48
772ff9c2f900,43,3.48
772ff9c2f900,44,3.63
772ff9c2f900,45,3.64
772ff9c2f900,46,3.78
772ff9c2f900,47,3.88
772ff9c2f900,48,3.9
772ff9c2f900,49,4.27
772ff9c2f900,50,4.3
43aa7f8ba0f5,1,0.36
43aa7f8ba0f5,2,0.41
43aa7f8ba0f5,3,1.01
43aa7f8ba0f5,4,1.05
43aa7f8ba0f5,5,2.3
43aa7f8ba0f5,6,2.4
43aa7f8ba0f5,7,3.11
43aa7f8ba0f5,8,3.44
43aa7f8ba0f5,9,4.36
43aa7f8ba0f5,10,4.44
43aa7f8ba0f5,11,5.36
43aa7f8ba0f5,12,5.4
43aa7f8ba0f5,13,6.32
43aa7f8ba0f5,14,6.32
43aa7f8ba0f5,15,6.35
43aa7f8ba0f5,16,7.21
43aa7f8ba0f5,17,7.44
43aa7f8ba0f5,18,8.36
43aa7f8ba0f5,19,8.44
43aa7f8ba0f5,20,9.36
43aa7f8ba0f5,21,9.44
43aa7f8ba0f5,22,10.36
43aa7f8ba0f5,23,10.44
43aa7f8ba0f5,24,11.32
43aa7f8ba0f5,25,11.36
43aa7f8ba0f5,26,11.44
43aa7f8ba0f5,27,12.28
43aa7f8ba0f5,28,12.31
43aa7f8ba0f5,29,13.28
43aa7f8ba0f5,30,13.43
43aa7f8ba0f5,31,14.1
43aa7f8ba0f5,32,14.44
43aa7f8ba0f5,33,15.12
43aa7f8ba0f5,34,15.22
43aa7f8ba0f5,35,16.36
43aa7f8ba0f5,36,16.44
43aa7f8ba0f5,37,17.36
43aa7f8ba0f5,38,17.36
43aa7f8ba0f5,39,17.44
43aa7f8ba0f5,40,18.26
43aa7f8ba0f5,41,18.43
43aa7f8ba0f5,42,19.36
43aa7f8ba0f5,43,19.44
43aa7f8ba0f5,44,20.36
43aa7f8ba0f5,45,20.36
43aa7f8ba0f5,46,20.44
43aa7f8ba0f5,47,21.18
43aa7f8ba0f5,48,21.21
43aa7f8ba0f5,49,22.14
43aa7f8ba0f5,50,22.27
2fb5e384feed,1,0.25
2fb5e384feed,2,1.24
2fb5e384feed,3,1.34
2fb5e384feed,4,2.32
2fb5e384feed,5,2.69
2fb5e384feed,6,3.29
2fb5e384feed,7,3.69
2fb5e384feed,8,4.36
2fb5e384feed,9,4.44
2fb5e384feed,10,5.38
2fb5e384feed,11,8.44
2fb5e384feed,12,9.44
2fb5e384feed,13,10.23
2fb5e384feed,14,11.34
2fb5e384feed,15,12.44
2fb5e384feed,16,13.44
2fb5e384feed,17,15.34
2fb5e384feed,18,15.42
2fb5e384feed,19,16.32
2fb5e384feed,20,16.46
2fb5e384feed,21,17.3
2fb5e384feed,22,17.69
2fb5e384feed,23,18.32
2fb5e384feed,24,19.32
2fb5e384feed,25,20.44
2fb5e384feed,26,21.44
2fb5e384feed,27,22.17
2fb5e384feed,28,23.69
2fb5e384feed,29,24.24
2fb5e384feed,30,24.44
2fb5e384feed,31,25.26
2fb5e384feed,32,26.24
2fb5e384feed,33,26.44
2fb5e384feed,34,35.99
2fb5e384feed,35,36.4
2fb5e384feed,36,37.17
2fb5e384feed,37,37.4
2fb5e384feed,38,38.4
2fb5e384feed,39,39.17
2fb5e384feed,40,39.4
2fb5e384feed,41,40.21
2fb5e384feed,42,40.4
2fb5e384feed,43,41.12
2fb5e384feed,44,41.4
2fb5e384feed,45,42.19
2fb5e384feed,46,42.4
2fb5e384feed,47,43.21
2fb5e384feed,48,43.4
2fb5e384feed,49,44.21
2fb5e384feed,50,44.4
14bcf1a27cc9,1,0.58
14bcf1a27cc9,2,7.58
14bcf1a27cc9,3,8.59
14bcf1a27cc9,4,10.58
14bcf1a27cc9,5,11.57
14bcf1a27cc9,6,12.58
14bcf1a27cc9,7,13.59
14bcf1a27cc9,8,14.58
14bcf1a27cc9,9,15.59
14bcf1a27cc9,10,17.57
14bcf1a27cc9,11,18.57
14bcf1a27cc9,12,19.58
14bcf1a27cc9,13,20.6
14bcf1a27cc9,14,21.61
14bcf1a27cc9,15,22.6
14bcf1a27cc9,16,172.66
14bcf1a27cc9,17,172.7
14bcf1a27cc9,18,172.74
14bcf1a27cc9,19,172.74
14bcf1a27cc9,20,172.74
14bcf1a27cc9,21,172.75
14bcf1a27cc9,22,173.36
14bcf1a27cc9,23,173.56
14bcf1a27cc9,24,173.79
14bcf1a27cc9,25,174.28
14bcf1a27cc9,26,174.35
14bcf1a27cc9,27,174.55
14bcf1a27cc9,28,175.33
14bcf1a27cc9,29,175.43
14bcf1a27cc9,30,175.65
3df0967754fd,1,0.88
3df0967754fd,2,1.88
3df0967754fd,3,2.88
3df0967754fd,4,3.88
3df0967754fd,5,4.88
3df0967754fd,6,5.88
3df0967754fd,7,6.88
3df0967754fd,8,7.88
3df0967754fd,9,8.88
3df0967754fd,10,9.88
3df0967754fd,11,10.88
3df0967754fd,12,11.88
3df0967754fd,13,12.88
3df0967754fd,14,13.88
3df0967754fd,15,23.88
a3f028fcec90,1,0.25
a3f028fcec90,2,2.56
a3f028fcec90,3,2.65
a3f028fcec90,4,4.44
a3f028fcec90,5,5.3
a3f028fcec90,6,5.67
a3f028fcec90,7,6.3
a3f028fcec90,8,7.29
a3f028fcec90,9,8.25
a3f028fcec90,10,11.31
a3f028fcec90,11,13.23
a3f028fcec90,12,14.63
a3f028fcec90,13,16.39
a3f028fcec90,14,17.67
a3f028fcec90,15,18.37
a3f028fcec90,16,19.3
a3f028fcec90,17,19.61
a3f028fcec90,18,20.26
a3f028fcec90,19,21.31
a3f028fcec90,20,21.57
a3f028fcec90,21,23.66
a3f028fcec90,22,26.3
a3f028fcec90,23,27.29
a3f028fcec90,24,28.25
a3f028fcec90,25,29.3
a3f028fcec90,26,30.69
a3f028fcec90,27,33.16
a3f028fcec90,28,34.27
a3f028fcec90,29,35.21
a3f028fcec90,30,37.16
a3f028fcec90,31,38.66
a3f028fcec90,32,39.23
a3f028fcec90,33,40.24
a3f028fcec90,34,41.31
a3f028fcec90,35,41.43
a3f028fcec90,36,42.72
a3f028fcec90,37,48.31
a3f028fcec90,38,49.22
a3f028fcec90,39,49.38
a3f028fcec90,40,50.16
a3f028fcec90,41,50.33
a3f028fcec90,42,52.58
a3f028fcec90,43,53.34
a3f028fcec90,44,55.3
a3f028fcec90,45,56.3
a3f028fcec90,46,57.26
a3f028fcec90,47,57.4
a3f028fcec90,48,58.23
a3f028fcec90,49,58.67
a3f028fcec90,50,59.26
0be9f97992d9,1,2.61
0be9f97992d9,2,3.61
0be9f97992d9,3,5.49
0be9f97992d9,4,12.49
0be9f97992d9,5,16.61
0be9f97992d9,6,19.49
0be9f97992d9,7,26.49
0be9f97992d9,8,31.61
0be9f97992d9,9,33.49
0be9f97992d9,10,40.48
0be9f97992d9,11,47.49
0be9f97992d9,12,54.49
0be9f97992d9,13,61.48
0be9f97992d9,14,68.49
0be9f97992d9,15,72.61
0be9f97992d9,16,75.48
0be9f97992d9,17,79.61
0be9f97992d9,18,82.49
0be9f97992d9,19,84.3
0be9f97992d9,20,86.61
0be9f97992d9,21,89.48
0be9f97992d9,22,93.61
0be9f97992d9,23,96.49
0be9f97992d9,24,100.61
0be9f97992d9,25,103.49
0be9f97992d9,26,110.49
0be9f97992d9,27,115.56
0be9f97992d9,28,117.48
0be9f97992d9,29,124.49
0be9f97992d9,30,131.48
0be9f97992d9,31,138.49
0be9f97992d9,32,145.48
0be9f97992d9,33,152.48
0be9f97992d9,34,159.48
0be9f97992d9,35,166.49
0be9f97992d9,36,173.48
0be9f97992d9,37,180.44
0be9f97992d9,38,187.44
0be9f97992d9,39,191.57
0be9f97992d9,40,194.44
0be9f97992d9,41,195.38
0be9f97992d9,42,198.61
0be9f97992d9,43,201.44
0be9f97992d9,44,201.65
0be9f97992d9,45,205.57
0be9f97992d9,46,208.44
0be9f97992d9,47,210.48
0be9f97992d9,48,212.61
0be9f97992d9,49,215.44
0be9f97992d9,50,216.49
10223ce5852b,1,0.61
10223ce5852b,2,0.61
10223ce5852b,3,1.61
10223ce5852b,4,1.61
10223ce5852b,5,2.61
10223ce5852b,6,2.61
10223ce5852b,7,3.61
10223ce5852b,8,3.61
10223ce5852b,9,3.61
10223ce5852b,10,4.61
10223ce5852b,11,4.61
10223ce5852b,12,5.61
10223ce5852b,13,5.61
10223ce5852b,14,6.61
10223ce5852b,15,6.61
10223ce5852b,16,7.61
10223ce5852b,17,7.61
10223ce5852b,18,7.61
10223ce5852b,19,8.61
10223ce5852b,20,8.61
10223ce5852b,21,9.61
10223ce5852b,22,9.61
10223ce5852b,23,10.61
10223ce5852b,24,10.61
10223ce5852b,25,10.61
10223ce5852b,26,11.61
10223ce5852b,27,11.61
10223ce5852b,28,11.61
10223ce5852b,29,12.61
10223ce5852b,30,12.61
10223ce5852b,31,13.61
10223ce5852b,32,13.61
10223ce5852b,33,14.61
10223ce5852b,34,14.61
10223ce5852b,35,15.61
10223ce5852b,36,15.61
10223ce5852b,37,16.61
10223ce5852b,38,16.61
10223ce5852b,39,17.61
10223ce5852b,40,17.61
10223ce5852b,41,18.61
10223ce5852b,42,18.61
10223ce5852b,43,18.61
10223ce5852b,44,18.61
10223ce5852b,45,19.61
10223ce5852b,46,19.61
10223ce5852b,47,19.61
10223ce5852b,48,19.61
10223ce5852b,49,20.61
10223ce5852b,50,20.61
f93bb91fdf9a,1,0.5
f93bb91fdf9a,2,1.26
f93bb91fdf9a,3,1.47
f93bb91fdf9a,4,2.21
f93bb91fdf9a,5,2.46
f93bb91fdf9a,6,3.26
f93bb91fdf9a,7,3.52
f93bb91fdf9a,8,4.25
f93bb91fdf9a,9,4.55
f93bb91fdf9a,10,5.35
f93bb91fdf9a,11,5.51
f93bb91fdf9a,12,6.36
f93bb91fdf9a,13,6.53
f93bb91fdf9a,14,7.35
f93bb91fdf9a,15,7.54
f93bb91fdf9a,16,8.26
f93bb91fdf9a,17,8.56
f93bb91fdf9a,18,9.4
f93bb91fdf9a,19,9.56
f93bb91fdf9a,20,10.42
f93bb91fdf9a,21,10.53
f93bb91fdf9a,22,11.34
f93bb91fdf9a,23,11.51
f93bb91fdf9a,24,12.37
f93bb91fdf9a,25,12.48
f93bb91fdf9a,26,13.52
f93bb91fdf9a,27,14.53
f93bb91fdf9a,28,15.48
f93bb91fdf9a,29,16.42
f93bb91fdf9a,30,19.51
f93bb91fdf9a,31,20.5
f93bb91fdf9a,32,21.49
f93bb91fdf9a,33,22.49
f93bb91fdf9a,34,23.46
f93bb91fdf9a,35,24.43
f93bb91fdf9a,36,25.45
f93bb91fdf9a,37,26.44
f93bb91fdf9a,38,27.5
f93bb91fdf9a,39,28.52
f93bb91fdf9a,40,29.43
f93bb91fdf9a,41,30.54
f93bb91fdf9a,42,31.46
f93bb91fdf9a,43,32.46
f93bb91fdf9a,44,33.44
f93bb91fdf9a,45,34.45
f93bb91fdf9a,46,35.51
f93bb91fdf9a,47,36.47
f93bb91fdf9a,48,37.5
f93bb91fdf9a,49,38.54
f93bb91fdf9a,50,39.51
ac562c26dd18,1,0.26
ac562c26dd18,2,2.31
ac562c26dd18,3,4.29
ac562c26dd18,4,6.15
ac562c26dd18,5,7.28
ac562c26dd18,6,8.3
ac562c26dd18,7,10.3
ac562c26dd18,8,12.17
ac562c26dd18,9,14.28
ac562c26dd18,10,16.3
ac562c26dd18,11,17.29
ac562c26dd18,12,19.27
ac562c26dd18,13,21.28
ac562c26dd18,14,23.22
ac562c26dd18,15,24.23
ac562c26dd18,16,25.25
ac562c26dd18,17,27.29
ac562c26dd18,18,43.14
ac562c26dd18,19,45.25
ac562c26dd18,20,47.14
ac562c26dd18,21,49.33
ac562c26dd18,22,52.29
ac562c26dd18,23,54.28
ac562c26dd18,24,56.28
ac562c26dd18,25,58.28
ac562c26dd18,26,59.17
ac562c26dd18,27,61.24
ac562c26dd18,28,63.26
ac562c26dd18,29,64.26
ac562c26dd18,30,68.23
ac562c26dd18,31,71.26
ac562c26dd18,32,73.17
ac562c26dd18,33,74.35
ac562c26dd18,34,77.18
ac562c26dd18,35,80.17
ac562c26dd18,36,81.19
ac562c26dd18,37,83.23
ac562c26dd18,38,84.31
ac562c26dd18,39,87.16
ac562c26dd18,40,91.28
ac562c26dd18,41,94.23
ac562c26dd18,42,96.23
ac562c26dd18,43,99.24
ac562c26dd18,44,101.3
ac562c26dd18,45,104.25
ac562c26dd18,46,105.29
ac562c26dd18,47,106.31
ac562c26dd18,48,108.29
ac562c26dd18,49,110.17
ac562c26dd18,50,111.31
872e1b0040a7,1,0.23
872e1b0040a7,2,2.16
872e1b0040a7,3,2.27
872e1b0040a7,4,3.07
872e1b0040a7,5,4.08
872e1b0040a7,6,5.07
872e1b0040a7,7,6.28
872e1b0040a7,8,7.06
872e1b0040a7,9,7.51
872e1b0040a7,10,9.21
872e1b0040a7,11,9.27
872e1b0040a7,12,10.07
872e1b0040a7,13,11.25
872e1b0040a7,14,12.25
872e1b0040a7,15,13.08
872e1b0040a7,16,13.17
872e1b0040a7,17,15.43
872e1b0040a7,18,16.27
872e1b0040a7,19,17.13
872e1b0040a7,20,17.26
872e1b0040a7,21,18.07
872e1b0040a7,22,19.26
872e1b0040a7,23,20.36
872e1b0040a7,24,21.41
872e1b0040a7,25,22.01
872e1b0040a7,26,22.05
872e1b0040a7,27,23.11
872e1b0040a7,28,23.24
872e1b0040a7,29,25.04
872e1b0040a7,30,26.06
872e1b0040a7,31,26.26
872e1b0040a7,32,27.07
872e1b0040a7,33,28.25
872e1b0040a7,34,29.28
872e1b0040a7,35,30.04
872e1b0040a7,36,30.24
872e1b0040a7,37,31.04
872e1b0040a7,38,33.16
872e1b0040a7,39,35.28
872e1b0040a7,40,36.18
872e1b0040a7,41,36.97
872e1b0040a7,42,36.97
872e1b0040a7,43,40.32
872e1b0040a7,44,40.94
872e1b0040a7,45,46.05
872e1b0040a7,46,46.41
872e1b0040a7,47,47.32
872e1b0040a7,48,49.95
872e1b0040a7,49,51.06
872e1b0040a7,50,56.12
698c94390797,1,1.21
698c94390797,2,1.21
698c94390797,3,4.12
698c94390797,4,5.38
698c94390797,5,5.38
698c94390797,6,8.23
698c94390797,7,9.23
698c94390797,8,9.68
698c94390797,9,10.27
698c94390797,10,10.27
698c94390797,11,11.56
698c94390797,12,11.56
698c94390797,13,14.15
698c94390797,14,15.08
698c94390797,15,16.19
698c94390797,16,16.48
698c94390797,17,16.48
698c94390797,18,18.14
698c94390797,19,19.15
698c94390797,20,19.15
698c94390797,21,20.15
698c94390797,22,21.16
698c94390797,23,21.16
698c94390797,24,22.13
698c94390797,25,23.17
698c94390797,26,24.13
698c94390797,27,25.18
698c94390797,28,25.18
698c94390797,29,26.13
698c94390797,30,27.11
698c94390797,31,27.12
698c94390797,32,27.59
698c94390797,33,28.62
698c94390797,34,28.62
698c94390797,35,29.69
698c94390797,36,29.69
698c94390797,37,31.11
698c94390797,38,33.67
698c94390797,39,33.67
698c94390797,40,35.09
698c94390797,41,35.09
698c94390797,42,35.09
698c94390797,43,36.14
698c94390797,44,37.21
698c94390797,45,37.52
698c94390797,46,37.53
698c94390797,47,39.08
698c94390797,48,39.08
698c94390797,49,40.13
698c94390797,50,40.13
2c2e946c97a7,1,0.25
2c2e946c97a7,2,0.32
2c2e946c97a7,3,0.34
2c2e946c97a7,4,0.87
2c2e946c97a7,5,0.89
2c2e946c97a7,6,0.91
2c2e946c97a7,7,1.28
2c2e946c97a7,8,2.24
2c2e946c97a7,9,2.27
2c2e946c97a7,10,2.27
2c2e946c97a7,11,3.13
2c2e946c97a7,12,3.18
2c2e946c97a7,13,3.22
2c2e946c97a7,14,3.24
2c2e946c97a7,15,3.25
2c2e946c97a7,16,3.27
2c2e946c97a7,17,4.12
2c2e946c97a7,18,4.14
2c2e946c97a7,19,4.16
2c2e946c97a7,20,4.16
2c2e946c97a7,21,4.35
2c2e946c97a7,22,5.0
2c2e946c97a7,23,5.18
2c2e946c97a7,24,5.19
2c2e946c97a7,25,5.22
2c2e946c97a7,26,5.33
2c2e946c97a7,27,5.38
2c2e946c97a7,28,5.39
2c2e946c97a7,29,5.91
2c2e946c97a7,30,5.92
2c2e946c97a7,31,5.98
2c2e946c97a7,32,5.99
2c2e946c97a7,33,6.0
2c2e946c97a7,34,6.21
2c2e946c97a7,35,6.25
2c2e946c97a7,36,6.29
2c2e946c97a7,37,6.98
2c2e946c97a7,38,6.99
2c2e946c97a7,39,7.23
2c2e946c97a7,40,7.24
2c2e946c97a7,41,7.25
2c2e946c97a7,42,7.26
2c2e946c97a7,43,7.3
2c2e946c97a7,44,7.32
2c2e946c97a7,45,8.14
2c2e946c97a7,46,8.2
2c2e946c97a7,47,8.2
2c2e946c97a7,48,11.03
2c2e946c97a7,49,11.03
2c2e946c97a7,50,11.86
e9117e988c7d,1,1.24
e9117e988c7d,2,6.24
e9117e988c7d,3,8.24
e9117e988c7d,4,11.23
e9117e988c7d,5,17.23
e9117e988c7d,6,20.24
e9117e988c7d,7,26.2
e9117e988c7d,8,33.21
e9117e988c7d,9,38.24
e9117e988c7d,10,43.24
e9117e988c7d,11,48.24
e9117e988c7d,12,52.24
e9117e988c7d,13,58.24
e9117e988c7d,14,63.24
e9117e988c7d,15,71.22
e9117e988c7d,16,75.23
e9117e988c7d,17,78.24
e9117e988c7d,18,83.22
e9117e988c7d,19,89.23
e9117e988c7d,20,96.24
e9117e988c7d,21,107.24
e9117e988c7d,22,113.23
e9117e988c7d,23,118.23
e9117e988c7d,24,123.24
e9117e988c7d,25,129.23
e9117e988c7d,26,133.24
e9117e988c7d,27,140.24
e9117e988c7d,28,146.23
e9117e988c7d,29,152.23
e9117e988c7d,30,156.23
e9117e988c7d,31,160.24
e9117e988c7d,32,166.08
e9117e988c7d,33,174.03
e9117e988c7d,34,175.92
e9117e988c7d,35,176.98
e9117e988c7d,36,184.99
e9117e988c7d,37,191.07
e9117e988c7d,38,195.04
e9117e988c7d,39,204.02
e9117e988c7d,40,209.09
e9117e988c7d,41,213.94
e9117e988c7d,42,221.01
e9117e988c7d,43,225.01
e9117e988c7d,44,228.97
e9117e988c7d,45,235.97
e9117e988c7d,46,243.97
e9117e988c7d,47,248.98
e9117e988c7d,48,255.97
e9117e988c7d,49,261.97
e9117e988c7d,50,267.94
8ce430b01e66,1,0.51
8ce430b01e66,2,2.54
8ce430b01e66,3,5.52
8ce430b01e66,4,8.61
8ce430b01e66,5,9.63
8ce430b01e66,6,11.61
8ce430b01e66,7,15.61
8ce430b01e66,8,16.55
8ce430b01e66,9,18.61
8ce430b01e66,10,20.6
8ce430b01e66,11,21.53
8ce430b01e66,12,24.54
8ce430b01e66,13,27.56
8ce430b01e66,14,30.6
8ce430b01e66,15,34.59
8ce430b01e66,16,38.61
8ce430b01e66,17,50.53
8ce430b01e66,18,110.63
8ce430b01e66,19,111.64
8ce430b01e66,20,117.6
8ce430b01e66,21,119.65
8ce430b01e66,22,120.63
8ce430b01e66,23,125.6
8ce430b01e66,24,128.58
8ce430b01e66,25,131.58
8ce430b01e66,26,133.61
8ce430b01e66,27,136.59
8ce430b01e66,28,138.53
8ce430b01e66,29,140.61
8ce430b01e66,30,141.68
8ce430b01e66,31,145.6
8ce430b01e66,32,147.55
8ce430b01e66,33,150.69
8ce430b01e66,34,152.61
8ce430b01e66,35,153.6
8ce430b01e66,36,155.61
8ce430b01e66,37,157.55
8ce430b01e66,38,159.6
8ce430b01e66,39,163.61
8ce430b01e66,40,167.6
8ce430b01e66,41,168.64
8ce430b01e66,42,170.61
8ce430b01e66,43,172.63
8ce430b01e66,44,174.59
8ce430b01e66,45,177.61
8ce430b01e66,46,181.59
8ce430b01e66,47,182.63
8ce430b01e66,48,185.61
8ce430b01e66,49,187.61
8ce430b01e66,50,189.61
a5fdbfa02f6f,1,0.61
a5fdbfa02f6f,2,1.57
a5fdbfa02f6f,3,1.86
a5fdbfa02f6f,4,2.65
a5fdbfa02f6f,5,2.94
a5fdbfa02f6f,6,3.57
a5fdbfa02f6f,7,3.9
a5fdbfa02f6f,8,4.57
a5fdbfa02f6f,9,4.86
a5fdbfa02f6f,10,6.61
a5fdbfa02f6f,11,6.86
a5fdbfa02f6f,12,7.86
a5fdbfa02f6f,13,8.86
a5fdbfa02f6f,14,9.94
a5fdbfa02f6f,15,10.61
a5fdbfa02f6f,16,10.94
a5fdbfa02f6f,17,11.57
a5fdbfa02f6f,18,11.86
a5fdbfa02f6f,19,12.61
a5fdbfa02f6f,20,13.61
a5fdbfa02f6f,21,13.86
a5fdbfa02f6f,22,14.61
a5fdbfa02f6f,23,14.86
a5fdbfa02f6f,24,15.61
a5fdbfa02f6f,25,15.86
a5fdbfa02f6f,26,16.94
a5fdbfa02f6f,27,17.61
a5fdbfa02f6f,28,17.94
a5fdbfa02f6f,29,19.61
a5fdbfa02f6f,30,19.86
a5fdbfa02f6f,31,20.61
a5fdbfa02f6f,32,21.61
a5fdbfa02f6f,33,22.59
a5fdbfa02f6f,34,22.86
a5fdbfa02f6f,35,23.61
a5fdbfa02f6f,36,23.99
a5fdbfa02f6f,37,24.61
a5fdbfa02f6f,38,24.9
a5fdbfa02f6f,39,25.61
a5fdbfa02f6f,40,25.86
a5fdbfa02f6f,41,27.61
a5fdbfa02f6f,42,27.86
a5fdbfa02f6f,43,28.61
a5fdbfa02f6f,44,31.9
a5fdbfa02f6f,45,32.86
a5fdbfa02f6f,46,33.86
a5fdbfa02f6f,47,34.61
a5fdbfa02f6f,48,34.86
a5fdbfa02f6f,49,35.61
a5fdbfa02f6f,50,35.86
f4c0eefd1a7a,1,3.07
f4c0eefd1a7a,2,3.08
f4c0eefd1a7a,3,3.09
f4c0eefd1a7a,4,3.09
f4c0eefd1a7a,5,3.1
f4c0eefd1a7a,6,6.06
f4c0eefd1a7a,7,6.07
f4c0eefd1a7a,8,6.07
f4c0eefd1a7a,9,6.08
f4c0eefd1a7a,10,9.3
f4c0eefd1a7a,11,9.31
f4c0eefd1a7a,12,11.3
f4c0eefd1a7a,13,11.85
f4c0eefd1a7a,14,12.01
f4c0eefd1a7a,15,13.08
f4c0eefd1a7a,16,13.18
f4c0eefd1a7a,17,13.19
f4c0eefd1a7a,18,22.07
f4c0eefd1a7a,19,22.08
f4c0eefd1a7a,20,26.09
f4c0eefd1a7a,21,26.1
f4c0eefd1a7a,22,36.86
f4c0eefd1a7a,23,49.24
f4c0eefd1a7a,24,50.25
f4c0eefd1a7a,25,53.31
f4c0eefd1a7a,26,57.78
f4c0eefd1a7a,27,58.26
f4c0eefd1a7a,28,60.3
f4c0eefd1a7a,29,62.27
f4c0eefd1a7a,30,63.85
f4c0eefd1a7a,31,65.0
f4c0eefd1a7a,32,66.33
f4c0eefd1a7a,33,70.32
f4c0eefd1a7a,34,82.12
f4c0eefd1a7a,35,93.25
f4c0eefd1a7a,36,99.22
f4c0eefd1a7a,37,153.12
f4c0eefd1a7a,38,156.15
f4c0eefd1a7a,39,161.08
f4c0eefd1a7a,40,164.19
f4c0eefd1a7a,41,167.06
f4c0eefd1a7a,42,171.09
f4c0eefd1a7a,43,175.13
f4c0eefd1a7a,44,176.25
f4c0eefd1a7a,45,179.08
f4c0eefd1a7a,46,184.35
f4c0eefd1a7a,47,186.36
f4c0eefd1a7a,48,187.16
f4c0eefd1a7a,49,188.14
f4c0eefd1a7a,50,188.83
4d4e87d3a0cc,1,1.32
4d4e87d3a0cc,2,2.28
4d4e87d3a0cc,3,3.27
4d4e87d3a0cc,4,3.55
4d4e87d3a0cc,5,4.44
4d4e87d3a0cc,6,4.79
4d4e87d3a0cc,7,5.3
4d4e87d3a0cc,8,5.39
4d4e87d3a0cc,9,5.6
4d4e87d3a0cc,10,6.23
4d4e87d3a0cc,11,78.17
4d4e87d3a0cc,12,85.17
4d4e87d3a0cc,13,91.59
4d4e87d3a0cc,14,97.3
4d4e87d3a0cc,15,98.3
4d4e87d3a0cc,16,101.3
4d4e87d3a0cc,17,102.13
4d4e87d3a0cc,18,102.3
4d4e87d3a0cc,19,103.13
4d4e87d3a0cc,20,103.3
4d4e87d3a0cc,21,104.13
4d4e87d3a0cc,22,104.3
4d4e87d3a0cc,23,105.13
4d4e87d3a0cc,24,105.3
4d4e87d3a0cc,25,106.13
4d4e87d3a0cc,26,106.3
4d4e87d3a0cc,27,107.3
4d4e87d3a0cc,28,108.13
4d4e87d3a0cc,29,108.3
4d4e87d3a0cc,30,110.51
4d4e87d3a0cc,31,111.17
4d4e87d3a0cc,32,111.8
4d4e87d3a0cc,33,112.13
4d4e87d3a0cc,34,113.8
4d4e87d3a0cc,35,114.13
4d4e87d3a0cc,36,114.8
4d4e87d3a0cc,37,115.13
4d4e87d3a0cc,38,116.13
4d4e87d3a0cc,39,116.26
4d4e87d3a0cc,40,117.13
4d4e87d3a0cc,41,117.34
4d4e87d3a0cc,42,118.13
4d4e87d3a0cc,43,118.34
4d4e87d3a0cc,44,119.13
4d4e87d3a0cc,45,119.34
4d4e87d3a0cc,46,121.34
4d4e87d3a0cc,47,127.33
4d4e87d3a0cc,48,129.34
4d4e87d3a0cc,49,132.34
4d4e87d3a0cc,50,134.34
fc962dbe09db,1,1.02
fc962dbe09db,2,2.44
fc962dbe09db,3,3.1
fc962dbe09db,4,3.38
fc962dbe09db,5,3.4
fc962dbe09db,6,4.42
fc962dbe09db,7,5.09
fc962dbe09db,8,7.44
fc962dbe09db,9,8.26
fc962dbe09db,10,9.53
fc962dbe09db,11,10.27
fc962dbe09db,12,11.24
fc962dbe09db,13,14.26
fc962dbe09db,14,16.18
fc962dbe09db,15,16.39
fc962dbe09db,16,17.4
fc962dbe09db,17,19.44
fc962dbe09db,18,20.44
fc962dbe09db,19,21.42
fc962dbe09db,20,22.32
fc962dbe09db,21,23.49
fc962dbe09db,22,23.84
fc962dbe09db,23,25.18
fc962dbe09db,24,30.44
fc962dbe09db,25,31.48
fc962dbe09db,26,32.21
fc962dbe09db,27,32.28
fc962dbe09db,28,33.49
fc962dbe09db,29,35.23
fc962dbe09db,30,36.42
fc962dbe09db,31,37.43
fc962dbe09db,32,38.45
fc962dbe09db,33,39.32
fc962dbe09db,34,39.36
fc962dbe09db,35,42.38
fc962dbe09db,36,43.37
fc962dbe09db,37,44.42
fc962dbe09db,38,45.5
fc962dbe09db,39,46.15
fc962dbe09db,40,46.51
fc962dbe09db,41,47.4
fc962dbe09db,42,49.44
fc962dbe09db,43,50.46
fc962dbe09db,44,51.49
fc962dbe09db,45,52.38
fc962dbe09db,46,53.42
fc962dbe09db,47,54.18
fc962dbe09db,48,54.44
fc962dbe09db,49,55.45
fc962dbe09db,50,56.45
18a2b7546a32,1,0.38
18a2b7546a32,2,2.34
18a2b7546a32,3,3.29
18a2b7546a32,4,4.39
18a2b7546a32,5,5.21
18a2b7546a32,6,6.19
18a2b7546a32,7,7.25
18a2b7546a32,8,8.34
18a2b7546a32,9,10.26
18a2b7546a32,10,11.36
18a2b7546a32,11,12.38
18a2b7546a32,12,13.09
18a2b7546a32,13,14.21
18a2b7546a32,14,15.01
18a2b7546a32,15,16.15
18a2b7546a32,16,17.1
18a2b7546a32,17,18.4
18a2b7546a32,18,19.24
18a2b7546a32,19,20.41
18a2b7546a32,20,21.29
18a2b7546a32,21,24.34
18a2b7546a32,22,26.38
18a2b7546a32,23,27.4
18a2b7546a32,24,28.11
18a2b7546a32,25,29.25
18a2b7546a32,26,30.4
18a2b7546a32,27,31.43
18a2b7546a32,28,33.34
18a2b7546a32,29,34.36
18a2b7546a32,30,35.32
18a2b7546a32,31,36.28
18a2b7546a32,32,38.44
18a2b7546a32,33,39.18
18a2b7546a32,34,40.83
18a2b7546a32,35,41.82
18a2b7546a32,36,43.08
18a2b7546a32,37,44.79
18a2b7546a32,38,46.32
18a2b7546a32,39,47.43
18a2b7546a32,40,48.39
18a2b7546a32,41,49.35
18a2b7546a32,42,49.89
18a2b7546a32,43,50.15
18a2b7546a32,44,51.01
18a2b7546a32,45,52.36
18a2b7546a32,46,53.36
18a2b7546a32,47,55.14
18a2b7546a32,48,56.06
18a2b7546a32,49,57.1
18a2b7546a32,50,57.83
139cdf2e54e0,1,0.38
139cdf2e54e0,2,8.33
139cdf2e54e0,3,10.4
139cdf2e54e0,4,13.33
139cdf2e54e0,5,14.36
139cdf2e54e0,6,15.32
139cdf2e54e0,7,17.36
139cdf2e54e0,8,18.37
139cdf2e54e0,9,19.38
139cdf2e54e0,10,20.36
139cdf2e54e0,11,21.34
139cdf2e54e0,12,22.34
139cdf2e54e0,13,23.34
139cdf2e54e0,14,24.32
139cdf2e54e0,15,25.36
139cdf2e54e0,16,26.37
139cdf2e54e0,17,28.31
139cdf2e54e0,18,29.33
139cdf2e54e0,19,30.35
139cdf2e54e0,20,31.32
139cdf2e54e0,21,32.35
139cdf2e54e0,22,34.27
139cdf2e54e0,23,36.29
139cdf2e54e0,24,38.23
139cdf2e54e0,25,39.36
139cdf2e54e0,26,40.74
139cdf2e54e0,27,41.78
139cdf2e54e0,28,43.54
139cdf2e54e0,29,44.68
568b92d14108,1,0.02
568b92d14108,2,0.39
568b92d14108,3,0.54
568b92d14108,4,0.84
568b92d14108,5,1.07
568b92d14108,6,1.45
568b92d14108,7,1.59
568b92d14108,8,2.53
568b92d14108,9,2.77
568b92d14108,10,3.05
568b92d14108,11,3.59
568b92d14108,12,3.83
568b92d14108,13,4.07
568b92d14108,14,4.48
568b92d14108,15,4.61
568b92d14108,16,5.04
568b92d14108,17,5.42
568b92d14108,18,5.52
568b92d14108,19,5.85
568b92d14108,20,6.03
568b92d14108,21,6.39
568b92d14108,22,7.04
568b92d14108,23,7.63
568b92d14108,24,7.87
568b92d14108,25,8.03
568b92d14108,26,8.55
568b92d14108,27,9.35
568b92d14108,28,9.59
568b92d14108,29,9.93
568b92d14108,30,10.42
568b92d14108,31,10.72
568b92d14108,32,10.83
568b92d14108,33,12.86
568b92d14108,34,13.05
568b92d14108,35,13.39
568b92d14108,36,13.6
568b92d14108,37,14.03
568b92d14108,38,14.51
568b92d14108,39,14.7
568b92d14108,40,14.86
568b92d14108,41,15.07
568b92d14108,42,15.45
568b92d14108,43,15.59
568b92d14108,44,15.81
568b92d14108,45,16.0
568b92d14108,46,16.72
568b92d14108,47,16.94
568b92d14108,48,17.03
568b92d14108,49,17.44
568b92d14108,50,17.73
3b192fecfe79,1,0.39
3b192fecfe79,2,1.37
3b192fecfe79,3,2.49
3b192fecfe79,4,3.57
3b192fecfe79,5,4.35
3b192fecfe79,6,5.39
3b192fecfe79,7,8.53
3b192fecfe79,8,9.63
3b192fecfe79,9,10.51
3b192fecfe79,10,12.37
3b192fecfe79,11,18.36
3b192fecfe79,12,22.39
3b192fecfe79,13,26.4
3b192fecfe79,14,29.36
3b192fecfe79,15,31.69
3b192fecfe79,16,32.34
3b192fecfe79,17,35.55
3b192fecfe79,18,36.22
3b192fecfe79,19,36.39
3b192fecfe79,20,37.31
3b192fecfe79,21,38.5
3b192fecfe79,22,39.4
3b192fecfe79,23,40.48
3b192fecfe79,24,41.37
3b192fecfe79,25,43.37
3b192fecfe79,26,49.34
3b192fecfe79,27,53.4
3b192fecfe79,28,61.38
3b192fecfe79,29,62.41
3b192fecfe79,30,63.39
3b192fecfe79,31,64.32
3b192fecfe79,32,66.31
3b192fecfe79,33,67.39
3b192fecfe79,34,68.48
3b192fecfe79,35,69.39
3b192fecfe79,36,70.36
3b192fecfe79,37,71.38
3b192fecfe79,38,73.3
3b192fecfe79,39,75.39
3b192fecfe79,40,76.38
3b192fecfe79,41,81.39
3b192fecfe79,42,82.4
3b192fecfe79,43,83.49
3b192fecfe79,44,84.36
3b192fecfe79,45,87.22
3b192fecfe79,46,92.35
3b192fecfe79,47,93.35
3b192fecfe79,48,96.32
3b192fecfe79,49,104.35
3b192fecfe79,50,105.32
9923b5624044,1,0.24
9923b5624044,2,0.28
9923b5624044,3,0.3
9923b5624044,4,0.3
9923b5624044,5,0.32
9923b5624044,6,0.32
9923b5624044,7,0.36
9923b5624044,8,0.4
9923b5624044,9,0.43
9923b5624044,10,0.57
9923b5624044,11,0.62
9923b5624044,12,1.23
9923b5624044,13,1.28
9923b5624044,14,1.28
9923b5624044,15,1.31
9923b5624044,16,1.32
9923b5624044,17,1.36
9923b5624044,18,1.4
9923b5624044,19,1.44
9923b5624044,20,1.44
9923b5624044,21,1.49
9923b5624044,22,1.53
9923b5624044,23,1.56
9923b5624044,24,2.26
9923b5624044,25,2.28
9923b5624044,26,2.3
9923b5624044,27,2.3
9923b5624044,28,2.34
9923b5624044,29,2.38
9923b5624044,30,2.42
9923b5624044,31,2.46
9923b5624044,32,2.51
9923b5624044,33,2.55
9923b5624044,34,2.59
9923b5624044,35,3.16
9923b5624044,36,3.17
9923b5624044,37,3.21
9923b5624044,38,3.21
9923b5624044,39,3.3
9923b5624044,40,3.38
9923b5624044,41,3.43
9923b5624044,42,3.45
9923b5624044,43,3.46
9923b5624044,44,3.49
9923b5624044,45,3.53
9923b5624044,46,3.57
9923b5624044,47,3.61
9923b5624044,48,4.07
9923b5624044,49,4.21
9923b5624044,50,4.24
6de65d5cfedf,1,0.15
6de65d5cfedf,2,0.24
6de65d5cfedf,3,0.32
6de65d5cfedf,4,0.4
6de65d5cfedf,5,0.48
6de65d5cfedf,6,0.65
6de65d5cfedf,7,0.73
6de65d5cfedf,8,1.15
6de65d5cfedf,9,1.23
6de65d5cfedf,10,1.32
6de65d5cfedf,11,1.4
6de65d5cfedf,12,1.48
6de65d5cfedf,13,1.57
6de65d5cfedf,14,1.65
6de65d5cfedf,15,1.73
6de65d5cfedf,16,2.15
6de65d5cfedf,17,2.24
6de65d5cfedf,18,2.32
6de65d5cfedf,19,2.4
6de65d5cfedf,20,2.49
6de65d5cfedf,21,2.57
6de65d5cfedf,22,2.65
6de65d5cfedf,23,2.74
6de65d5cfedf,24,3.15
6de65d5cfedf,25,3.23
6de65d5cfedf,26,3.32
6de65d5cfedf,27,3.4
6de65d5cfedf,28,3.49
6de65d5cfedf,29,3.57
6de65d5cfedf,30,3.65
6de65d5cfedf,31,3.74
6de65d5cfedf,32,4.15
6de65d5cfedf,33,4.23
6de65d5cfedf,34,4.32
6de65d5cfedf,35,4.4
6de65d5cfedf,36,4.49
6de65d5cfedf,37,4.57
6de65d5cfedf,38,4.65
6de65d5cfedf,39,4.73
6de65d5cfedf,40,5.15
6de65d5cfedf,41,5.23
6de65d5cfedf,42,5.32
6de65d5cfedf,43,5.4
6de65d5cfedf,44,5.49
6de65d5cfedf,45,5.57
6de65d5cfedf,46,5.65
6de65d5cfedf,47,5.74
6de65d5cfedf,48,6.15
6de65d5cfedf,49,6.24
6de65d5cfedf,50,6.32
0d161143d80c,1,1.78
0d161143d80c,2,8.78
0d161143d80c,3,15.78
0d161143d80c,4,22.78
0d161143d80c,5,29.78
0d161143d80c,6,43.78
0d161143d80c,7,50.78
0d161143d80c,8,57.78
0d161143d80c,9,71.78
0d161143d80c,10,113.78
0d161143d80c,11,120.78
0d161143d80c,12,134.78
0d161143d80c,13,141.78
0d161143d80c,14,155.78
0d161143d80c,15,161.78
0d161143d80c,16,168.78
0d161143d80c,17,176.78
0d161143d80c,18,183.78
0d161143d80c,19,215.78
0d161143d80c,20,225.78
0d161143d80c,21,232.78
0d161143d80c,22,239.78
0d161143d80c,23,245.78
0d161143d80c,24,252.78
0d161143d80c,25,260.78
0d161143d80c,26,267.78
0d161143d80c,27,274.78
0d161143d80c,28,287.78
0d161143d80c,29,295.78
0d161143d80c,30,308.78
0d161143d80c,31,316.78
0d161143d80c,32,323.78
0d161143d80c,33,330.78
0d161143d80c,34,337.75
0d161143d80c,35,351.78
0d161143d80c,36,358.77
0d161143d80c,37,372.78
0d161143d80c,38,379.78
0d161143d80c,39,386.78
0d161143d80c,40,393.78
0d161143d80c,41,400.78
0d161143d80c,42,407.78
0d161143d80c,43,414.78
0d161143d80c,44,421.78
0d161143d80c,45,427.78
0d161143d80c,46,434.78
0d161143d80c,47,442.78
0d161143d80c,48,449.78
0d161143d80c,49,456.76
0d161143d80c,50,463.78
ecf605d4daa0,1,0.3
ecf605d4daa0,2,1.23
ecf605d4daa0,3,1.33
ecf605d4daa0,4,2.3
ecf605d4daa0,5,3.31
ecf605d4daa0,6,4.32
ecf605d4daa0,7,5.33
ecf605d4daa0,8,6.32
ecf605d4daa0,9,7.32
ecf605d4daa0,10,8.26
ecf605d4daa0,11,9.31
ecf605d4daa0,12,10.31
ecf605d4daa0,13,11.3
ecf605d4daa0,14,12.32
ecf605d4daa0,15,13.29
ecf605d4daa0,16,14.32
ecf605d4daa0,17,15.24
ecf605d4daa0,18,16.24
ecf605d4daa0,19,17.32
ecf605d4daa0,20,18.33
ecf605d4daa0,21,18.65
ecf605d4daa0,22,19.3
ecf605d4daa0,23,20.29
ecf605d4daa0,24,21.29
ecf605d4daa0,25,22.33
ecf605d4daa0,26,23.3
ecf605d4daa0,27,24.3
ecf605d4daa0,28,25.25
ecf605d4daa0,29,26.31
ecf605d4daa0,30,27.31
ecf605d4daa0,31,28.33
ecf605d4daa0,32,29.32
ecf605d4daa0,33,30.32
ecf605d4daa0,34,31.3
ecf605d4daa0,35,32.33
ecf605d4daa0,36,33.28
ecf605d4daa0,37,34.28
ecf605d4daa0,38,35.29
ecf605d4daa0,39,36.33
ecf605d4daa0,40,37.33
ecf605d4daa0,41,38.32
ecf605d4daa0,42,39.31
ecf605d4daa0,43,40.33
ecf605d4daa0,44,41.32
ecf605d4daa0,45,42.33
ecf605d4daa0,46,43.33
ecf605d4daa0,47,44.3
ecf605d4daa0,48,45.25
ecf605d4daa0,49,46.32
ecf605d4daa0,50,47.3
c6ef410f2f11,1,0.09
c6ef410f2f11,2,1.02
c6ef410f2f11,3,4.01
c6ef410f2f11,4,4.09
c6ef410f2f11,5,4.98
c6ef410f2f11,6,6.13
c6ef410f2f11,7,7.11
c6ef410f2f11,8,8.05
c6ef410f2f11,9,9.19
c6ef410f2f11,10,10.1
c6ef410f2f11,11,12.05
c6ef410f2f11,12,14.06
c6ef410f2f11,13,15.03
c6ef410f2f11,14,17.13
c6ef410f2f11,15,18.15
c6ef410f2f11,16,20.07
c6ef410f2f11,17,22.24
c6ef410f2f11,18,23.01
c6ef410f2f11,19,23.99
c6ef410f2f11,20,25.11
c6ef410f2f11,21,26.02
c6ef410f2f11,22,28.02
c6ef410f2f11,23,29.13
c6ef410f2f11,24,30.15
c6ef410f2f11,25,31.06
c6ef410f2f11,26,32.03
c6ef410f2f11,27,42.96
c6ef410f2f11,28,47.1
c6ef410f2f11,29,73.07
c6ef410f2f11,30,74.04
c6ef410f2f11,31,76.09
c6ef410f2f11,32,79.07
c6ef410f2f11,33,80.09
c6ef410f2f11,34,81.05
c6ef410f2f11,35,152.1
c6ef410f2f11,36,154.09
c6ef410f2f11,37,157.08
c6ef410f2f11,38,157.98
c6ef410f2f11,39,158.11
c6ef410f2f11,40,158.94
c6ef410f2f11,41,162.06
c6ef410f2f11,42,163.1
c6ef410f2f11,43,164.03
c6ef410f2f11,44,164.97
c6ef410f2f11,45,166.01
c6ef410f2f11,46,170.96
c6ef410f2f11,47,171.03
c6ef410f2f11,48,171.98
c6ef410f2f11,49,173.07
c6ef410f2f11,50,173.94
991fc75281e2,1,0.42
991fc75281e2,2,0.46
991fc75281e2,3,0.61
991fc75281e2,4,0.92
991fc75281e2,5,1.42
991fc75281e2,6,1.46
991fc75281e2,7,1.63
991fc75281e2,8,1.92
991fc75281e2,9,2.42
991fc75281e2,10,2.46
991fc75281e2,11,2.61
991fc75281e2,12,2.92
991fc75281e2,13,3.42
991fc75281e2,14,3.46
991fc75281e2,15,3.63
991fc75281e2,16,3.92
991fc75281e2,17,4.42
991fc75281e2,18,4.46
991fc75281e2,19,4.63
991fc75281e2,20,4.92
991fc75281e2,21,5.42
991fc75281e2,22,5.46
991fc75281e2,23,5.63
991fc75281e2,24,5.92
991fc75281e2,25,6.41
991fc75281e2,26,6.46
991fc75281e2,27,6.63
991fc75281e2,28,6.92
991fc75281e2,29,7.42
991fc75281e2,30,7.46
991fc75281e2,31,7.61
991fc75281e2,32,7.92
991fc75281e2,33,8.42
991fc75281e2,34,8.46
991fc75281e2,35,8.63
991fc75281e2,36,8.92
991fc75281e2,37,9.42
991fc75281e2,38,9.46
991fc75281e2,39,9.61
991fc75281e2,40,9.92
991fc75281e2,41,10.42
991fc75281e2,42,10.46
991fc75281e2,43,10.63
991fc75281e2,44,10.92
991fc75281e2,45,11.46
991fc75281e2,46,11.61
991fc75281e2,47,11.92
991fc75281e2,48,12.42
991fc75281e2,49,12.46
991fc75281e2,50,12.63
6273de6ffd20,1,1.1
6273de6ffd20,2,3.28
6273de6ffd20,3,5.39
6273de6ffd20,4,6.27
6273de6ffd20,5,8.33
6273de6ffd20,6,15.01
6273de6ffd20,7,15.15
6273de6ffd20,8,19.2
6273de6ffd20,9,20.25
6273de6ffd20,10,21.28
6273de6ffd20,11,23.34
6273de6ffd20,12,32.18
6273de6ffd20,13,64.19
6273de6ffd20,14,65.95
6273de6ffd20,15,68.1
6273de6ffd20,16,69.98
6273de6ffd20,17,84.1
6273de6ffd20,18,85.14
6273de6ffd20,19,92.2
6273de6ffd20,20,96.26
6273de6ffd20,21,98.2
6273de6ffd20,22,111.22
6273de6ffd20,23,117.22
6273de6ffd20,24,122.25
6273de6ffd20,25,126.08
6273de6ffd20,26,130.32
6273de6ffd20,27,140.09
6273de6ffd20,28,148.12
6273de6ffd20,29,149.29
6273de6ffd20,30,156.22
6273de6ffd20,31,170.22
6273de6ffd20,32,182.27
6273de6ffd20,33,185.31
6273de6ffd20,34,192.28
6273de6ffd20,35,204.12
6273de6ffd20,36,208.22
6273de6ffd20,37,210.22
6273de6ffd20,38,210.24
6273de6ffd20,39,213.17
6273de6ffd20,40,224.18
6273de6ffd20,41,270.89
6273de6ffd20,42,286.23
6273de6ffd20,43,321.08
6273de6ffd20,44,367.26
6273de6ffd20,45,368.31
6273de6ffd20,46,406.26
6273de6ffd20,47,407.21
6273de6ffd20,48,417.16
6273de6ffd20,49,419.29
6273de6ffd20,50,482.32
7790e39793b3,1,0.3
7790e39793b3,2,0.58
7790e39793b3,3,1.44
7790e39793b3,4,1.71
7790e39793b3,5,1.72
7790e39793b3,6,2.35
7790e39793b3,7,2.42
7790e39793b3,8,2.43
7790e39793b3,9,3.4
7790e39793b3,10,3.7
7790e39793b3,11,3.72
7790e39793b3,12,4.33
7790e39793b3,13,4.49
7790e39793b3,14,5.26
7790e39793b3,15,5.27
7790e39793b3,16,5.58
7790e39793b3,17,5.62
7790e39793b3,18,6.43
7790e39793b3,19,6.5
7790e39793b3,20,7.26
7790e39793b3,21,7.5
7790e39793b3,22,7.5
7790e39793b3,23,8.15
7790e39793b3,24,8.45
7790e39793b3,25,8.57
7790e39793b3,26,8.64
7790e39793b3,27,9.39
7790e39793b3,28,9.52
7790e39793b3,29,9.6
7790e39793b3,30,9.61
7790e39793b3,31,10.26
7790e39793b3,32,10.51
7790e39793b3,33,10.62
7790e39793b3,34,11.49
7790e39793b3,35,11.49
7790e39793b3,36,12.29
7790e39793b3,37,12.47
7790e39793b3,38,12.47
7790e39793b3,39,12.47
7790e39793b3,40,13.35
7790e39793b3,41,13.41
7790e39793b3,42,13.53
7790e39793b3,43,14.11
7790e39793b3,44,14.48
7790e39793b3,45,15.39
7790e39793b3,46,15.5
7790e39793b3,47,15.53
7790e39793b3,48,15.53
7790e39793b3,49,16.39
7790e39793b3,50,16.49
5538151a37d8,1,0.86
5538151a37d8,2,1.86
5538151a37d8,3,2.82
5538151a37d8,4,3.82
5538151a37d8,5,4.86
5538151a37d8,6,5.86
5538151a37d8,7,6.86
5538151a37d8,8,7.65
5538151a37d8,9,9.82
5538151a37d8,10,10.82
5538151a37d8,11,11.87
5538151a37d8,12,12.87
5538151a37d8,13,14.87
5538151a37d8,14,15.65
5538151a37d8,15,16.82
5538151a37d8,16,17.82
5538151a37d8,17,18.87
5538151a37d8,18,19.87
5538151a37d8,19,21.87
5538151a37d8,20,22.61
5538151a37d8,21,23.82
5538151a37d8,22,24.82
5538151a37d8,23,25.87
5538151a37d8,24,26.87
5538151a37d8,25,28.87
5538151a37d8,26,29.61
5538151a37d8,27,30.82
5538151a37d8,28,31.82
5538151a37d8,29,32.87
5538151a37d8,30,33.87
5538151a37d8,31,35.87
5538151a37d8,32,36.82
5538151a37d8,33,37.82
5538151a37d8,34,38.82
5538151a37d8,35,39.87
5538151a37d8,36,40.61
5538151a37d8,37,40.87
5538151a37d8,38,42.87
5538151a37d8,39,43.63
5538151a37d8,40,45.82
5538151a37d8,41,46.87
5538151a37d8,42,47.83
5538151a37d8,43,49.87
5538151a37d8,44,50.61
5538151a37d8,45,51.82
5538151a37d8,46,52.82
5538151a37d8,47,53.69
5538151a37d8,48,54.87
5538151a37d8,49,56.87
5538151a37d8,50,57.61
015b9c3cafb9,1,0.3
015b9c3cafb9,2,0.38
015b9c3cafb9,3,0.46
015b9c3cafb9,4,0.53
015b9c3cafb9,5,0.63
015b9c3cafb9,6,0.71
015b9c3cafb9,7,0.8
015b9c3cafb9,8,1.3
015b9c3cafb9,9,1.38
015b9c3cafb9,10,1.46
015b9c3cafb9,11,1.55
015b9c3cafb9,12,1.63
015b9c3cafb9,13,1.71
015b9c3cafb9,14,1.8
015b9c3cafb9,15,2.3
015b9c3cafb9,16,2.38
015b9c3cafb9,17,2.46
015b9c3cafb9,18,2.55
015b9c3cafb9,19,2.63
015b9c3cafb9,20,2.67
015b9c3cafb9,21,2.8
015b9c3cafb9,22,3.3
015b9c3cafb9,23,3.38
015b9c3cafb9,24,3.46
015b9c3cafb9,25,3.55
015b9c3cafb9,26,3.63
015b9c3cafb9,27,3.71
015b9c3cafb9,28,3.8
015b9c3cafb9,29,4.3
015b9c3cafb9,30,4.38
015b9c3cafb9,31,4.46
015b9c3cafb9,32,4.55
015b9c3cafb9,33,4.71
015b9c3cafb9,34,4.8
015b9c3cafb9,35,5.28
015b9c3cafb9,36,5.37
015b9c3cafb9,37,5.44
015b9c3cafb9,38,5.54
015b9c3cafb9,39,5.63
015b9c3cafb9,40,5.71
015b9c3cafb9,41,6.24
015b9c3cafb9,42,6.38
015b9c3cafb9,43,6.46
015b9c3cafb9,44,6.55
015b9c3cafb9,45,6.63
015b9c3cafb9,46,6.71
015b9c3cafb9,47,6.8
015b9c3cafb9,48,7.3
015b9c3cafb9,49,7.38
015b9c3cafb9,50,7.46
ac77f5af6090,1,0.55
ac77f5af6090,2,1.55
ac77f5af6090,3,2.46
ac77f5af6090,4,2.76
ac77f5af6090,5,3.46
ac77f5af6090,6,3.76
ac77f5af6090,7,4.55
ac77f5af6090,8,6.55
ac77f5af6090,9,6.76
ac77f5af6090,10,7.63
ac77f5af6090,11,8.59
ac77f5af6090,12,9.42
ac77f5af6090,13,10.4
ac77f5af6090,14,10.59
ac77f5af6090,15,14.67
ac77f5af6090,16,27.8
ac77f5af6090,17,28.76
ac77f5af6090,18,40.67
ac77f5af6090,19,42.76
ac77f5af6090,20,43.67
ac77f5af6090,21,45.76
ac77f5af6090,22,46.63
ac77f5af6090,23,51.55
ac77f5af6090,24,52.55
ac77f5af6090,25,52.8
ac77f5af6090,26,62.8
ac77f5af6090,27,77.84
ac77f5af6090,28,92.88
ac77f5af6090,29,93.46
ac77f5af6090,30,93.88
ac77f5af6090,31,97.71
ac77f5af6090,32,99.46
ac77f5af6090,33,99.63
ac77f5af6090,34,101.46
ac77f5af6090,35,101.76
ac77f5af6090,36,104.46
ac77f5af6090,37,112.46
ac77f5af6090,38,118.46
ac77f5af6090,39,123.46
ac77f5af6090,40,126.46
ac77f5af6090,41,127.46
ac77f5af6090,42,129.46
ac77f5af6090,43,147.69
ac77f5af6090,44,149.72
ac77f5af6090,45,159.73
ac77f5af6090,46,164.71
ac77f5af6090,47,165.46
ac77f5af6090,48,165.58
ac77f5af6090,49,178.79
ac77f5af6090,50,181.75
a9c364d89f76,1,0.23
a9c364d89f76,2,1.24
a9c364d89f76,3,1.32
a9c364d89f76,4,2.26
a9c364d89f76,5,2.52
a9c364d89f76,6,3.05
a9c364d89f76,7,3.24
a9c364d89f76,8,4.24
a9c364d89f76,9,5.23
a9c364d89f76,10,6.24
a9c364d89f76,11,7.24
a9c364d89f76,12,8.24
a9c364d89f76,13,9.23
a9c364d89f76,14,10.24
a9c364d89f76,15,11.24
a9c364d89f76,16,12.24
a9c364d89f76,17,14.24
a9c364d89f76,18,15.24
a9c364d89f76,19,16.24
a9c364d89f76,20,18.24
a9c364d89f76,21,19.24
a9c364d89f76,22,20.24
a9c364d89f76,23,21.24
a9c364d89f76,24,22.23
a9c364d89f76,25,23.24
a9c364d89f76,26,24.17
a9c364d89f76,27,25.23
a9c364d89f76,28,28.23
a9c364d89f76,29,29.21
a9c364d89f76,30,29.28
a9c364d89f76,31,32.46
a9c364d89f76,32,33.23
a9c364d89f76,33,34.23
a9c364d89f76,34,35.23
a9c364d89f76,35,37.24
a9c364d89f76,36,39.47
a9c364d89f76,37,40.46
a9c364d89f76,38,41.24
a9c364d89f76,39,42.23
a9c364d89f76,40,44.23
a9c364d89f76,41,46.28
a9c364d89f76,42,48.24
a9c364d89f76,43,49.23
a9c364d89f76,44,50.24
a9c364d89f76,45,54.24
a9c364d89f76,46,55.23
a9c364d89f76,47,56.24
a9c364d89f76,48,58.24
a9c364d89f76,49,60.23
a9c364d89f76,50,61.23
0dc15ac74280,1,0.65
0dc15ac74280,2,0.77
0dc15ac74280,3,1.64
0dc15ac74280,4,2.65
0dc15ac74280,5,2.86
0dc15ac74280,6,3.65
0dc15ac74280,7,3.86
0dc15ac74280,8,4.11
0dc15ac74280,9,4.86
0dc15ac74280,10,5.11
0dc15ac74280,11,5.65
0dc15ac74280,12,5.86
0dc15ac74280,13,6.11
0dc15ac74280,14,6.65
0dc15ac74280,15,6.86
0dc15ac74280,16,7.11
0dc15ac74280,17,7.65
0dc15ac74280,18,7.86
0dc15ac74280,19,8.11
0dc15ac74280,20,8.65
0dc15ac74280,21,8.86
0dc15ac74280,22,9.11
0dc15ac74280,23,9.65
0dc15ac74280,24,9.86
0dc15ac74280,25,10.11
0dc15ac74280,26,10.42
0dc15ac74280,27,11.59
0dc15ac74280,28,12.11
0dc15ac74280,29,12.44
0dc15ac74280,30,12.59
0dc15ac74280,31,13.69
0dc15ac74280,32,14.65
0dc15ac74280,33,14.86
0dc15ac74280,34,15.51
0dc15ac74280,35,15.63
0dc15ac74280,36,18.11
0dc15ac74280,37,18.65
0dc15ac74280,38,18.86
0dc15ac74280,39,19.11
0dc15ac74280,40,19.86
0dc15ac74280,41,20.11
0dc15ac74280,42,20.65
0dc15ac74280,43,20.86
0dc15ac74280,44,21.11
0dc15ac74280,45,21.63
0dc15ac74280,46,21.86
0dc15ac74280,47,22.11
0dc15ac74280,48,22.59
0dc15ac74280,49,22.7
0dc15ac74280,50,23.65
7902a08cd0dc,1,0.07
7902a08cd0dc,2,0.98
7902a08cd0dc,3,1.08
7902a08cd0dc,4,2.02
7902a08cd0dc,5,2.19
7902a08cd0dc,6,2.36
7902a08cd0dc,7,3.02
7902a08cd0dc,8,3.19
7902a08cd0dc,9,4.09
7902a08cd0dc,10,4.98
7902a08cd0dc,11,5.08
7902a08cd0dc,12,6.0
7902a08cd0dc,13,6.98
7902a08cd0dc,14,7.08
7902a08cd0dc,15,7.97
7902a08cd0dc,16,8.07
7902a08cd0dc,17,8.98
7902a08cd0dc,18,9.08
7902a08cd0dc,19,9.91
7902a08cd0dc,20,10.03
7902a08cd0dc,21,10.15
7902a08cd0dc,22,10.97
7902a08cd0dc,23,11.08
7902a08cd0dc,24,11.96
7902a08cd0dc,25,12.06
7902a08cd0dc,26,12.97
7902a08cd0dc,27,13.05
7902a08cd0dc,28,13.98
7902a08cd0dc,29,14.08
7902a08cd0dc,30,14.97
7902a08cd0dc,31,15.08
7902a08cd0dc,32,15.97
7902a08cd0dc,33,16.08
7902a08cd0dc,34,16.98
7902a08cd0dc,35,17.08
7902a08cd0dc,36,17.98
7902a08cd0dc,37,18.07
7902a08cd0dc,38,18.94
7902a08cd0dc,39,19.08
7902a08cd0dc,40,19.97
7902a08cd0dc,41,20.08
7902a08cd0dc,42,20.98
7902a08cd0dc,43,21.08
7902a08cd0dc,44,21.98
7902a08cd0dc,45,22.08
7902a08cd0dc,46,22.99
7902a08cd0dc,47,23.08
7902a08cd0dc,48,23.95
7902a08cd0dc,49,24.08
7902a08cd0dc,50,24.97
42b3f1edb993,1,0.01
42b3f1edb993,2,3.02
42b3f1edb993,3,5.01
42b3f1edb993,4,7.02
42b3f1edb993,5,8.02
42b3f1edb993,6,10.02
42b3f1edb993,7,11.02
42b3f1edb993,8,12.02
42b3f1edb993,9,13.02
42b3f1edb993,10,15.02
42b3f1edb993,11,16.02
42b3f1edb993,12,19.01
42b3f1edb993,13,20.01
42b3f1edb993,14,21.02
42b3f1edb993,15,22.02
42b3f1edb993,16,23.02
42b3f1edb993,17,25.02
42b3f1edb993,18,27.02
42b3f1edb993,19,28.0
42b3f1edb993,20,29.02
42b3f1edb993,21,29.3
42b3f1edb993,22,30.02
42b3f1edb993,23,32.02
42b3f1edb993,24,32.99
42b3f1edb993,25,34.02
42b3f1edb993,26,35.02
42b3f1edb993,27,36.02
42b3f1edb993,28,37.02
42b3f1edb993,29,38.02
42b3f1edb993,30,40.01
42b3f1edb993,31,41.02
42b3f1edb993,32,42.02
42b3f1edb993,33,44.02
42b3f1edb993,34,46.02
42b3f1edb993,35,47.02
42b3f1edb993,36,48.02
42b3f1edb993,37,49.02
42b3f1edb993,38,50.02
42b3f1edb993,39,51.02
42b3f1edb993,40,52.02
42b3f1edb993,41,53.02
42b3f1edb993,42,54.02
42b3f1edb993,43,55.01
42b3f1edb993,44,56.0
42b3f1edb993,45,57.02
42b3f1edb993,46,58.01
42b3f1edb993,47,59.02
42b3f1edb993,48,60.02
42b3f1edb993,49,61.02
42b3f1edb993,50,61.14
3c7dc13ff349,1,0.09
3c7dc13ff349,2,0.2
3c7dc13ff349,3,0.37
3c7dc13ff349,4,1.08
3c7dc13ff349,5,1.15
3c7dc13ff349,6,2.17
3c7dc13ff349,7,2.29
3c7dc13ff349,8,3.09
3c7dc13ff349,9,3.23
3c7dc13ff349,10,4.01
3c7dc13ff349,11,4.13
3c7dc13ff349,12,4.36
3c7dc13ff349,13,5.2
3c7dc13ff349,14,5.4
3c7dc13ff349,15,6.12
3c7dc13ff349,16,6.26
3c7dc13ff349,17,6.4
3c7dc13ff349,18,7.14
3c7dc13ff349,19,7.28
3c7dc13ff349,20,7.39
3c7dc13ff349,21,8.12
3c7dc13ff349,22,8.28
3c7dc13ff349,23,8.4
3c7dc13ff349,24,9.11
3c7dc13ff349,25,9.23
3c7dc13ff349,26,9.37
3c7dc13ff349,27,10.14
3c7dc13ff349,28,10.39
3c7dc13ff349,29,11.13
3c7dc13ff349,30,11.26
3c7dc13ff349,31,11.38
3c7dc13ff349,32,12.26
3c7dc13ff349,33,12.39
3c7dc13ff349,34,13.15
3c7dc13ff349,35,13.35
3c7dc13ff349,36,14.15
3c7dc13ff349,37,14.28
3c7dc13ff349,38,15.15
3c7dc13ff349,39,15.28
3c7dc13ff349,40,15.4
3c7dc13ff349,41,16.38
3c7dc13ff349,42,17.07
3c7dc13ff349,43,17.12
3c7dc13ff349,44,17.28
3c7dc13ff349,45,17.38
3c7dc13ff349,46,18.28
3c7dc13ff349,47,18.4
3c7dc13ff349,48,19.11
3c7dc13ff349,49,19.41
3c7dc13ff349,50,20.13
d7e44634216d,1,2.83
d7e44634216d,2,3.9
d7e44634216d,3,4.89
d7e44634216d,4,5.89
d7e44634216d,5,6.88
d7e44634216d,6,7.9
d7e44634216d,7,8.89
d7e44634216d,8,9.85
d7e44634216d,9,10.84
d7e44634216d,10,11.89
d7e44634216d,11,12.88
d7e44634216d,12,14.86
d7e44634216d,13,15.84
d7e44634216d,14,16.88
d7e44634216d,15,19.88
d7e44634216d,16,20.88
d7e44634216d,17,21.85
d7e44634216d,18,24.77
d7e44634216d,19,25.79
d7e44634216d,20,26.87
d7e44634216d,21,27.88
d7e44634216d,22,28.84
d7e44634216d,23,29.85
d7e44634216d,24,30.8
d7e44634216d,25,31.85
d7e44634216d,26,32.86
d7e44634216d,27,33.79
d7e44634216d,28,34.81
d7e44634216d,29,35.88
d7e44634216d,30,37.75
d7e44634216d,31,39.77
d7e44634216d,32,40.86
d7e44634216d,33,41.86
d7e44634216d,34,42.86
d7e44634216d,35,43.86
d7e44634216d,36,45.75
d7e44634216d,37,46.88
d7e44634216d,38,47.86
d7e44634216d,39,48.86
d7e44634216d,40,49.86
d7e44634216d,41,50.86
d7e44634216d,42,51.86
d7e44634216d,43,52.88
d7e44634216d,44,53.86
d7e44634216d,45,54.89
d7e44634216d,46,55.81
d7e44634216d,47,56.86
d7e44634216d,48,57.82
d7e44634216d,49,59.77
d7e44634216d,50,61.86
f181ba6da08b,1,0.24
f181ba6da08b,2,0.27
f181ba6da08b,3,0.27
f181ba6da08b,4,0.28
f181ba6da08b,5,0.28
f181ba6da08b,6,0.28
f181ba6da08b,7,0.28
f181ba6da08b,8,0.28
f181ba6da08b,9,0.28
f181ba6da08b,10,0.29
f181ba6da08b,11,0.29
f181ba6da08b,12,0.29
f181ba6da08b,13,0.29
f181ba6da08b,14,0.29
f181ba6da08b,15,0.29
f181ba6da08b,16,0.29
f181ba6da08b,17,0.29
f181ba6da08b,18,0.29
f181ba6da08b,19,0.3
f181ba6da08b,20,0.3
f181ba6da08b,21,0.3
f181ba6da08b,22,0.3
f181ba6da08b,23,0.3
f181ba6da08b,24,0.31
f181ba6da08b,25,0.31
f181ba6da08b,26,0.32
f181ba6da08b,27,0.32
f181ba6da08b,28,0.33
f181ba6da08b,29,0.33
f181ba6da08b,30,0.34
f181ba6da08b,31,0.34
f181ba6da08b,32,0.35
f181ba6da08b,33,0.35
f181ba6da08b,34,0.35
f181ba6da08b,35,0.36
f181ba6da08b,36,0.37
f181ba6da08b,37,0.38
f181ba6da08b,38,0.38
f181ba6da08b,39,0.38
f181ba6da08b,40,0.39
f181ba6da08b,41,0.39
f181ba6da08b,42,0.39
f181ba6da08b,43,0.39
f181ba6da08b,44,0.4
f181ba6da08b,45,0.4
f181ba6da08b,46,0.4
f181ba6da08b,47,0.41
f181ba6da08b,48,0.41
f181ba6da08b,49,0.41
f181ba6da08b,50,0.43
ac0528a43a49,1,0.42
ac0528a43a49,2,0.46
ac0528a43a49,3,0.51
ac0528a43a49,4,1.42
ac0528a43a49,5,1.46
ac0528a43a49,6,1.51
ac0528a43a49,7,2.42
ac0528a43a49,8,2.46
ac0528a43a49,9,2.51
ac0528a43a49,10,3.42
ac0528a43a49,11,3.46
ac0528a43a49,12,3.51
ac0528a43a49,13,4.42
ac0528a43a49,14,4.46
ac0528a43a49,15,4.51
ac0528a43a49,16,5.44
ac0528a43a49,17,5.46
ac0528a43a49,18,5.51
ac0528a43a49,19,6.42
ac0528a43a49,20,6.46
ac0528a43a49,21,6.51
ac0528a43a49,22,7.46
ac0528a43a49,23,7.51
ac0528a43a49,24,8.46
ac0528a43a49,25,8.51
ac0528a43a49,26,9.52
ac0528a43a49,27,9.56
ac0528a43a49,28,10.36
ac0528a43a49,29,10.6
ac0528a43a49,30,11.41
ac0528a43a49,31,11.46
ac0528a43a49,32,11.51
ac0528a43a49,33,12.48
ac0528a43a49,34,12.51
ac0528a43a49,35,13.06
ac0528a43a49,36,13.42
ac0528a43a49,37,13.46
ac0528a43a49,38,13.51
ac0528a43a49,39,14.42
ac0528a43a49,40,14.46
ac0528a43a49,41,14.51
ac0528a43a49,42,15.42
ac0528a43a49,43,15.46
ac0528a43a49,44,15.51
ac0528a43a49,45,16.42
ac0528a43a49,46,16.46
ac0528a43a49,47,16.51
ac0528a43a49,48,17.42
ac0528a43a49,49,17.46
ac0528a43a49,50,17.51
05c3c6fcf3cb,1,1.01
05c3c6fcf3cb,2,1.46
05c3c6fcf3cb,3,3.0
05c3c6fcf3cb,4,4.62
05c3c6fcf3cb,5,9.02
05c3c6fcf3cb,6,9.99
05c3c6fcf3cb,7,11.02
05c3c6fcf3cb,8,15.88
05c3c6fcf3cb,9,17.18
05c3c6fcf3cb,10,17.9
05c3c6fcf3cb,11,20.9
05c3c6fcf3cb,12,22.05
05c3c6fcf3cb,13,24.37
05c3c6fcf3cb,14,26.01
05c3c6fcf3cb,15,30.34
05c3c6fcf3cb,16,31.44
05c3c6fcf3cb,17,34.21
05c3c6fcf3cb,18,36.11
05c3c6fcf3cb,19,38.06
05c3c6fcf3cb,20,40.57
05c3c6fcf3cb,21,41.33
05c3c6fcf3cb,22,43.3
05c3c6fcf3cb,23,43.91
05c3c6fcf3cb,24,44.26
05c3c6fcf3cb,25,48.23
05c3c6fcf3cb,26,57.15
05c3c6fcf3cb,27,60.91
05c3c6fcf3cb,28,65.4
05c3c6fcf3cb,29,66.27
05c3c6fcf3cb,30,72.4
05c3c6fcf3cb,31,86.38
05c3c6fcf3cb,32,97.22
05c3c6fcf3cb,33,109.36
05c3c6fcf3cb,34,113.96
05c3c6fcf3cb,35,114.99
05c3c6fcf3cb,36,118.19
05c3c6fcf3cb,37,120.2
05c3c6fcf3cb,38,121.39
05c3c6fcf3cb,39,122.37
39bdf1a148de,1,2.09
39bdf1a148de,2,4.04
39bdf1a148de,3,6.11
39bdf1a148de,4,21.1
39bdf1a148de,5,23.04
39bdf1a148de,6,45.3
39bdf1a148de,7,52.06
39bdf1a148de,8,56.11
39bdf1a148de,9,59.36
39bdf1a148de,10,62.06
39bdf1a148de,11,63.96
39bdf1a148de,12,68.07
39bdf1a148de,13,70.1
39bdf1a148de,14,72.09
39bdf1a148de,15,74.09
39bdf1a148de,16,83.11
39bdf1a148de,17,94.09
39bdf1a148de,18,94.09
39bdf1a148de,19,95.03
39bdf1a148de,20,105.1
39bdf1a148de,21,117.04
39bdf1a148de,22,126.09
39bdf1a148de,23,127.09
39bdf1a148de,24,133.01
39bdf1a148de,25,137.06
39bdf1a148de,26,139.04
39bdf1a148de,27,154.11
39bdf1a148de,28,161.06
39bdf1a148de,29,164.04
39bdf1a148de,30,167.07
39bdf1a148de,31,169.05
39bdf1a148de,32,173.02
39bdf1a148de,33,174.04
39bdf1a148de,34,178.06
39bdf1a148de,35,183.06
39bdf1a148de,36,187.0
39bdf1a148de,37,189.01
39bdf1a148de,38,193.05
39bdf1a148de,39,194.04
39bdf1a148de,40,195.05
39bdf1a148de,41,197.08
39bdf1a148de,42,198.37
39bdf1a148de,43,199.36
39bdf1a148de,44,200.07
39bdf1a148de,45,201.03
39bdf1a148de,46,202.04
39bdf1a148de,47,204.26
39bdf1a148de,48,205.1
39bdf1a148de,49,206.06
39bdf1a148de,50,207.11
117ab7fff76e,1,0.28
117ab7fff76e,2,0.41
117ab7fff76e,3,0.81
117ab7fff76e,4,1.36
117ab7fff76e,5,1.43
117ab7fff76e,6,1.45
117ab7fff76e,7,1.46
117ab7fff76e,8,1.47
117ab7fff76e,9,1.49
117ab7fff76e,10,1.72
117ab7fff76e,11,2.42
117ab7fff76e,12,2.65
117ab7fff76e,13,2.66
117ab7fff76e,14,2.67
117ab7fff76e,15,2.7
117ab7fff76e,16,3.4
117ab7fff76e,17,3.41
117ab7fff76e,18,3.42
117ab7fff76e,19,3.43
117ab7fff76e,20,3.56
117ab7fff76e,21,3.57
117ab7fff76e,22,3.59
117ab7fff76e,23,3.71
117ab7fff76e,24,3.72
117ab7fff76e,25,3.72
117ab7fff76e,26,3.74
117ab7fff76e,27,4.27
117ab7fff76e,28,4.29
117ab7fff76e,29,4.3
117ab7fff76e,30,4.31
117ab7fff76e,31,4.32
117ab7fff76e,32,4.32
117ab7fff76e,33,4.33
117ab7fff76e,34,4.38
117ab7fff76e,35,4.41
117ab7fff76e,36,4.43
117ab7fff76e,37,4.46
117ab7fff76e,38,4.47
117ab7fff76e,39,4.48
117ab7fff76e,40,4.57
117ab7fff76e,41,4.69
117ab7fff76e,42,4.71
117ab7fff76e,43,4.73
117ab7fff76e,44,4.85
117ab7fff76e,45,5.26
117ab7fff76e,46,5.27
117ab7fff76e,47,5.28
117ab7fff76e,48,5.29
117ab7fff76e,49,5.31
117ab7fff76e,50,5.34
270872b7c913,1,0.05
270872b7c913,2,0.22
270872b7c913,3,0.28
270872b7c913,4,0.31
270872b7c913,5,0.4
270872b7c913,6,0.44
270872b7c913,7,0.48
270872b7c913,8,0.52
270872b7c913,9,0.84
270872b7c913,10,0.94
270872b7c913,11,0.97
270872b7c913,12,1.03
270872b7c913,13,1.2
270872b7c913,14,1.31
270872b7c913,15,1.39
270872b7c913,16,1.41
270872b7c913,17,1.48
270872b7c913,18,1.9
270872b7c913,19,2.03
270872b7c913,20,2.14
270872b7c913,21,2.32
270872b7c913,22,2.44
270872b7c913,23,2.51
270872b7c913,24,2.55
270872b7c913,25,3.0
270872b7c913,26,3.11
270872b7c913,27,3.23
270872b7c913,28,3.38
270872b7c913,29,3.59
270872b7c913,30,4.05
270872b7c913,31,4.11
270872b7c913,32,4.13
270872b7c913,33,4.16
270872b7c913,34,4.24
270872b7c913,35,4.31
270872b7c913,36,4.4
270872b7c913,37,4.48
270872b7c913,38,4.56
270872b7c913,39,4.63
270872b7c913,40,5.02
270872b7c913,41,5.12
270872b7c913,42,5.3
270872b7c913,43,5.44
270872b7c913,44,5.48
270872b7c913,45,5.54
270872b7c913,46,5.92
270872b7c913,47,6.07
270872b7c913,48,6.1
270872b7c913,49,6.21
270872b7c913,50,6.36
264b23b2a19e,1,0.11
264b23b2a19e,2,0.32
264b23b2a19e,3,0.4
264b23b2a19e,4,1.11
264b23b2a19e,5,1.32
264b23b2a19e,6,1.4
264b23b2a19e,7,2.07
264b23b2a19e,8,2.32
264b23b2a19e,9,2.4
264b23b2a19e,10,3.11
264b23b2a19e,11,3.32
264b23b2a19e,12,3.4
264b23b2a19e,13,4.11
264b23b2a19e,14,4.32
264b23b2a19e,15,4.4
264b23b2a19e,16,5.11
264b23b2a19e,17,5.32
264b23b2a19e,18,5.4
264b23b2a19e,19,6.11
264b23b2a19e,20,6.32
264b23b2a19e,21,6.4
264b23b2a19e,22,7.11
264b23b2a19e,23,7.32
264b23b2a19e,24,7.4
264b23b2a19e,25,8.11
264b23b2a19e,26,8.32
264b23b2a19e,27,8.4
264b23b2a19e,28,9.11
264b23b2a19e,29,9.32
264b23b2a19e,30,9.4
264b23b2a19e,31,10.11
264b23b2a19e,32,10.32
264b23b2a19e,33,10.4
264b23b2a19e,34,11.11
264b23b2a19e,35,11.32
264b23b2a19e,36,11.4
264b23b2a19e,37,12.11
264b23b2a19e,38,12.32
264b23b2a19e,39,12.4
264b23b2a19e,40,13.07
264b23b2a19e,41,13.32
264b23b2a19e,42,13.4
264b23b2a19e,43,14.11
264b23b2a19e,44,14.32
264b23b2a19e,45,14.4
264b23b2a19e,46,15.0
264b23b2a19e,47,15.32
264b23b2a19e,48,15.4
264b23b2a19e,49,16.11
264b23b2a19e,50,16.32
d673246e8c32,1,3.24
d673246e8c32,2,4.19
d673246e8c32,3,7.25
d673246e8c32,4,13.33
d673246e8c32,5,14.17
d673246e8c32,6,15.22
d673246e8c32,7,16.2
d673246e8c32,8,17.61
d673246e8c32,9,19.19
d673246e8c32,10,22.27
d673246e8c32,11,27.16
d673246e8c32,12,29.22
d673246e8c32,13,34.07
d673246e8c32,14,52.28
d673246e8c32,15,55.14
d673246e8c32,16,60.26
d673246e8c32,17,61.26
d673246e8c32,18,63.31
d673246e8c32,19,70.14
d673246e8c32,20,70.29
d673246e8c32,21,73.31
d673246e8c32,22,75.32
d673246e8c32,23,78.51
d673246e8c32,24,88.17
d673246e8c32,25,89.24
d673246e8c32,26,96.19
d673246e8c32,27,96.89
d673246e8c32,28,102.16
d673246e8c32,29,105.43
d673246e8c32,30,108.81
d673246e8c32,31,110.84
d673246e8c32,32,114.18
d673246e8c32,33,122.23
d673246e8c32,34,122.34
d673246e8c32,35,123.07
d673246e8c32,36,125.26
d673246e8c32,37,133.02
d673246e8c32,38,136.35
d673246e8c32,39,138.01
d673246e8c32,40,139.16
d673246e8c32,41,139.27
d673246e8c32,42,140.18
d673246e8c32,43,146.34
d673246e8c32,44,148.06
d673246e8c32,45,149.95
d673246e8c32,46,155.93
d673246e8c32,47,156.68
d673246e8c32,48,161.23
d673246e8c32,49,164.3
d673246e8c32,50,167.7
78c9346fa010,1,0.61
78c9346fa010,2,1.61
78c9346fa010,3,2.61
78c9346fa010,4,2.95
78c9346fa010,5,3.61
78c9346fa010,6,3.95
78c9346fa010,7,4.61
78c9346fa010,8,5.61
78c9346fa010,9,6.61
78c9346fa010,10,8.61
78c9346fa010,11,9.61
78c9346fa010,12,10.61
78c9346fa010,13,10.95
78c9346fa010,14,11.61
78c9346fa010,15,12.61
78c9346fa010,16,13.61
78c9346fa010,17,14.61
78c9346fa010,18,15.61
78c9346fa010,19,16.61
78c9346fa010,20,16.95
78c9346fa010,21,17.61
78c9346fa010,22,17.95
78c9346fa010,23,18.61
78c9346fa010,24,19.61
78c9346fa010,25,20.61
78c9346fa010,26,21.61
78c9346fa010,27,22.61
78c9346fa010,28,23.95
78c9346fa010,29,24.61
78c9346fa010,30,24.95
78c9346fa010,31,25.61
78c9346fa010,32,26.61
78c9346fa010,33,27.61
78c9346fa010,34,28.61
78c9346fa010,35,29.61
78c9346fa010,36,30.61
78c9346fa010,37,31.61
78c9346fa010,38,32.61
78c9346fa010,39,33.61
78c9346fa010,40,34.61
78c9346fa010,41,36.61
78c9346fa010,42,37.61
78c9346fa010,43,37.85
78c9346fa010,44,38.61
78c9346fa010,45,38.95
78c9346fa010,46,39.61
78c9346fa010,47,40.61
78c9346fa010,48,42.61
78c9346fa010,49,43.61
78c9346fa010,50,45.61
0b29a43ff439,1,0.77
0b29a43ff439,2,1.48
0b29a43ff439,3,5.3
0b29a43ff439,4,6.47
0b29a43ff439,5,7.73
0b29a43ff439,6,8.73
0b29a43ff439,7,9.55
0b29a43ff439,8,10.76
0b29a43ff439,9,11.43
0b29a43ff439,10,12.65
0b29a43ff439,11,13.5
0b29a43ff439,12,30.38
0b29a43ff439,13,57.54
0b29a43ff439,14,104.49
0b29a43ff439,15,113.78
0b29a43ff439,16,114.35
0b29a43ff439,17,118.41
0b29a43ff439,18,121.45
0b29a43ff439,19,133.22
0b29a43ff439,20,166.42
0b29a43ff439,21,169.3
0b29a43ff439,22,188.39
0b29a43ff439,23,194.18
0b29a43ff439,24,195.26
0b29a43ff439,25,203.65
0b29a43ff439,26,313.72
0b29a43ff439,27,314.58
0b29a43ff439,28,315.49
0b29a43ff439,29,320.55
0b29a43ff439,30,359.44
0b29a43ff439,31,364.62
0b29a43ff439,32,369.54
0b29a43ff439,33,371.61
0b29a43ff439,34,372.75
0b29a43ff439,35,376.55
0b29a43ff439,36,385.44
0b29a43ff439,37,388.48
0b29a43ff439,38,389.66
0b29a43ff439,39,389.78
0b29a43ff439,40,392.44
0b29a43ff439,41,414.42
0b29a43ff439,42,440.75
0b29a43ff439,43,501.5
0b29a43ff439,44,501.56
0b29a43ff439,45,503.6
0b29a43ff439,46,508.75
0b29a43ff439,47,536.3
0b29a43ff439,48,696.8
0b29a43ff439,49,701.3
0b29a43ff439,50,708.16
7b0558a08062,1,0.23
7b0558a08062,2,2.24
7b0558a08062,3,3.24
7b0558a08062,4,4.24
7b0558a08062,5,6.24
7b0558a08062,6,7.24
7b0558a08062,7,8.24
7b0558a08062,8,9.25
7b0558a08062,9,10.24
7b0558a08062,10,11.24
7b0558a08062,11,12.24
7b0558a08062,12,15.24
7b0558a08062,13,16.24
7b0558a08062,14,17.24
7b0558a08062,15,18.24
7b0558a08062,16,19.24
7b0558a08062,17,20.24
7b0558a08062,18,21.24
7b0558a08062,19,23.24
7b0558a08062,20,24.24
7b0558a08062,21,25.19
7b0558a08062,22,26.24
7b0558a08062,23,27.25
7b0558a08062,24,28.24
7b0558a08062,25,29.24
7b0558a08062,26,30.24
7b0558a08062,27,31.25
7b0558a08062,28,32.15
7b0558a08062,29,40.28
7b0558a08062,30,42.07
7b0558a08062,31,42.27
7b0558a08062,32,43.07
7b0558a08062,33,43.28
7b0558a08062,34,44.07
7b0558a08062,35,45.07
7b0558a08062,36,46.18
7b0558a08062,37,47.08
7b0558a08062,38,48.99
7b0558a08062,39,49.99
7b0558a08062,40,50.98
7b0558a08062,41,52.99
7b0558a08062,42,53.98
7b0558a08062,43,55.01
7b0558a08062,44,57.98
7b0558a08062,45,59.97
7b0558a08062,46,60.98
7b0558a08062,47,61.96
7b0558a08062,48,62.15
7b0558a08062,49,62.99
7b0558a08062,50,63.2
aeb9a85452f7,1,0.66
aeb9a85452f7,2,1.64
aeb9a85452f7,3,2.67
aeb9a85452f7,4,3.63
aeb9a85452f7,5,4.66
aeb9a85452f7,6,5.74
aeb9a85452f7,7,6.66
aeb9a85452f7,8,7.61
aeb9a85452f7,9,8.67
aeb9a85452f7,10,9.67
aeb9a85452f7,11,10.71
aeb9a85452f7,12,11.71
aeb9a85452f7,13,12.7
aeb9a85452f7,14,13.66
aeb9a85452f7,15,14.4
aeb9a85452f7,16,15.73
aeb9a85452f7,17,16.66
aeb9a85452f7,18,17.66
aeb9a85452f7,19,18.84
aeb9a85452f7,20,19.88
aeb9a85452f7,21,20.66
aeb9a85452f7,22,23.64
aeb9a85452f7,23,24.66
aeb9a85452f7,24,25.66
aeb9a85452f7,25,26.68
aeb9a85452f7,26,27.69
aeb9a85452f7,27,28.59
aeb9a85452f7,28,29.63
aeb9a85452f7,29,30.61
aeb9a85452f7,30,31.5
aeb9a85452f7,31,33.64
aeb9a85452f7,32,34.68
aeb9a85452f7,33,35.66
aeb9a85452f7,34,36.66
aeb9a85452f7,35,37.65
aeb9a85452f7,36,38.94
aeb9a85452f7,37,39.68
aeb9a85452f7,38,40.67
aeb9a85452f7,39,41.67
aeb9a85452f7,40,42.59
aeb9a85452f7,41,46.53
aeb9a85452f7,42,47.56
aeb9a85452f7,43,48.68
aeb9a85452f7,44,50.66
aeb9a85452f7,45,52.69
aeb9a85452f7,46,53.46
aeb9a85452f7,47,54.67
aeb9a85452f7,48,55.68
aeb9a85452f7,49,56.41
aeb9a85452f7,50,57.64
69ceb4e5a29e,1,0.69
69ceb4e5a29e,2,1.69
69ceb4e5a29e,3,2.69
69ceb4e5a29e,4,3.63
69ceb4e5a29e,5,4.63
69ceb4e5a29e,6,5.62
69ceb4e5a29e,7,6.61
69ceb4e5a29e,8,7.6
69ceb4e5a29e,9,8.66
69ceb4e5a29e,10,9.69
69ceb4e5a29e,11,10.64
69ceb4e5a29e,12,11.62
69ceb4e5a29e,13,12.62
69ceb4e5a29e,14,13.64
69ceb4e5a29e,15,14.63
69ceb4e5a29e,16,15.68
69ceb4e5a29e,17,16.62
69ceb4e5a29e,18,17.69
69ceb4e5a29e,19,18.65
69ceb4e5a29e,20,19.63
69ceb4e5a29e,21,20.59
69ceb4e5a29e,22,21.65
69ceb4e5a29e,23,22.65
69ceb4e5a29e,24,27.62
69ceb4e5a29e,25,33.6
69ceb4e5a29e,26,37.69
69ceb4e5a29e,27,38.68
69ceb4e5a29e,28,39.68
69ceb4e5a29e,29,39.9
69ceb4e5a29e,30,44.68
69ceb4e5a29e,31,46.68
69ceb4e5a29e,32,48.66
69ceb4e5a29e,33,50.63
69ceb4e5a29e,34,52.67
69ceb4e5a29e,35,54.62
69ceb4e5a29e,36,56.6
69ceb4e5a29e,37,58.68
69ceb4e5a29e,38,59.68
69ceb4e5a29e,39,60.68
69ceb4e5a29e,40,61.68
69ceb4e5a29e,41,62.68
69ceb4e5a29e,42,63.68
69ceb4e5a29e,43,64.58
69ceb4e5a29e,44,65.63
69ceb4e5a29e,45,66.64
69ceb4e5a29e,46,67.61
69ceb4e5a29e,47,69.58
69ceb4e5a29e,48,70.62
69ceb4e5a29e,49,71.62
69ceb4e5a29e,50,73.62
a7ec36458709,1,0.14
a7ec36458709,2,1.14
a7ec36458709,3,2.14
a7ec36458709,4,3.14
a7ec36458709,5,3.94
a7ec36458709,6,5.14
a7ec36458709,7,7.14
a7ec36458709,8,9.05
a7ec36458709,9,499.09
a7ec36458709,10,502.13
a7ec36458709,11,510.86
a7ec36458709,12,627.82
a7ec36458709,13,628.69
a7ec36458709,14,630.79
a7ec36458709,15,631.91
a7ec36458709,16,634.86
a7ec36458709,17,635.82
a7ec36458709,18,638.32
a7ec36458709,19,639.31
a7ec36458709,20,640.21
a7ec36458709,21,641.21
a7ec36458709,22,642.08
a7ec36458709,23,643.26
a7ec36458709,24,643.93
a7ec36458709,25,644.76
a7ec36458709,26,645.8
a7ec36458709,27,647.07
a7ec36458709,28,647.81
a7ec36458709,29,648.75
a7ec36458709,30,649.7
a7ec36458709,31,650.77
a7ec36458709,32,651.81
a7ec36458709,33,655.92
a7ec36458709,34,656.88
a7ec36458709,35,657.8
a7ec36458709,36,659.85
a7ec36458709,37,660.75
a7ec36458709,38,662.83
a7ec36458709,39,664.76
a7ec36458709,40,666.03
a7ec36458709,41,669.05
a7ec36458709,42,670.16
a7ec36458709,43,671.22
a7ec36458709,44,671.99
a7ec36458709,45,673.07
a7ec36458709,46,674.89
a7ec36458709,47,675.85
a7ec36458709,48,676.9
a7ec36458709,49,678.17
a7ec36458709,50,679.01
01831536c06a,1,0.02
01831536c06a,2,0.04
01831536c06a,3,0.05
01831536c06a,4,0.1
01831536c06a,5,0.1
01831536c06a,6,0.11
01831536c06a,7,0.14
01831536c06a,8,0.14
01831536c06a,9,0.15
01831536c06a,10,0.15
01831536c06a,11,0.16
01831536c06a,12,0.17
01831536c06a,13,0.17
01831536c06a,14,0.18
01831536c06a,15,0.19
01831536c06a,16,0.2
01831536c06a,17,0.22
01831536c06a,18,0.23
01831536c06a,19,0.23
01831536c06a,20,0.23
01831536c06a,21,0.24
01831536c06a,22,0.24
01831536c06a,23,0.26
01831536c06a,24,0.28
01831536c06a,25,0.3
01831536c06a,26,0.31
01831536c06a,27,0.31
01831536c06a,28,0.33
01831536c06a,29,0.34
01831536c06a,30,0.35
01831536c06a,31,0.36
01831536c06a,32,0.38
01831536c06a,33,0.39
01831536c06a,34,0.39
01831536c06a,35,0.4
01831536c06a,36,0.42
01831536c06a,37,0.44
01831536c06a,38,0.45
01831536c06a,39,0.45
01831536c06a,40,0.45
01831536c06a,41,0.46
01831536c06a,42,0.46
01831536c06a,43,0.48
01831536c06a,44,0.5
01831536c06a,45,0.5
01831536c06a,46,0.51
01831536c06a,47,0.54
01831536c06a,48,0.55
01831536c06a,49,0.57
01831536c06a,50,0.62
576d3e75bd09,1,0.01
576d3e75bd09,2,0.06
576d3e75bd09,3,0.12
576d3e75bd09,4,0.17
576d3e75bd09,5,0.44
576d3e75bd09,6,0.91
576d3e75bd09,7,0.96
576d3e75bd09,8,1.0
576d3e75bd09,9,1.04
576d3e75bd09,10,2.17
576d3e75bd09,11,2.27
576d3e75bd09,12,2.37
576d3e75bd09,13,3.0
576d3e75bd09,14,3.05
576d3e75bd09,15,3.09
576d3e75bd09,16,3.14
576d3e75bd09,17,3.19
576d3e75bd09,18,3.89
576d3e75bd09,19,3.94
576d3e75bd09,20,4.05
576d3e75bd09,21,5.37
576d3e75bd09,22,6.0
576d3e75bd09,23,6.05
576d3e75bd09,24,6.08
576d3e75bd09,25,6.12
576d3e75bd09,26,7.1
576d3e75bd09,27,8.0
576d3e75bd09,28,8.05
576d3e75bd09,29,8.08
576d3e75bd09,30,8.13
576d3e75bd09,31,8.18
576d3e75bd09,32,8.23
576d3e75bd09,33,9.04
576d3e75bd09,34,9.09
576d3e75bd09,35,9.12
576d3e75bd09,36,9.2
576d3e75bd09,37,9.25
576d3e75bd09,38,10.05
576d3e75bd09,39,10.08
576d3e75bd09,40,11.15
576d3e75bd09,41,11.22
576d3e75bd09,42,11.31
576d3e75bd09,43,11.38
576d3e75bd09,44,11.92
576d3e75bd09,45,11.96
576d3e75bd09,46,12.16
576d3e75bd09,47,12.43
576d3e75bd09,48,12.88
576d3e75bd09,49,12.94
576d3e75bd09,50,12.97
5c489ea27c58,1,0.36
5c489ea27c58,2,0.51
5c489ea27c58,3,1.5
5c489ea27c58,4,2.51
5c489ea27c58,5,3.51
5c489ea27c58,6,4.51
5c489ea27c58,7,5.51
5c489ea27c58,8,6.52
5c489ea27c58,9,7.33
5c489ea27c58,10,7.46
5c489ea27c58,11,8.52
5c489ea27c58,12,9.55
5c489ea27c58,13,11.52
5c489ea27c58,14,12.49
5c489ea27c58,15,13.5
5c489ea27c58,16,14.32
5c489ea27c58,17,14.52
5c489ea27c58,18,15.52
5c489ea27c58,19,17.53
5c489ea27c58,20,18.5
5c489ea27c58,21,19.49
5c489ea27c58,22,21.34
5c489ea27c58,23,21.51
5c489ea27c58,24,22.56
5c489ea27c58,25,24.57
5c489ea27c58,26,25.54
5c489ea27c58,27,26.54
5c489ea27c58,28,28.36
5c489ea27c58,29,28.51
5c489ea27c58,30,30.57
5c489ea27c58,31,32.51
5c489ea27c58,32,34.49
5c489ea27c58,33,36.29
5c489ea27c58,34,36.59
5c489ea27c58,35,38.58
5c489ea27c58,36,40.63
5c489ea27c58,37,42.47
5c489ea27c58,38,44.6
5c489ea27c58,39,46.53
5c489ea27c58,40,48.32
5c489ea27c58,41,49.48
5c489ea27c58,42,54.55
5c489ea27c58,43,57.27
5c489ea27c58,44,59.49
5c489ea27c58,45,65.51
5c489ea27c58,46,68.33
5c489ea27c58,47,74.36
5c489ea27c58,48,75.49
5c489ea27c58,49,81.49
5c489ea27c58,50,85.51
f27f8aa712d3,1,0.4
f27f8aa712d3,2,0.44
f27f8aa712d3,3,0.48
f27f8aa712d3,4,0.53
f27f8aa712d3,5,0.59
f27f8aa712d3,6,0.65
f27f8aa712d3,7,0.67
f27f8aa712d3,8,0.72
f27f8aa712d3,9,0.73
f27f8aa712d3,10,1.36
f27f8aa712d3,11,1.4
f27f8aa712d3,12,1.46
f27f8aa712d3,13,1.46
f27f8aa712d3,14,1.51
f27f8aa712d3,15,1.53
f27f8aa712d3,16,1.57
f27f8aa712d3,17,1.6
f27f8aa712d3,18,1.63
f27f8aa712d3,19,1.66
f27f8aa712d3,20,1.68
f27f8aa712d3,21,2.49
f27f8aa712d3,22,2.57
f27f8aa712d3,23,2.69
f27f8aa712d3,24,3.39
f27f8aa712d3,25,3.44
f27f8aa712d3,26,3.51
f27f8aa712d3,27,3.54
f27f8aa712d3,28,3.56
f27f8aa712d3,29,3.61
f27f8aa712d3,30,3.65
f27f8aa712d3,31,3.68
f27f8aa712d3,32,3.7
f27f8aa712d3,33,4.32
f27f8aa712d3,34,4.36
f27f8aa712d3,35,4.42
f27f8aa712d3,36,4.44
f27f8aa712d3,37,4.48
f27f8aa712d3,38,4.53
f27f8aa712d3,39,4.57
f27f8aa712d3,40,4.61
f27f8aa712d3,41,4.65
f27f8aa712d3,42,4.68
f27f8aa712d3,43,4.71
f27f8aa712d3,44,5.4
f27f8aa712d3,45,5.44
f27f8aa712d3,46,5.5
f27f8aa712d3,47,5.54
f27f8aa712d3,48,5.57
f27f8aa712d3,49,5.67
f27f8aa712d3,50,5.7
b32c18dc7130,1,0.75
b32c18dc7130,2,0.89
b32c18dc7130,3,0.89
b32c18dc7130,4,0.89
b32c18dc7130,5,1.94
b32c18dc7130,6,2.85
b32c18dc7130,7,2.85
b32c18dc7130,8,2.86
b32c18dc7130,9,2.86
b32c18dc7130,10,2.86
b32c18dc7130,11,2.86
b32c18dc7130,12,3.88
b32c18dc7130,13,3.88
b32c18dc7130,14,4.28
b32c18dc7130,15,4.7
b32c18dc7130,16,4.77
b32c18dc7130,17,4.77
b32c18dc7130,18,4.82
b32c18dc7130,19,5.78
b32c18dc7130,20,5.78
b32c18dc7130,21,5.79
b32c18dc7130,22,5.8
b32c18dc7130,23,5.8
b32c18dc7130,24,5.8
b32c18dc7130,25,5.84
b32c18dc7130,26,6.78
b32c18dc7130,27,6.83
b32c18dc7130,28,6.84
b32c18dc7130,29,6.84
b32c18dc7130,30,6.88
b32c18dc7130,31,6.88
b32c18dc7130,32,6.88
b32c18dc7130,33,6.9
b32c18dc7130,34,6.9
b32c18dc7130,35,6.9
b32c18dc7130,36,7.08
b32c18dc7130,37,7.84
b32c18dc7130,38,7.87
b32c18dc7130,39,7.87
b32c18dc7130,40,7.87
b32c18dc7130,41,7.87
b32c18dc7130,42,8.77
b32c18dc7130,43,8.78
b32c18dc7130,44,8.8
b32c18dc7130,45,8.82
b32c18dc7130,46,8.82
b32c18dc7130,47,9.79
b32c18dc7130,48,9.8
b32c18dc7130,49,9.81
b32c18dc7130,50,9.82
dc24328c0f19,1,1.15
dc24328c0f19,2,2.22
dc24328c0f19,3,3.25
dc24328c0f19,4,4.27
dc24328c0f19,5,5.29
dc24328c0f19,6,6.21
dc24328c0f19,7,7.32
dc24328c0f19,8,8.34
dc24328c0f19,9,10.65
dc24328c0f19,10,11.19
dc24328c0f19,11,12.24
dc24328c0f19,12,13.26
dc24328c0f19,13,14.31
dc24328c0f19,14,15.04
dc24328c0f19,15,15.25
dc24328c0f19,16,16.26
dc24328c0f19,17,17.25
dc24328c0f19,18,18.3
dc24328c0f19,19,19.31
dc24328c0f19,20,20.45
dc24328c0f19,21,21.31
dc24328c0f19,22,22.26
dc24328c0f19,23,23.35
dc24328c0f19,24,24.24
dc24328c0f19,25,25.38
dc24328c0f19,26,27.27
dc24328c0f19,27,29.31
dc24328c0f19,28,33.31
dc24328c0f19,29,36.3
dc24328c0f19,30,42.31
dc24328c0f19,31,46.31
dc24328c0f19,32,56.28
dc24328c0f19,33,64.38
dc24328c0f19,34,65.57
dc24328c0f19,35,68.22
dc24328c0f19,36,70.3
dc24328c0f19,37,72.51
dc24328c0f19,38,74.26
dc24328c0f19,39,75.45
dc24328c0f19,40,76.64
dc24328c0f19,41,77.21
dc24328c0f19,42,77.35
dc24328c0f19,43,78.26
dc24328c0f19,44,80.4
dc24328c0f19,45,81.27
dc24328c0f19,46,82.31
dc24328c0f19,47,83.32
dc24328c0f19,48,84.29
dc24328c0f19,49,86.44
dc24328c0f19,50,87.46
02e5e96c7f87,1,0.21
02e5e96c7f87,2,0.51
02e5e96c7f87,3,1.32
02e5e96c7f87,4,1.56
02e5e96c7f87,5,2.19
02e5e96c7f87,6,2.55
02e5e96c7f87,7,3.65
02e5e96c7f87,8,4.15
02e5e96c7f87,9,4.26
02e5e96c7f87,10,4.63
02e5e96c7f87,11,5.29
02e5e96c7f87,12,5.59
02e5e96c7f87,13,6.33
02e5e96c7f87,14,6.49
02e5e96c7f87,15,7.28
02e5e96c7f87,16,7.59
02e5e96c7f87,17,8.24
02e5e96c7f87,18,8.49
02e5e96c7f87,19,9.21
02e5e96c7f87,20,9.56
02e5e96c7f87,21,10.3
02e5e96c7f87,22,10.58
02e5e96c7f87,23,11.27
02e5e96c7f87,24,11.5
02e5e96c7f87,25,12.18
02e5e96c7f87,26,12.3
02e5e96c7f87,27,12.39
02e5e96c7f87,28,12.63
02e5e96c7f87,29,13.1
02e5e96c7f87,30,13.18
02e5e96c7f87,31,13.21
02e5e96c7f87,32,13.56
02e5e96c7f87,33,14.28
02e5e96c7f87,34,14.36
02e5e96c7f87,35,14.61
02e5e96c7f87,36,15.21
02e5e96c7f87,37,15.3
02e5e96c7f87,38,15.53
02e5e96c7f87,39,16.5
02e5e96c7f87,40,17.23
02e5e96c7f87,41,17.3
02e5e96c7f87,42,17.44
02e5e96c7f87,43,17.55
02e5e96c7f87,44,17.67
02e5e96c7f87,45,18.22
02e5e96c7f87,46,18.42
02e5e96c7f87,47,18.59
02e5e96c7f87,48,19.27
02e5e96c7f87,49,19.54
02e5e96c7f87,50,20.21
b7d333660454,1,0.52
b7d333660454,2,1.53
b7d333660454,3,3.53
b7d333660454,4,4.52
b7d333660454,5,5.5
b7d333660454,6,6.52
b7d333660454,7,7.52
b7d333660454,8,8.51
b7d333660454,9,10.52
b7d333660454,10,11.53
b7d333660454,11,12.51
b7d333660454,12,14.57
b7d333660454,13,15.58
b7d333660454,14,16.75
b7d333660454,15,17.6
b7d333660454,16,18.59
b7d333660454,17,19.57
b7d333660454,18,20.58
b7d333660454,19,21.55
b7d333660454,20,22.57
b7d333660454,21,23.75
b7d333660454,22,24.53
b7d333660454,23,25.57
b7d333660454,24,26.55
b7d333660454,25,27.51
b7d333660454,26,28.57
b7d333660454,27,29.59
b7d333660454,28,30.81
b7d333660454,29,31.54
b7d333660454,30,32.59
b7d333660454,31,33.58
b7d333660454,32,34.55
b7d333660454,33,35.8
b7d333660454,34,36.56
b7d333660454,35,38.52
b7d333660454,36,39.54
b7d333660454,37,40.57
b7d333660454,38,41.53
b7d333660454,39,42.57
b7d333660454,40,43.59
b7d333660454,41,44.8
b7d333660454,42,45.54
b7d333660454,43,46.56
b7d333660454,44,47.57
b7d333660454,45,48.55
b7d333660454,46,49.55
b7d333660454,47,50.56
b7d333660454,48,54.56
b7d333660454,49,55.5
b7d333660454,50,55.94
614612b2f476,1,1.52
614612b2f476,2,6.52
614612b2f476,3,8.41
614612b2f476,4,14.52
614612b2f476,5,16.54
614612b2f476,6,18.49
614612b2f476,7,20.52
614612b2f476,8,25.52
614612b2f476,9,27.48
614612b2f476,10,29.51
614612b2f476,11,34.51
614612b2f476,12,36.52
614612b2f476,13,43.4
614612b2f476,14,49.5
614612b2f476,15,50.54
614612b2f476,16,53.54
614612b2f476,17,61.47
614612b2f476,18,63.54
614612b2f476,19,67.52
614612b2f476,20,71.56
614612b2f476,21,74.54
614612b2f476,22,81.54
614612b2f476,23,83.54
614612b2f476,24,90.54
614612b2f476,25,92.54
614612b2f476,26,95.54
614612b2f476,27,96.41
614612b2f476,28,97.51
614612b2f476,29,99.56
614612b2f476,30,103.53
614612b2f476,31,105.53
614612b2f476,32,109.54
614612b2f476,33,110.53
614612b2f476,34,117.52
614612b2f476,35,118.53
614612b2f476,36,123.51
614612b2f476,37,127.53
614612b2f476,38,131.32
614612b2f476,39,141.51
614612b2f476,40,145.52
614612b2f476,41,147.52
614612b2f476,42,152.54
614612b2f476,43,158.51
614612b2f476,44,159.54
614612b2f476,45,161.55
614612b2f476,46,162.52
614612b2f476,47,166.54
614612b2f476,48,167.56
614612b2f476,49,174.53
614612b2f476,50,175.54
5c97c423a4a2,1,13.13
5c97c423a4a2,2,13.13
5c97c423a4a2,3,13.13
5c97c423a4a2,4,28.28
5c97c423a4a2,5,28.28
5c97c423a4a2,6,32.66
5c97c423a4a2,7,32.66
5c97c423a4a2,8,32.66
5c97c423a4a2,9,32.66
5c97c423a4a2,10,39.51
5c97c423a4a2,11,56.39
5c97c423a4a2,12,58.61
5c97c423a4a2,13,58.65
5c97c423a4a2,14,58.65
5c97c423a4a2,15,62.33
5c97c423a4a2,16,84.57
5c97c423a4a2,17,91.35
5c97c423a4a2,18,91.53
5c97c423a4a2,19,91.53
5c97c423a4a2,20,118.45
5c97c423a4a2,21,118.48
5c97c423a4a2,22,118.52
5c97c423a4a2,23,118.52
5c97c423a4a2,24,119.57
5c97c423a4a2,25,125.54
5c97c423a4a2,26,125.54
5c97c423a4a2,27,125.54
5c97c423a4a2,28,125.54
5c97c423a4a2,29,125.55
5c97c423a4a2,30,125.55
5c97c423a4a2,31,126.4
5c97c423a4a2,32,144.46
5c97c423a4a2,33,165.65
5c97c423a4a2,34,166.35
5c97c423a4a2,35,166.36
5c97c423a4a2,36,166.36
5c97c423a4a2,37,166.39
5c97c423a4a2,38,166.4
5c97c423a4a2,39,166.43
5c97c423a4a2,40,167.33
5c97c423a4a2,41,182.54
5c97c423a4a2,42,182.54
5c97c423a4a2,43,182.54
5c97c423a4a2,44,182.54
5c97c423a4a2,45,182.55
5c97c423a4a2,46,196.26
5c97c423a4a2,47,197.26
5c97c423a4a2,48,210.27
5c97c423a4a2,49,211.6
5c97c423a4a2,50,215.35
9db8875634c1,1,0.13
9db8875634c1,2,0.13
9db8875634c1,3,0.15
9db8875634c1,4,0.16
9db8875634c1,5,0.16
9db8875634c1,6,0.24
9db8875634c1,7,0.26
9db8875634c1,8,0.26
9db8875634c1,9,0.27
9db8875634c1,10,0.28
9db8875634c1,11,0.28
9db8875634c1,12,0.33
9db8875634c1,13,0.33
9db8875634c1,14,0.34
9db8875634c1,15,0.34
9db8875634c1,16,0.36
9db8875634c1,17,0.36
9db8875634c1,18,0.36
9db8875634c1,19,0.37
9db8875634c1,20,0.38
9db8875634c1,21,0.38
9db8875634c1,22,0.39
9db8875634c1,23,0.39
9db8875634c1,24,0.39
9db8875634c1,25,0.4
9db8875634c1,26,0.42
9db8875634c1,27,0.42
9db8875634c1,28,0.46
9db8875634c1,29,0.49
9db8875634c1,30,0.51
9db8875634c1,31,0.64
9db8875634c1,32,0.66
9db8875634c1,33,1.08
9db8875634c1,34,1.08
9db8875634c1,35,1.15
9db8875634c1,36,1.17
9db8875634c1,37,1.3
9db8875634c1,38,1.31
9db8875634c1,39,1.32
9db8875634c1,40,1.32
9db8875634c1,41,1.33
9db8875634c1,42,1.34
9db8875634c1,43,1.35
9db8875634c1,44,1.36
9db8875634c1,45,1.39
9db8875634c1,46,1.4
9db8875634c1,47,1.4
9db8875634c1,48,1.4
9db8875634c1,49,1.56
9db8875634c1,50,1.57
39bd34ea6a63,1,1.01
39bd34ea6a63,2,1.01
39bd34ea6a63,3,1.02
39bd34ea6a63,4,1.86
39bd34ea6a63,5,1.86
39bd34ea6a63,6,1.86
39bd34ea6a63,7,2.96
39bd34ea6a63,8,2.96
39bd34ea6a63,9,2.96
39bd34ea6a63,10,3.95
39bd34ea6a63,11,3.95
39bd34ea6a63,12,3.95
39bd34ea6a63,13,5.01
39bd34ea6a63,14,5.01
39bd34ea6a63,15,5.01
39bd34ea6a63,16,5.85
39bd34ea6a63,17,5.85
39bd34ea6a63,18,5.85
39bd34ea6a63,19,6.87
39bd34ea6a63,20,6.87
39bd34ea6a63,21,6.87
39bd34ea6a63,22,7.89
39bd34ea6a63,23,7.9
39bd34ea6a63,24,7.9
39bd34ea6a63,25,8.84
39bd34ea6a63,26,8.84
39bd34ea6a63,27,8.85
39bd34ea6a63,28,10.02
39bd34ea6a63,29,10.02
39bd34ea6a63,30,10.02
39bd34ea6a63,31,10.8
39bd34ea6a63,32,10.8
39bd34ea6a63,33,10.8
39bd34ea6a63,34,14.0
39bd34ea6a63,35,14.0
39bd34ea6a63,36,14.0
39bd34ea6a63,37,15.0
39bd34ea6a63,38,15.0
39bd34ea6a63,39,15.0
39bd34ea6a63,40,17.0
39bd34ea6a63,41,17.0
39bd34ea6a63,42,17.0
39bd34ea6a63,43,18.91
39bd34ea6a63,44,18.91
39bd34ea6a63,45,18.92
39bd34ea6a63,46,19.83
39bd34ea6a63,47,19.83
39bd34ea6a63,48,19.84
39bd34ea6a63,49,21.89
39bd34ea6a63,50,21.89
e19d1e61bc00,1,2.26
e19d1e61bc00,2,6.27
e19d1e61bc00,3,18.22
e19d1e61bc00,4,25.54
e19d1e61bc00,5,32.52
e19d1e61bc00,6,35.5
e19d1e61bc00,7,43.44
e19d1e61bc00,8,55.24
e19d1e61bc00,9,59.52
e19d1e61bc00,10,61.21
e19d1e61bc00,11,67.24
e19d1e61bc00,12,68.22
e19d1e61bc00,13,95.33
e19d1e61bc00,14,113.3
e19d1e61bc00,15,114.24
e19d1e61bc00,16,120.24
e19d1e61bc00,17,132.28
e19d1e61bc00,18,134.42
e19d1e61bc00,19,163.28
e19d1e61bc00,20,186.35
e19d1e61bc00,21,189.35
e19d1e61bc00,22,190.34
e19d1e61bc00,23,192.21
e19d1e61bc00,24,196.21
e19d1e61bc00,25,198.26
e19d1e61bc00,26,199.22
e19d1e61bc00,27,201.29
e19d1e61bc00,28,202.23
e19d1e61bc00,29,207.47
e19d1e61bc00,30,216.25
e19d1e61bc00,31,216.28
e19d1e61bc00,32,219.22
e19d1e61bc00,33,222.24
e19d1e61bc00,34,223.27
e19d1e61bc00,35,252.21
e19d1e61bc00,36,252.28
e19d1e61bc00,37,296.26
e19d1e61bc00,38,305.61
e19d1e61bc00,39,316.28
e19d1e61bc00,40,408.25
e19d1e61bc00,41,416.22
e19d1e61bc00,42,422.51
e19d1e61bc00,43,431.26
e19d1e61bc00,44,434.31
e19d1e61bc00,45,437.24
e19d1e61bc00,46,440.38
e19d1e61bc00,47,441.59
e19d1e61bc00,48,443.23
e19d1e61bc00,49,446.25
e19d1e61bc00,50,450.21
582826a355c2,1,1.69
582826a355c2,2,4.35
582826a355c2,3,9.4
582826a355c2,4,11.4
582826a355c2,5,12.93
582826a355c2,6,17.39
582826a355c2,7,19.41
582826a355c2,8,24.33
582826a355c2,9,31.38
582826a355c2,10,32.43
582826a355c2,11,34.59
582826a355c2,12,40.37
582826a355c2,13,41.37
582826a355c2,14,46.36
582826a355c2,15,57.63
582826a355c2,16,62.38
582826a355c2,17,70.35
582826a355c2,18,71.35
582826a355c2,19,75.36
582826a355c2,20,79.37
582826a355c2,21,81.39
582826a355c2,22,84.4
582826a355c2,23,86.38
582826a355c2,24,87.36
582826a355c2,25,88.36
582826a355c2,26,93.37
582826a355c2,27,99.39
582826a355c2,28,103.38
582826a355c2,29,104.38
582826a355c2,30,106.34
582826a355c2,31,108.37
582826a355c2,32,111.41
582826a355c2,33,112.37
582826a355c2,34,116.37
582826a355c2,35,121.38
582826a355c2,36,122.39
582826a355c2,37,124.35
582826a355c2,38,125.31
582826a355c2,39,126.35
582826a355c2,40,128.38
582826a355c2,41,131.35
582826a355c2,42,133.36
582826a355c2,43,134.34
582826a355c2,44,137.35
582826a355c2,45,138.34
582826a355c2,46,139.4
582826a355c2,47,140.41
582826a355c2,48,155.46
582826a355c2,49,157.37
582826a355c2,50,158.41
cfed204fa81b,1,0.24
cfed204fa81b,2,2.72
cfed204fa81b,3,3.56
cfed204fa81b,4,4.1
cfed204fa81b,5,4.15
cfed204fa81b,6,5.25
cfed204fa81b,7,5.56
cfed204fa81b,8,6.73
cfed204fa81b,9,8.12
cfed204fa81b,10,8.33
cfed204fa81b,11,9.07
cfed204fa81b,12,9.43
cfed204fa81b,13,9.55
cfed204fa81b,14,10.29
cfed204fa81b,15,11.13
cfed204fa81b,16,11.34
cfed204fa81b,17,11.66
cfed204fa81b,18,12.66
cfed204fa81b,19,13.31
cfed204fa81b,20,14.44
cfed204fa81b,21,15.3
cfed204fa81b,22,15.7
cfed204fa81b,23,16.15
cfed204fa81b,24,16.36
cfed204fa81b,25,17.38
cfed204fa81b,26,21.23
cfed204fa81b,27,22.35
cfed204fa81b,28,23.25
cfed204fa81b,29,23.54
cfed204fa81b,30,24.11
cfed204fa81b,31,24.22
cfed204fa81b,32,24.56
cfed204fa81b,33,25.16
cfed204fa81b,34,25.31
cfed204fa81b,35,25.69
cfed204fa81b,36,26.14
cfed204fa81b,37,26.31
cfed204fa81b,38,27.13
cfed204fa81b,39,27.23
cfed204fa81b,40,27.51
cfed204fa81b,41,28.16
cfed204fa81b,42,28.63
cfed204fa81b,43,29.21
cfed204fa81b,44,29.41
cfed204fa81b,45,29.66
cfed204fa81b,46,30.56
cfed204fa81b,47,35.32
cfed204fa81b,48,36.15
cfed204fa81b,49,36.39
cfed204fa81b,50,37.18
44027ea5909e,1,0.72
44027ea5909e,2,1.72
44027ea5909e,3,2.72
44027ea5909e,4,3.72
44027ea5909e,5,4.72
44027ea5909e,6,5.72
44027ea5909e,7,6.72
44027ea5909e,8,7.72
44027ea5909e,9,8.72
44027ea5909e,10,9.72
44027ea5909e,11,10.72
44027ea5909e,12,11.72
44027ea5909e,13,12.72
44027ea5909e,14,13.72
44027ea5909e,15,14.72
44027ea5909e,16,15.72
44027ea5909e,17,16.72
44027ea5909e,18,17.72
44027ea5909e,19,18.72
44027ea5909e,20,19.72
44027ea5909e,21,20.72
44027ea5909e,22,21.72
44027ea5909e,23,22.66
44027ea5909e,24,23.72
44027ea5909e,25,24.72
44027ea5909e,26,25.72
44027ea5909e,27,26.72
44027ea5909e,28,27.72
44027ea5909e,29,28.72
44027ea5909e,30,29.72
44027ea5909e,31,30.72
44027ea5909e,32,31.72
44027ea5909e,33,32.72
44027ea5909e,34,34.72
44027ea5909e,35,35.72
44027ea5909e,36,36.72
44027ea5909e,37,37.72
44027ea5909e,38,38.72
44027ea5909e,39,39.72
44027ea5909e,40,40.72
44027ea5909e,41,41.72
44027ea5909e,42,42.72
44027ea5909e,43,43.72
44027ea5909e,44,44.72
44027ea5909e,45,45.72
44027ea5909e,46,46.72
44027ea5909e,47,47.72
44027ea5909e,48,48.72
44027ea5909e,49,49.72
44027ea5909e,50,51.72
ca87220d17aa,1,0.15
ca87220d17aa,2,1.24
ca87220d17aa,3,4.06
ca87220d17aa,4,6.13
ca87220d17aa,5,7.1
ca87220d17aa,6,8.01
ca87220d17aa,7,8.94
ca87220d17aa,8,11.02
ca87220d17aa,9,12.0
ca87220d17aa,10,13.02
ca87220d17aa,11,13.95
ca87220d17aa,12,16.02
ca87220d17aa,13,17.15
ca87220d17aa,14,19.05
ca87220d17aa,15,21.06
ca87220d17aa,16,23.17
ca87220d17aa,17,24.97
ca87220d17aa,18,28.03
ca87220d17aa,19,30.05
ca87220d17aa,20,33.01
ca87220d17aa,21,35.06
ca87220d17aa,22,36.2
ca87220d17aa,23,37.07
ca87220d17aa,24,40.07
ca87220d17aa,25,43.13
ca87220d17aa,26,45.12
ca87220d17aa,27,47.21
ca87220d17aa,28,49.21
ca87220d17aa,29,50.1
ca87220d17aa,30,52.24
ca87220d17aa,31,54.19
ca87220d17aa,32,55.12
ca87220d17aa,33,57.13
ca87220d17aa,34,59.17
ca87220d17aa,35,60.13
ca87220d17aa,36,61.2
ca87220d17aa,37,62.22
ca87220d17aa,38,63.14
ca87220d17aa,39,64.26
ca87220d17aa,40,66.08
ca87220d17aa,41,67.11
ca87220d17aa,42,68.27
ca87220d17aa,43,70.22
ca87220d17aa,44,71.32
ca87220d17aa,45,72.31
ca87220d17aa,46,73.26
ca87220d17aa,47,74.28
ca87220d17aa,48,75.27
ca87220d17aa,49,76.32
ca87220d17aa,50,77.15
55976c57b779,1,0.32
55976c57b779,2,0.44
55976c57b779,3,0.48
55976c57b779,4,0.51
55976c57b779,5,1.32
55976c57b779,6,1.4
55976c57b779,7,1.49
55976c57b779,8,2.4
55976c57b779,9,2.48
55976c57b779,10,2.65
55976c57b779,11,3.32
55976c57b779,12,3.4
55976c57b779,13,3.48
55976c57b779,14,4.4
55976c57b779,15,4.4
55976c57b779,16,4.48
55976c57b779,17,4.78
55976c57b779,18,5.32
55976c57b779,19,5.46
55976c57b779,20,5.48
55976c57b779,21,5.78
55976c57b779,22,6.4
55976c57b779,23,6.49
55976c57b779,24,6.78
55976c57b779,25,7.4
55976c57b779,26,7.49
55976c57b779,27,7.78
55976c57b779,28,8.4
55976c57b779,29,8.49
55976c57b779,30,8.78
55976c57b779,31,9.36
55976c57b779,32,9.44
55976c57b779,33,9.55
55976c57b779,34,9.57
55976c57b779,35,10.32
55976c57b779,36,10.4
55976c57b779,37,10.49
55976c57b779,38,11.32
55976c57b779,39,11.4
55976c57b779,40,11.49
55976c57b779,41,12.32
55976c57b779,42,12.4
55976c57b779,43,12.48
55976c57b779,44,13.4
55976c57b779,45,13.48
55976c57b779,46,13.55
55976c57b779,47,13.57
55976c57b779,48,14.4
55976c57b779,49,14.48
55976c57b779,50,14.57
0aaf9d108f23,1,1.31
0aaf9d108f23,2,4.3
0aaf9d108f23,3,7.32
0aaf9d108f23,4,10.32
0aaf9d108f23,5,14.32
0aaf9d108f23,6,18.31
0aaf9d108f23,7,22.26
0aaf9d108f23,8,23.31
0aaf9d108f23,9,27.32
0aaf9d108f23,10,30.33
0aaf9d108f23,11,37.3
0aaf9d108f23,12,42.26
0aaf9d108f23,13,44.33
0aaf9d108f23,14,47.25
0aaf9d108f23,15,55.26
0aaf9d108f23,16,60.26
0aaf9d108f23,17,63.31
0aaf9d108f23,18,67.31
0aaf9d108f23,19,72.32
0aaf9d108f23,20,74.27
0aaf9d108f23,21,83.25
0aaf9d108f23,22,85.32
0aaf9d108f23,23,87.28
0aaf9d108f23,24,90.29
0aaf9d108f23,25,92.28
0aaf9d108f23,26,99.29
0aaf9d108f23,27,101.3
0aaf9d108f23,28,104.25
0aaf9d108f23,29,107.55
0aaf9d108f23,30,110.29
0aaf9d108f23,31,113.28
0aaf9d108f23,32,117.29
0aaf9d108f23,33,120.31
0aaf9d108f23,34,124.24
0aaf9d108f23,35,126.25
0aaf9d108f23,36,129.31
0aaf9d108f23,37,132.32
0aaf9d108f23,38,135.35
0aaf9d108f23,39,138.32
0aaf9d108f23,40,140.32
0aaf9d108f23,41,142.24
0aaf9d108f23,42,145.31
0aaf9d108f23,43,147.25
0aaf9d108f23,44,151.26
0aaf9d108f23,45,153.25
0aaf9d108f23,46,158.25
0aaf9d108f23,47,165.25
0aaf9d108f23,48,172.23
0aaf9d108f23,49,177.23
0aaf9d108f23,50,179.21
42117e0def20,1,0.4
42117e0def20,2,2.14
42117e0def20,3,5.4
42117e0def20,4,7.16
42117e0def20,5,9.39
42117e0def20,6,11.15
42117e0def20,7,13.4
42117e0def20,8,14.39
42117e0def20,9,15.4
42117e0def20,10,17.4
42117e0def20,11,19.15
42117e0def20,12,21.4
42117e0def20,13,22.4
42117e0def20,14,25.14
42117e0def20,15,26.4
42117e0def20,16,28.39
42117e0def20,17,29.15
42117e0def20,18,30.4
42117e0def20,19,32.4
42117e0def20,20,34.4
42117e0def20,21,36.4
42117e0def20,22,38.4
42117e0def20,23,39.4
42117e0def20,24,41.4
42117e0def20,25,42.15
42117e0def20,26,43.38
42117e0def20,27,45.39
42117e0def20,28,46.4
42117e0def20,29,49.4
42117e0def20,30,50.4
42117e0def20,31,52.4
42117e0def20,32,54.4
42117e0def20,33,57.4
42117e0def20,34,59.4
42117e0def20,35,62.4
42117e0def20,36,63.38
42117e0def20,37,64.39
42117e0def20,38,67.4
42117e0def20,39,70.4
42117e0def20,40,72.4
42117e0def20,41,73.1
42117e0def20,42,74.4
42117e0def20,43,76.4
42117e0def20,44,77.14
42117e0def20,45,78.4
42117e0def20,46,79.4
42117e0def20,47,81.4
42117e0def20,48,82.4
42117e0def20,49,84.02
42117e0def20,50,87.4
2f94da249382,1,1.65
2f94da249382,2,1.65
2f94da249382,3,2.32
2f94da249382,4,3.32
2f94da249382,5,4.32
2f94da249382,6,5.32
2f94da249382,7,10.32
2f94da249382,8,11.32
2f94da249382,9,13.32
2f94da249382,10,14.32
2f94da249382,11,15.32
2f94da249382,12,16.32
2f94da249382,13,17.32
2f94da249382,14,18.32
2f94da249382,15,19.32
2f94da249382,16,20.32
2f94da249382,17,21.32
2f94da249382,18,22.32
2f94da249382,19,23.32
2f94da249382,20,24.32
2f94da249382,21,25.32
2f94da249382,22,26.32
2f94da249382,23,26.44
2f94da249382,24,28.32
2f94da249382,25,30.32
2f94da249382,26,31.32
2f94da249382,27,32.32
2f94da249382,28,33.32
2f94da249382,29,34.32
2f94da249382,30,35.32
2f94da249382,31,36.32
2f94da249382,32,37.32
2f94da249382,33,38.32
2f94da249382,34,39.32
2f94da249382,35,40.32
2f94da249382,36,41.32
2f94da249382,37,42.32
2f94da249382,38,43.32
2f94da249382,39,44.32
2f94da249382,40,45.32
2f94da249382,41,46.32
2f94da249382,42,47.32
2f94da249382,43,48.32
2f94da249382,44,49.32
2f94da249382,45,50.32
2f94da249382,46,51.32
2f94da249382,47,52.32
2f94da249382,48,53.32
2f94da249382,49,54.32
2f94da249382,50,55.32
0c11230abb66,1,0.57
0c11230abb66,2,1.61
0c11230abb66,3,3.51
0c11230abb66,4,6.51
0c11230abb66,5,8.53
0c11230abb66,6,9.55
0c11230abb66,7,10.55
0c11230abb66,8,12.59
0c11230abb66,9,13.58
0c11230abb66,10,14.6
0c11230abb66,11,15.51
0c11230abb66,12,16.55
0c11230abb66,13,17.6
0c11230abb66,14,19.55
0c11230abb66,15,25.56
0c11230abb66,16,28.51
0c11230abb66,17,29.52
0c11230abb66,18,30.5
0c11230abb66,19,31.64
0c11230abb66,20,32.58
0c11230abb66,21,34.6
0c11230abb66,22,38.56
0c11230abb66,23,41.55
0c11230abb66,24,42.53
0c11230abb66,25,43.57
0c11230abb66,26,45.58
0c11230abb66,27,47.55
0c11230abb66,28,55.51
0c11230abb66,29,57.48
0c11230abb66,30,58.51
0c11230abb66,31,60.58
0c11230abb66,32,62.59
0c11230abb66,33,63.51
0c11230abb66,34,64.6
0c11230abb66,35,65.55
0c11230abb66,36,66.59
0c11230abb66,37,67.53
0c11230abb66,38,68.49
0c11230abb66,39,70.57
0c11230abb66,40,71.58
0c11230abb66,41,72.57
0c11230abb66,42,73.56
0c11230abb66,43,77.59
0c11230abb66,44,78.61
0c11230abb66,45,79.56
0c11230abb66,46,81.54
0c11230abb66,47,82.54
0c11230abb66,48,83.52
0c11230abb66,49,85.48
0c11230abb66,50,86.52
ddd40e4c57ab,1,2.5
ddd40e4c57ab,2,7.28
ddd40e4c57ab,3,9.47
ddd40e4c57ab,4,16.52
ddd40e4c57ab,5,19.28
ddd40e4c57ab,6,26.28
ddd40e4c57ab,7,33.28
ddd40e4c57ab,8,40.28
ddd40e4c57ab,9,43.28
ddd40e4c57ab,10,53.67
ddd40e4c57ab,11,61.28
ddd40e4c57ab,12,64.52
ddd40e4c57ab,13,75.69
ddd40e4c57ab,14,78.28
ddd40e4c57ab,15,83.5
ddd40e4c57ab,16,88.63
ddd40e4c57ab,17,108.57
ddd40e4c57ab,18,117.26
ddd40e4c57ab,19,126.28
ddd40e4c57ab,20,130.6
ddd40e4c57ab,21,131.28
ddd40e4c57ab,22,137.49
ddd40e4c57ab,23,137.78
ddd40e4c57ab,24,139.36
ddd40e4c57ab,25,140.48
ddd40e4c57ab,26,142.28
ddd40e4c57ab,27,146.28
ddd40e4c57ab,28,152.28
ddd40e4c57ab,29,159.28
ddd40e4c57ab,30,165.25
ddd40e4c57ab,31,176.28
ddd40e4c57ab,32,180.26
ddd40e4c57ab,33,184.26
ddd40e4c57ab,34,201.26
ddd40e4c57ab,35,224.28
ddd40e4c57ab,36,244.38
ddd40e4c57ab,37,245.28
ddd40e4c57ab,38,252.28
ddd40e4c57ab,39,259.28
ddd40e4c57ab,40,266.28
ddd40e4c57ab,41,273.28
ddd40e4c57ab,42,275.28
ddd40e4c57ab,43,279.53
ddd40e4c57ab,44,282.49
ddd40e4c57ab,45,287.23
ddd40e4c57ab,46,289.65
ddd40e4c57ab,47,292.23
ddd40e4c57ab,48,320.12
ddd40e4c57ab,49,327.26
ddd40e4c57ab,50,334.3
2c478e842143,1,0.26
2c478e842143,2,0.92
2c478e842143,3,1.01
2c478e842143,4,1.09
2c478e842143,5,1.26
2c478e842143,6,1.92
2c478e842143,7,2.92
2c478e842143,8,3.01
2c478e842143,9,3.09
2c478e842143,10,3.26
2c478e842143,11,3.92
2c478e842143,12,4.01
2c478e842143,13,4.09
2c478e842143,14,4.26
2c478e842143,15,4.92
2c478e842143,16,5.09
2c478e842143,17,5.26
2c478e842143,18,5.92
2c478e842143,19,6.01
2c478e842143,20,6.09
2c478e842143,21,6.26
2c478e842143,22,7.92
2c478e842143,23,8.01
2c478e842143,24,8.09
2c478e842143,25,8.21
2c478e842143,26,10.26
2c478e842143,27,10.92
2c478e842143,28,11.01
2c478e842143,29,11.09
2c478e842143,30,11.21
2c478e842143,31,11.92
2c478e842143,32,12.01
2c478e842143,33,12.09
2c478e842143,34,12.26
2c478e842143,35,12.92
2c478e842143,36,13.01
2c478e842143,37,13.09
2c478e842143,38,13.26
2c478e842143,39,14.01
2c478e842143,40,14.09
2c478e842143,41,14.26
2c478e842143,42,14.92
2c478e842143,43,15.01
2c478e842143,44,15.09
2c478e842143,45,15.26
2c478e842143,46,16.92
2c478e842143,47,17.01
2c478e842143,48,17.09
2c478e842143,49,17.26
2c478e842143,50,17.92
3c266974c6d6,1,2.28
3c266974c6d6,2,2.32
3c266974c6d6,3,6.25
3c266974c6d6,4,7.31
3c266974c6d6,5,7.32
3c266974c6d6,6,9.24
3c266974c6d6,7,9.32
3c266974c6d6,8,13.29
3c266974c6d6,9,16.32
3c266974c6d6,10,17.31
3c266974c6d6,11,20.32
3c266974c6d6,12,23.32
3c266974c6d6,13,26.31
3c266974c6d6,14,28.31
3c266974c6d6,15,29.31
3c266974c6d6,16,29.33
3c266974c6d6,17,30.29
3c266974c6d6,18,30.32
3c266974c6d6,19,34.32
3c266974c6d6,20,37.3
3c266974c6d6,21,37.32
3c266974c6d6,22,41.32
3c266974c6d6,23,42.53
3c266974c6d6,24,42.53
3c266974c6d6,25,45.3
3c266974c6d6,26,45.3
3c266974c6d6,27,45.32
3c266974c6d6,28,47.31
3c266974c6d6,29,54.55
3c266974c6d6,30,55.2
3c266974c6d6,31,66.32
3c266974c6d6,32,69.27
3c266974c6d6,33,72.27
3c266974c6d6,34,76.28
3c266974c6d6,35,79.24
3c266974c6d6,36,85.08
3c266974c6d6,37,87.59
3c266974c6d6,38,96.14
3c266974c6d6,39,97.3
3c266974c6d6,40,98.32
3c266974c6d6,41,100.3
3c266974c6d6,42,103.31
3c266974c6d6,43,103.31
3c266974c6d6,44,110.44
3c266974c6d6,45,117.44
3c266974c6d6,46,117.45
3c266974c6d6,47,123.46
3c266974c6d6,48,123.46
3c266974c6d6,49,123.51
3c266974c6d6,50,123.56
c350fec91fa2,1,0.69
c350fec91fa2,2,1.69
c350fec91fa2,3,2.45
c350fec91fa2,4,3.66
c350fec91fa2,5,4.24
c350fec91fa2,6,5.23
c350fec91fa2,7,5.56
c350fec91fa2,8,5.68
c350fec91fa2,9,6.23
c350fec91fa2,10,6.69
c350fec91fa2,11,7.69
c350fec91fa2,12,8.14
c350fec91fa2,13,8.72
c350fec91fa2,14,9.69
c350fec91fa2,15,10.72
c350fec91fa2,16,11.29
c350fec91fa2,17,11.69
c350fec91fa2,18,12.23
c350fec91fa2,19,12.69
c350fec91fa2,20,13.69
c350fec91fa2,21,14.19
c350fec91fa2,22,14.36
c350fec91fa2,23,14.69
c350fec91fa2,24,15.69
c350fec91fa2,25,16.64
c350fec91fa2,26,17.33
c350fec91fa2,27,18.57
c350fec91fa2,28,19.69
c350fec91fa2,29,20.69
c350fec91fa2,30,21.69
c350fec91fa2,31,22.68
c350fec91fa2,32,23.55
c350fec91fa2,33,24.57
c350fec91fa2,34,26.53
c350fec91fa2,35,27.13
c350fec91fa2,36,27.69
c350fec91fa2,37,29.18
c350fec91fa2,38,30.14
c350fec91fa2,39,30.31
c350fec91fa2,40,31.73
c350fec91fa2,41,32.69
c350fec91fa2,42,33.69
c350fec91fa2,43,34.69
c350fec91fa2,44,35.23
c350fec91fa2,45,35.32
c350fec91fa2,46,36.17
c350fec91fa2,47,36.69
c350fec91fa2,48,37.33
c350fec91fa2,49,38.03
c350fec91fa2,50,40.16
d216a452a3c6,1,1.42
d216a452a3c6,2,2.42
d216a452a3c6,3,3.42
d216a452a3c6,4,4.42
d216a452a3c6,5,6.42
d216a452a3c6,6,8.42
d216a452a3c6,7,10.42
d216a452a3c6,8,11.42
d216a452a3c6,9,12.42
d216a452a3c6,10,13.42
d216a452a3c6,11,14.42
d216a452a3c6,12,16.42
d216a452a3c6,13,17.42
d216a452a3c6,14,18.42
d216a452a3c6,15,20.42
d216a452a3c6,16,22.42
d216a452a3c6,17,23.42
d216a452a3c6,18,24.42
d216a452a3c6,19,25.42
d216a452a3c6,20,26.42
d216a452a3c6,21,31.42
ac7a18523705,1,0.26
ac7a18523705,2,0.31
ac7a18523705,3,0.46
ac7a18523705,4,1.24
ac7a18523705,5,1.28
ac7a18523705,6,1.32
ac7a18523705,7,1.35
ac7a18523705,8,1.42
ac7a18523705,9,1.46
ac7a18523705,10,2.26
ac7a18523705,11,2.3
ac7a18523705,12,2.34
ac7a18523705,13,2.38
ac7a18523705,14,2.42
ac7a18523705,15,2.46
ac7a18523705,16,3.26
ac7a18523705,17,3.34
ac7a18523705,18,3.38
ac7a18523705,19,3.42
ac7a18523705,20,3.46
ac7a18523705,21,4.26
ac7a18523705,22,4.29
ac7a18523705,23,4.38
ac7a18523705,24,4.42
ac7a18523705,25,5.25
ac7a18523705,26,5.3
ac7a18523705,27,5.33
ac7a18523705,28,5.38
ac7a18523705,29,5.42
ac7a18523705,30,5.46
ac7a18523705,31,6.21
ac7a18523705,32,6.26
ac7a18523705,33,6.3
ac7a18523705,34,6.34
ac7a18523705,35,6.38
ac7a18523705,36,6.42
ac7a18523705,37,6.46
ac7a18523705,38,7.25
ac7a18523705,39,7.38
ac7a18523705,40,7.46
ac7a18523705,41,8.32
ac7a18523705,42,8.42
ac7a18523705,43,8.46
ac7a18523705,44,8.54
ac7a18523705,45,8.78
ac7a18523705,46,9.26
ac7a18523705,47,9.3
ac7a18523705,48,9.38
ac7a18523705,49,9.46
ac7a18523705,50,10.26
da976c7beb62,1,0.05
da976c7beb62,2,0.17
da976c7beb62,3,0.31
da976c7beb62,4,0.51
da976c7beb62,5,1.05
da976c7beb62,6,1.17
da976c7beb62,7,1.31
da976c7beb62,8,2.05
da976c7beb62,9,2.17
da976c7beb62,10,2.3
da976c7beb62,11,3.01
da976c7beb62,12,3.51
da976c7beb62,13,4.05
da976c7beb62,14,4.17
da976c7beb62,15,4.31
da976c7beb62,16,4.51
da976c7beb62,17,5.05
da976c7beb62,18,5.21
da976c7beb62,19,5.32
da976c7beb62,20,5.51
da976c7beb62,21,6.07
da976c7beb62,22,6.19
da976c7beb62,23,6.32
da976c7beb62,24,6.51
da976c7beb62,25,7.09
da976c7beb62,26,7.21
da976c7beb62,27,7.38
da976c7beb62,28,8.05
da976c7beb62,29,8.17
da976c7beb62,30,8.31
da976c7beb62,31,9.09
da976c7beb62,32,9.25
da976c7beb62,33,9.51
da976c7beb62,34,10.05
da976c7beb62,35,10.21
da976c7beb62,36,10.34
da976c7beb62,37,10.51
da976c7beb62,38,11.17
da976c7beb62,39,11.3
da976c7beb62,40,12.05
da976c7beb62,41,12.17
da976c7beb62,42,12.3
da976c7beb62,43,12.51
da976c7beb62,44,13.09
da976c7beb62,45,13.21
da976c7beb62,46,13.34
da976c7beb62,47,14.02
da976c7beb62,48,16.51
da976c7beb62,49,17.05
da976c7beb62,50,17.17
7b1b1e5d98a7,1,0.37
7b1b1e5d98a7,2,0.95
7b1b1e5d98a7,3,1.37
7b1b1e5d98a7,4,1.95
7b1b1e5d98a7,5,2.37
7b1b1e5d98a7,6,2.95
7b1b1e5d98a7,7,3.37
7b1b1e5d98a7,8,3.95
7b1b1e5d98a7,9,4.37
7b1b1e5d98a7,10,4.95
7b1b1e5d98a7,11,5.37
7b1b1e5d98a7,12,5.95
7b1b1e5d98a7,13,6.37
7b1b1e5d98a7,14,6.95
7b1b1e5d98a7,15,7.95
7b1b1e5d98a7,16,8.37
7b1b1e5d98a7,17,8.95
7b1b1e5d98a7,18,9.37
7b1b1e5d98a7,19,9.95
7b1b1e5d98a7,20,10.37
7b1b1e5d98a7,21,10.95
7b1b1e5d98a7,22,11.37
7b1b1e5d98a7,23,11.95
7b1b1e5d98a7,24,12.37
7b1b1e5d98a7,25,12.95
7b1b1e5d98a7,26,13.37
7b1b1e5d98a7,27,14.37
7b1b1e5d98a7,28,15.37
7b1b1e5d98a7,29,16.37
7b1b1e5d98a7,30,17.37
7b1b1e5d98a7,31,21.37
7b1b1e5d98a7,32,22.37
7b1b1e5d98a7,33,23.37
7b1b1e5d98a7,34,25.37
7b1b1e5d98a7,35,26.37
7b1b1e5d98a7,36,27.37
7b1b1e5d98a7,37,28.37
7b1b1e5d98a7,38,29.37
7b1b1e5d98a7,39,29.95
7b1b1e5d98a7,40,30.37
7b1b1e5d98a7,41,31.37
7b1b1e5d98a7,42,32.37
7b1b1e5d98a7,43,32.95
7b1b1e5d98a7,44,33.37
7b1b1e5d98a7,45,34.37
7b1b1e5d98a7,46,34.95
7b1b1e5d98a7,47,35.41
7b1b1e5d98a7,48,37.95
7b1b1e5d98a7,49,38.95
7b1b1e5d98a7,50,40.42
5e99b11c5b1d,1,0.08
5e99b11c5b1d,2,0.81
5e99b11c5b1d,3,0.82
5e99b11c5b1d,4,0.85
5e99b11c5b1d,5,0.89
5e99b11c5b1d,6,1.83
5e99b11c5b1d,7,2.87
5e99b11c5b1d,8,2.88
5e99b11c5b1d,9,3.87
5e99b11c5b1d,10,3.89
5e99b11c5b1d,11,3.93
5e99b11c5b1d,12,4.88
5e99b11c5b1d,13,4.93
5e99b11c5b1d,14,4.93
5e99b11c5b1d,15,5.89
5e99b11c5b1d,16,5.92
5e99b11c5b1d,17,5.96
5e99b11c5b1d,18,5.99
5e99b11c5b1d,19,6.9
5e99b11c5b1d,20,6.9
5e99b11c5b1d,21,7.84
5e99b11c5b1d,22,7.85
5e99b11c5b1d,23,7.88
5e99b11c5b1d,24,7.93
5e99b11c5b1d,25,8.84
5e99b11c5b1d,26,8.85
5e99b11c5b1d,27,8.88
5e99b11c5b1d,28,9.85
5e99b11c5b1d,29,10.95
5e99b11c5b1d,30,11.91
5e99b11c5b1d,31,11.95
5e99b11c5b1d,32,12.83
5e99b11c5b1d,33,12.87
5e99b11c5b1d,34,12.88
5e99b11c5b1d,35,12.91
5e99b11c5b1d,36,12.94
5e99b11c5b1d,37,13.85
5e99b11c5b1d,38,13.88
5e99b11c5b1d,39,13.89
5e99b11c5b1d,40,14.85
5e99b11c5b1d,41,14.87
5e99b11c5b1d,42,14.9
5e99b11c5b1d,43,15.87
5e99b11c5b1d,44,15.89
5e99b11c5b1d,45,16.88
5e99b11c5b1d,46,16.9
5e99b11c5b1d,47,17.84
5e99b11c5b1d,48,17.89
5e99b11c5b1d,49,18.89
5e99b11c5b1d,50,18.96
c7eb3b861f4d,1,0.54
c7eb3b861f4d,2,0.6
c7eb3b861f4d,3,0.61
c7eb3b861f4d,4,0.65
c7eb3b861f4d,5,0.67
c7eb3b861f4d,6,1.54
c7eb3b861f4d,7,1.57
c7eb3b861f4d,8,1.59
c7eb3b861f4d,9,1.66
c7eb3b861f4d,10,2.58
c7eb3b861f4d,11,2.58
c7eb3b861f4d,12,2.61
c7eb3b861f4d,13,2.65
c7eb3b861f4d,14,3.53
c7eb3b861f4d,15,3.59
c7eb3b861f4d,16,3.62
c7eb3b861f4d,17,3.67
c7eb3b861f4d,18,4.52
c7eb3b861f4d,19,4.57
c7eb3b861f4d,20,4.6
c7eb3b861f4d,21,4.61
c7eb3b861f4d,22,5.54
c7eb3b861f4d,23,5.56
c7eb3b861f4d,24,5.6
c7eb3b861f4d,25,5.61
c7eb3b861f4d,26,7.54
c7eb3b861f4d,27,7.57
c7eb3b861f4d,28,7.57
c7eb3b861f4d,29,7.6
c7eb3b861f4d,30,8.51
c7eb3b861f4d,31,8.57
c7eb3b861f4d,32,9.5
c7eb3b861f4d,33,9.51
c7eb3b861f4d,34,9.57
c7eb3b861f4d,35,9.6
c7eb3b861f4d,36,10.53
c7eb3b861f4d,37,11.5
c7eb3b861f4d,38,11.55
c7eb3b861f4d,39,11.56
c7eb3b861f4d,40,11.57
c7eb3b861f4d,41,12.57
c7eb3b861f4d,42,13.59
c7eb3b861f4d,43,14.54
c7eb3b861f4d,44,14.6
c7eb3b861f4d,45,15.51
c7eb3b861f4d,46,15.55
c7eb3b861f4d,47,15.57
c7eb3b861f4d,48,16.51
c7eb3b861f4d,49,16.52
c7eb3b861f4d,50,16.55
98d14b90ed53,1,0.94
98d14b90ed53,2,1.24
98d14b90ed53,3,1.98
98d14b90ed53,4,2.2
98d14b90ed53,5,3.24
98d14b90ed53,6,3.89
98d14b90ed53,7,4.81
98d14b90ed53,8,5.23
98d14b90ed53,9,5.82
98d14b90ed53,10,6.11
98d14b90ed53,11,6.9
98d14b90ed53,12,7.45
98d14b90ed53,13,8.08
98d14b90ed53,14,8.99
98d14b90ed53,15,10.29
98d14b90ed53,16,12.89
98d14b90ed53,17,14.01
98d14b90ed53,18,14.3
98d14b90ed53,19,16.23
98d14b90ed53,20,16.96
98d14b90ed53,21,17.31
98d14b90ed53,22,17.98
98d14b90ed53,23,18.26
98d14b90ed53,24,19.48
98d14b90ed53,25,19.97
98d14b90ed53,26,22.35
98d14b90ed53,27,22.83
98d14b90ed53,28,23.29
98d14b90ed53,29,24.04
98d14b90ed53,30,24.24
98d14b90ed53,31,24.85
98d14b90ed53,32,25.33
98d14b90ed53,33,26.46
98d14b90ed53,34,27.27
510910f53c2b,1,1.49
510910f53c2b,2,2.5
510910f53c2b,3,2.55
510910f53c2b,4,3.81
510910f53c2b,5,4.86
510910f53c2b,6,5.46
510910f53c2b,7,8.53
510910f53c2b,8,9.43
510910f53c2b,9,10.47
510910f53c2b,10,11.48
510910f53c2b,11,12.85
510910f53c2b,12,13.49
510910f53c2b,13,16.44
510910f53c2b,14,16.51
510910f53c2b,15,17.51
510910f53c2b,16,18.51
510910f53c2b,17,19.47
510910f53c2b,18,20.87
510910f53c2b,19,22.5
510910f53c2b,20,23.51
510910f53c2b,21,24.49
510910f53c2b,22,26.49
510910f53c2b,23,27.61
510910f53c2b,24,29.47
510910f53c2b,25,30.45
510910f53c2b,26,31.49
510910f53c2b,27,32.58
510910f53c2b,28,33.46
510910f53c2b,29,35.51
510910f53c2b,30,36.44
510910f53c2b,31,36.46
510910f53c2b,32,37.49
510910f53c2b,33,38.51
510910f53c2b,34,42.49
510910f53c2b,35,44.42
510910f53c2b,36,44.48
510910f53c2b,37,45.47
510910f53c2b,38,46.51
510910f53c2b,39,48.49
510910f53c2b,40,48.86
510910f53c2b,41,49.55
510910f53c2b,42,50.61
510910f53c2b,43,51.51
510910f53c2b,44,51.53
510910f53c2b,45,52.45
510910f53c2b,46,58.47
510910f53c2b,47,59.46
510910f53c2b,48,60.47
510910f53c2b,49,61.6
510910f53c2b,50,61.74
66cbee368310,1,0.01
66cbee368310,2,0.09
66cbee368310,3,0.14
66cbee368310,4,0.16
66cbee368310,5,0.18
66cbee368310,6,0.27
66cbee368310,7,0.31
66cbee368310,8,0.8
66cbee368310,9,0.84
66cbee368310,10,0.89
66cbee368310,11,0.93
66cbee368310,12,0.97
66cbee368310,13,1.01
66cbee368310,14,1.05
66cbee368310,15,1.1
66cbee368310,16,1.97
66cbee368310,17,2.31
66cbee368310,18,3.05
66cbee368310,19,3.14
66cbee368310,20,3.22
66cbee368310,21,3.31
66cbee368310,22,3.9
66cbee368310,23,4.01
66cbee368310,24,4.05
66cbee368310,25,4.14
66cbee368310,26,4.18
66cbee368310,27,4.22
66cbee368310,28,4.27
66cbee368310,29,4.89
66cbee368310,30,4.93
66cbee368310,31,4.95
66cbee368310,32,4.97
66cbee368310,33,5.01
66cbee368310,34,5.06
66cbee368310,35,5.1
66cbee368310,36,5.14
66cbee368310,37,5.18
66cbee368310,38,5.22
66cbee368310,39,5.35
66cbee368310,40,5.8
66cbee368310,41,5.84
66cbee368310,42,5.88
66cbee368310,43,5.92
66cbee368310,44,5.96
66cbee368310,45,6.0
66cbee368310,46,6.01
66cbee368310,47,6.04
66cbee368310,48,6.09
66cbee368310,49,6.13
66cbee368310,50,6.17
5be3b317370c,1,0.51
5be3b317370c,2,1.51
5be3b317370c,3,3.46
5be3b317370c,4,4.51
5be3b317370c,5,5.51
5be3b317370c,6,6.51
5be3b317370c,7,7.51
5be3b317370c,8,8.51
5be3b317370c,9,10.51
5be3b317370c,10,11.51
5be3b317370c,11,12.51
5be3b317370c,12,13.51
5be3b317370c,13,14.51
5be3b317370c,14,15.51
5be3b317370c,15,17.51
5be3b317370c,16,18.51
5be3b317370c,17,19.51
5be3b317370c,18,20.51
5be3b317370c,19,21.51
5be3b317370c,20,22.51
5be3b317370c,21,24.5
5be3b317370c,22,25.51
5be3b317370c,23,26.51
5be3b317370c,24,27.51
5be3b317370c,25,28.51
5be3b317370c,26,29.51
5be3b317370c,27,31.51
5be3b317370c,28,32.51
5be3b317370c,29,33.51
5be3b317370c,30,34.5
5be3b317370c,31,35.51
5be3b317370c,32,36.51
5be3b317370c,33,38.51
5be3b317370c,34,39.51
5be3b317370c,35,40.5
5be3b317370c,36,41.51
5be3b317370c,37,42.51
5be3b317370c,38,43.51
5be3b317370c,39,45.51
5be3b317370c,40,46.51
5be3b317370c,41,47.51
5be3b317370c,42,48.51
5be3b317370c,43,49.51
5be3b317370c,44,50.51
5be3b317370c,45,52.5
5be3b317370c,46,53.51
5be3b317370c,47,54.51
5be3b317370c,48,55.51
5be3b317370c,49,56.51
5be3b317370c,50,57.51
e2a5efdb84df,1,0.14
e2a5efdb84df,2,0.23
e2a5efdb84df,3,0.31
e2a5efdb84df,4,0.4
e2a5efdb84df,5,1.13
e2a5efdb84df,6,1.22
e2a5efdb84df,7,1.31
e2a5efdb84df,8,1.4
e2a5efdb84df,9,2.14
e2a5efdb84df,10,2.23
e2a5efdb84df,11,2.32
e2a5efdb84df,12,2.4
e2a5efdb84df,13,3.13
e2a5efdb84df,14,3.22
e2a5efdb84df,15,3.31
e2a5efdb84df,16,3.4
e2a5efdb84df,17,4.14
e2a5efdb84df,18,4.22
e2a5efdb84df,19,4.31
e2a5efdb84df,20,4.4
e2a5efdb84df,21,5.12
e2a5efdb84df,22,5.22
e2a5efdb84df,23,5.31
e2a5efdb84df,24,5.4
e2a5efdb84df,25,6.14
e2a5efdb84df,26,6.22
e2a5efdb84df,27,6.31
e2a5efdb84df,28,6.4
e2a5efdb84df,29,7.14
e2a5efdb84df,30,7.23
e2a5efdb84df,31,7.31
e2a5efdb84df,32,7.4
e2a5efdb84df,33,8.13
e2a5efdb84df,34,8.22
e2a5efdb84df,35,8.31
e2a5efdb84df,36,8.4
e2a5efdb84df,37,9.13
e2a5efdb84df,38,9.22
e2a5efdb84df,39,9.31
e2a5efdb84df,40,9.4
e2a5efdb84df,41,10.13
e2a5efdb84df,42,10.22
e2a5efdb84df,43,10.31
e2a5efdb84df,44,10.4
e2a5efdb84df,45,11.14
e2a5efdb84df,46,11.23
e2a5efdb84df,47,11.31
e2a5efdb84df,48,11.4
e2a5efdb84df,49,12.14
e2a5efdb84df,50,12.23
084ea8681c56,1,0.26
084ea8681c56,2,1.23
084ea8681c56,3,2.26
084ea8681c56,4,3.41
084ea8681c56,5,3.53
084ea8681c56,6,4.34
084ea8681c56,7,5.24
084ea8681c56,8,5.47
084ea8681c56,9,7.32
084ea8681c56,10,9.3
084ea8681c56,11,15.18
084ea8681c56,12,21.16
084ea8681c56,13,67.45
084ea8681c56,14,95.35
084ea8681c56,15,95.42
084ea8681c56,16,334.24
084ea8681c56,17,366.32
084ea8681c56,18,368.32
084ea8681c56,19,443.32
084ea8681c56,20,459.47
084ea8681c56,21,460.43
084ea8681c56,22,465.37
084ea8681c56,23,467.37
084ea8681c56,24,469.15
084ea8681c56,25,508.25
084ea8681c56,26,568.34
084ea8681c56,27,568.34
084ea8681c56,28,569.35
084ea8681c56,29,588.36
084ea8681c56,30,659.39
084ea8681c56,31,663.36
084ea8681c56,32,685.36
084ea8681c56,33,689.39
084ea8681c56,34,690.38
084ea8681c56,35,698.39
084ea8681c56,36,699.42
084ea8681c56,37,784.21
084ea8681c56,38,787.46
084ea8681c56,39,789.29
084ea8681c56,40,794.41
084ea8681c56,41,808.39
084ea8681c56,42,899.0
084ea8681c56,43,909.97
084ea8681c56,44,927.37
084ea8681c56,45,928.29
084ea8681c56,46,1008.35
084ea8681c56,47,1037.18
084ea8681c56,48,2004.33
084ea8681c56,49,2215.61
084ea8681c56,50,2257.6
56bdd6a5938f,1,0.14
56bdd6a5938f,2,0.17
56bdd6a5938f,3,0.19
56bdd6a5938f,4,0.21
56bdd6a5938f,5,0.23
56bdd6a5938f,6,0.26
56bdd6a5938f,7,0.28
56bdd6a5938f,8,0.3
56bdd6a5938f,9,0.32
56bdd6a5938f,10,0.34
56bdd6a5938f,11,0.36
56bdd6a5938f,12,0.38
56bdd6a5938f,13,0.4
56bdd6a5938f,14,0.42
56bdd6a5938f,15,0.44
56bdd6a5938f,16,0.51
56bdd6a5938f,17,1.15
56bdd6a5938f,18,1.17
56bdd6a5938f,19,1.19
56bdd6a5938f,20,1.21
56bdd6a5938f,21,1.23
56bdd6a5938f,22,1.26
56bdd6a5938f,23,1.28
56bdd6a5938f,24,1.3
56bdd6a5938f,25,1.32
56bdd6a5938f,26,1.34
56bdd6a5938f,27,1.36
56bdd6a5938f,28,1.38
56bdd6a5938f,29,1.4
56bdd6a5938f,30,1.42
56bdd6a5938f,31,1.44
56bdd6a5938f,32,1.46
56bdd6a5938f,33,1.48
56bdd6a5938f,34,1.51
56bdd6a5938f,35,1.53
56bdd6a5938f,36,1.54
56bdd6a5938f,37,2.17
56bdd6a5938f,38,2.19
56bdd6a5938f,39,2.21
56bdd6a5938f,40,2.24
56bdd6a5938f,41,2.26
56bdd6a5938f,42,2.28
56bdd6a5938f,43,2.3
56bdd6a5938f,44,2.32
56bdd6a5938f,45,2.34
56bdd6a5938f,46,2.36
56bdd6a5938f,47,2.38
56bdd6a5938f,48,2.4
56bdd6a5938f,49,2.42
56bdd6a5938f,50,2.44
4c8eec2598d0,1,0.11
4c8eec2598d0,2,0.13
4c8eec2598d0,3,0.15
4c8eec2598d0,4,0.17
4c8eec2598d0,5,0.19
4c8eec2598d0,6,0.21
4c8eec2598d0,7,0.23
4c8eec2598d0,8,0.28
4c8eec2598d0,9,0.3
4c8eec2598d0,10,0.32
4c8eec2598d0,11,0.34
4c8eec2598d0,12,0.36
4c8eec2598d0,13,0.4
4c8eec2598d0,14,0.42
4c8eec2598d0,15,0.44
4c8eec2598d0,16,0.48
4c8eec2598d0,17,0.53
4c8eec2598d0,18,0.61
4c8eec2598d0,19,0.78
4c8eec2598d0,20,0.82
4c8eec2598d0,21,1.11
4c8eec2598d0,22,1.13
4c8eec2598d0,23,1.15
4c8eec2598d0,24,1.17
4c8eec2598d0,25,1.19
4c8eec2598d0,26,1.21
4c8eec2598d0,27,1.24
4c8eec2598d0,28,1.26
4c8eec2598d0,29,1.28
4c8eec2598d0,30,1.3
4c8eec2598d0,31,1.32
4c8eec2598d0,32,1.36
4c8eec2598d0,33,1.4
4c8eec2598d0,34,1.42
4c8eec2598d0,35,1.44
4c8eec2598d0,36,1.49
4c8eec2598d0,37,1.53
4c8eec2598d0,38,1.61
4c8eec2598d0,39,1.78
4c8eec2598d0,40,1.82
4c8eec2598d0,41,2.11
4c8eec2598d0,42,2.13
4c8eec2598d0,43,2.15
4c8eec2598d0,44,2.17
4c8eec2598d0,45,2.19
4c8eec2598d0,46,2.21
4c8eec2598d0,47,2.23
4c8eec2598d0,48,2.26
4c8eec2598d0,49,2.28
4c8eec2598d0,50,2.32
189d642bcd5d,1,1.59
189d642bcd5d,2,3.59
189d642bcd5d,3,4.55
189d642bcd5d,4,4.59
189d642bcd5d,5,5.59
189d642bcd5d,6,6.59
189d642bcd5d,7,8.59
189d642bcd5d,8,10.59
189d642bcd5d,9,11.59
189d642bcd5d,10,13.59
189d642bcd5d,11,15.59
189d642bcd5d,12,17.59
189d642bcd5d,13,18.59
189d642bcd5d,14,20.59
189d642bcd5d,15,22.59
189d642bcd5d,16,23.51
189d642bcd5d,17,23.59
189d642bcd5d,18,24.59
189d642bcd5d,19,25.59
189d642bcd5d,20,27.59
189d642bcd5d,21,29.59
189d642bcd5d,22,30.47
189d642bcd5d,23,31.59
189d642bcd5d,24,32.6
189d642bcd5d,25,32.61
189d642bcd5d,26,33.59
189d642bcd5d,27,34.59
189d642bcd5d,28,35.58
189d642bcd5d,29,37.59
189d642bcd5d,30,39.65
189d642bcd5d,31,40.61
189d642bcd5d,32,42.59
189d642bcd5d,33,44.61
189d642bcd5d,34,45.59
189d642bcd5d,35,46.59
189d642bcd5d,36,48.59
189d642bcd5d,37,51.59
189d642bcd5d,38,52.56
189d642bcd5d,39,52.57
189d642bcd5d,40,53.56
189d642bcd5d,41,54.59
189d642bcd5d,42,55.59
189d642bcd5d,43,59.59
189d642bcd5d,44,60.59
189d642bcd5d,45,62.59
189d642bcd5d,46,64.59
189d642bcd5d,47,65.43
189d642bcd5d,48,65.5
189d642bcd5d,49,66.59
189d642bcd5d,50,67.59
b783ea090d7e,1,2.43
b783ea090d7e,2,4.85
b783ea090d7e,3,4.89
b783ea090d7e,4,5.19
b783ea090d7e,5,5.22
b783ea090d7e,6,21.95
b783ea090d7e,7,24.51
b783ea090d7e,8,48.9
b783ea090d7e,9,94.34
b783ea090d7e,10,95.05
b783ea090d7e,11,96.27
b783ea090d7e,12,97.38
b783ea090d7e,13,98.46
b783ea090d7e,14,98.9
b783ea090d7e,15,99.22
b783ea090d7e,16,100.52
b783ea090d7e,17,101.22
b783ea090d7e,18,110.9
b783ea090d7e,19,112.94
b783ea090d7e,20,115.0
b783ea090d7e,21,115.03
b783ea090d7e,22,115.12
b783ea090d7e,23,115.14
b783ea090d7e,24,115.15
b783ea090d7e,25,115.17
b783ea090d7e,26,115.28
b783ea090d7e,27,117.05
b783ea090d7e,28,117.93
b783ea090d7e,29,117.94
b783ea090d7e,30,118.6
b783ea090d7e,31,119.02
b783ea090d7e,32,119.05
b783ea090d7e,33,119.2
b783ea090d7e,34,119.27
b783ea090d7e,35,119.29
b783ea090d7e,36,119.5
b783ea090d7e,37,120.3
b783ea090d7e,38,120.38
b783ea090d7e,39,120.39
b783ea090d7e,40,120.4
b783ea090d7e,41,120.92
b783ea090d7e,42,121.2
b783ea090d7e,43,121.23
b783ea090d7e,44,121.29
b783ea090d7e,45,122.19
b783ea090d7e,46,123.42
b783ea090d7e,47,123.42
b783ea090d7e,48,123.89
b783ea090d7e,49,123.94
b783ea090d7e,50,123.96
39dbc56745b1,1,0.32
39dbc56745b1,2,0.4
39dbc56745b1,3,0.48
39dbc56745b1,4,1.31
39dbc56745b1,5,1.4
39dbc56745b1,6,1.48
39dbc56745b1,7,2.32
39dbc56745b1,8,2.4
39dbc56745b1,9,2.49
39dbc56745b1,10,3.32
39dbc56745b1,11,3.4
39dbc56745b1,12,3.49
39dbc56745b1,13,4.32
39dbc56745b1,14,4.4
39dbc56745b1,15,4.48
39dbc56745b1,16,5.32
39dbc56745b1,17,5.4
39dbc56745b1,18,5.49
39dbc56745b1,19,6.32
39dbc56745b1,20,6.38
39dbc56745b1,21,6.48
39dbc56745b1,22,7.32
39dbc56745b1,23,7.4
39dbc56745b1,24,7.49
39dbc56745b1,25,8.32
39dbc56745b1,26,8.4
39dbc56745b1,27,8.48
39dbc56745b1,28,9.32
39dbc56745b1,29,9.4
39dbc56745b1,30,9.49
39dbc56745b1,31,10.32
39dbc56745b1,32,10.4
39dbc56745b1,33,10.48
39dbc56745b1,34,11.32
39dbc56745b1,35,11.4
39dbc56745b1,36,11.49
39dbc56745b1,37,12.32
39dbc56745b1,38,12.4
39dbc56745b1,39,12.49
39dbc56745b1,40,13.32
39dbc56745b1,41,13.4
39dbc56745b1,42,13.49
39dbc56745b1,43,14.32
39dbc56745b1,44,14.4
39dbc56745b1,45,14.49
39dbc56745b1,46,15.32
39dbc56745b1,47,15.4
39dbc56745b1,48,15.49
39dbc56745b1,49,16.32
39dbc56745b1,50,16.48
f5926eac1d2d,1,0.08
f5926eac1d2d,2,1.06
f5926eac1d2d,3,2.05
f5926eac1d2d,4,3.07
f5926eac1d2d,5,4.07
f5926eac1d2d,6,5.07
f5926eac1d2d,7,5.97
f5926eac1d2d,8,6.03
f5926eac1d2d,9,7.11
f5926eac1d2d,10,8.02
f5926eac1d2d,11,8.07
f5926eac1d2d,12,9.07
f5926eac1d2d,13,9.07
f5926eac1d2d,14,9.92
f5926eac1d2d,15,10.1
f5926eac1d2d,16,10.11
f5926eac1d2d,17,10.11
f5926eac1d2d,18,11.01
f5926eac1d2d,19,11.01
f5926eac1d2d,20,11.89
f5926eac1d2d,21,11.89
f5926eac1d2d,22,13.06
f5926eac1d2d,23,13.06
f5926eac1d2d,24,13.06
f5926eac1d2d,25,13.07
f5926eac1d2d,26,13.07
f5926eac1d2d,27,21.0
f5926eac1d2d,28,22.0
f5926eac1d2d,29,25.43
f5926eac1d2d,30,28.57
f5926eac1d2d,31,28.57
f5926eac1d2d,32,31.02
f5926eac1d2d,33,31.05
f5926eac1d2d,34,33.33
f5926eac1d2d,35,34.06
f5926eac1d2d,36,34.35
f5926eac1d2d,37,36.03
f5926eac1d2d,38,37.19
f5926eac1d2d,39,38.03
f5926eac1d2d,40,38.03
f5926eac1d2d,41,39.98
f5926eac1d2d,42,40.01
f5926eac1d2d,43,41.34
f5926eac1d2d,44,41.35
f5926eac1d2d,45,41.35
f5926eac1d2d,46,41.35
f5926eac1d2d,47,41.35
f5926eac1d2d,48,41.35
f5926eac1d2d,49,41.35
f5926eac1d2d,50,42.19
8888913e82b5,1,5.17
8888913e82b5,2,6.09
8888913e82b5,3,7.13
8888913e82b5,4,8.1
8888913e82b5,5,13.04
8888913e82b5,6,14.24
8888913e82b5,7,15.12
8888913e82b5,8,18.04
8888913e82b5,9,20.17
8888913e82b5,10,22.14
8888913e82b5,11,23.05
8888913e82b5,12,24.14
8888913e82b5,13,25.09
8888913e82b5,14,26.23
8888913e82b5,15,28.06
8888913e82b5,16,28.1
8888913e82b5,17,29.08
8888913e82b5,18,33.11
8888913e82b5,19,34.08
8888913e82b5,20,36.12
8888913e82b5,21,37.99
8888913e82b5,22,39.12
8888913e82b5,23,41.15
8888913e82b5,24,42.2
8888913e82b5,25,43.15
8888913e82b5,26,44.25
8888913e82b5,27,46.21
8888913e82b5,28,47.23
8888913e82b5,29,48.18
8888913e82b5,30,52.04
8888913e82b5,31,53.1
8888913e82b5,32,54.07
8888913e82b5,33,58.02
8888913e82b5,34,60.2
8888913e82b5,35,62.15
8888913e82b5,36,63.2
8888913e82b5,37,66.04
8888913e82b5,38,66.15
8888913e82b5,39,67.1
8888913e82b5,40,67.23
8888913e82b5,41,68.13
8888913e82b5,42,68.25
8888913e82b5,43,69.03
8888913e82b5,44,71.19
8888913e82b5,45,72.21
8888913e82b5,46,73.19
8888913e82b5,47,74.15
8888913e82b5,48,74.2
8888913e82b5,49,74.99
8888913e82b5,50,75.98
b1d6967d4902,1,0.34
b1d6967d4902,2,1.32
b1d6967d4902,3,3.63
b1d6967d4902,4,5.14
b1d6967d4902,5,6.1
b1d6967d4902,6,7.1
b1d6967d4902,7,7.28
b1d6967d4902,8,14.29
b1d6967d4902,9,23.45
b1d6967d4902,10,32.39
b1d6967d4902,11,38.14
b1d6967d4902,12,43.62
b1d6967d4902,13,50.05
b1d6967d4902,14,52.64
b1d6967d4902,15,60.13
b1d6967d4902,16,72.65
b1d6967d4902,17,105.46
b1d6967d4902,18,116.07
8a8cc0d1f59c,1,0.26
8a8cc0d1f59c,2,1.21
8a8cc0d1f59c,3,1.32
8a8cc0d1f59c,4,2.36
8a8cc0d1f59c,5,2.57
8a8cc0d1f59c,6,4.36
8a8cc0d1f59c,7,5.24
8a8cc0d1f59c,8,5.54
8a8cc0d1f59c,9,6.17
8a8cc0d1f59c,10,6.27
8a8cc0d1f59c,11,6.34
8a8cc0d1f59c,12,6.5
8a8cc0d1f59c,13,8.21
8a8cc0d1f59c,14,8.32
8a8cc0d1f59c,15,8.53
8a8cc0d1f59c,16,9.21
8a8cc0d1f59c,17,9.36
8a8cc0d1f59c,18,9.57
8a8cc0d1f59c,19,10.21
8a8cc0d1f59c,20,10.37
8a8cc0d1f59c,21,11.28
9e5111dc4917,1,4.57
9e5111dc4917,2,6.57
9e5111dc4917,3,11.57
9e5111dc4917,4,12.53
9e5111dc4917,5,13.57
9e5111dc4917,6,18.57
9e5111dc4917,7,20.57
9e5111dc4917,8,25.57
9e5111dc4917,9,27.57
9e5111dc4917,10,30.57
9e5111dc4917,11,31.57
9e5111dc4917,12,32.57
9e5111dc4917,13,34.57
9e5111dc4917,14,39.57
9e5111dc4917,15,40.57
9e5111dc4917,16,41.57
9e5111dc4917,17,46.57
9e5111dc4917,18,48.57
9e5111dc4917,19,53.57
9e5111dc4917,20,55.57
9e5111dc4917,21,60.57
9e5111dc4917,22,62.57
9e5111dc4917,23,67.57
9e5111dc4917,24,69.57
9e5111dc4917,25,74.55
9e5111dc4917,26,76.57
9e5111dc4917,27,80.55
9e5111dc4917,28,81.57
9e5111dc4917,29,83.57
9e5111dc4917,30,88.57
9e5111dc4917,31,90.57
9e5111dc4917,32,95.57
9e5111dc4917,33,97.57
9e5111dc4917,34,102.57
9e5111dc4917,35,104.57
9e5111dc4917,36,108.57
9e5111dc4917,37,109.57
9e5111dc4917,38,111.57
9e5111dc4917,39,116.57
9e5111dc4917,40,118.57
9e5111dc4917,41,123.57
9e5111dc4917,42,125.57
9e5111dc4917,43,130.57
9e5111dc4917,44,131.57
9e5111dc4917,45,132.57
9e5111dc4917,46,137.57
9e5111dc4917,47,139.57
9e5111dc4917,48,140.57
9e5111dc4917,49,144.57
9e5111dc4917,50,146.57
479ab4f493d3,1,0.71
479ab4f493d3,2,1.71
479ab4f493d3,3,2.71
479ab4f493d3,4,3.55
479ab4f493d3,5,4.71
479ab4f493d3,6,5.71
479ab4f493d3,7,6.71
479ab4f493d3,8,7.71
479ab4f493d3,9,8.71
479ab4f493d3,10,9.71
479ab4f493d3,11,10.71
479ab4f493d3,12,11.71
479ab4f493d3,13,12.71
479ab4f493d3,14,13.71
479ab4f493d3,15,14.71
479ab4f493d3,16,15.71
479ab4f493d3,17,16.71
479ab4f493d3,18,17.43
479ab4f493d3,19,17.71
479ab4f493d3,20,18.71
479ab4f493d3,21,19.71
479ab4f493d3,22,20.71
479ab4f493d3,23,21.71
479ab4f493d3,24,22.71
479ab4f493d3,25,23.71
479ab4f493d3,26,24.43
479ab4f493d3,27,25.71
479ab4f493d3,28,26.53
479ab4f493d3,29,26.71
479ab4f493d3,30,27.46
479ab4f493d3,31,28.7
479ab4f493d3,32,29.71
479ab4f493d3,33,30.71
479ab4f493d3,34,31.71
479ab4f493d3,35,32.71
479ab4f493d3,36,33.71
479ab4f493d3,37,34.71
479ab4f493d3,38,35.71
479ab4f493d3,39,36.71
479ab4f493d3,40,37.71
479ab4f493d3,41,38.55
479ab4f493d3,42,38.71
479ab4f493d3,43,39.71
479ab4f493d3,44,40.71
479ab4f493d3,45,41.71
479ab4f493d3,46,42.71
479ab4f493d3,47,43.55
479ab4f493d3,48,43.71
479ab4f493d3,49,44.71
479ab4f493d3,50,45.71
65540fcb1473,1,0.33
65540fcb1473,2,1.22
65540fcb1473,3,2.32
65540fcb1473,4,4.75
65540fcb1473,5,5.23
65540fcb1473,6,5.7
65540fcb1473,7,6.19
65540fcb1473,8,6.31
65540fcb1473,9,7.17
65540fcb1473,10,8.24
65540fcb1473,11,8.31
65540fcb1473,12,9.31
65540fcb1473,13,11.19
65540fcb1473,14,11.33
65540fcb1473,15,12.15
65540fcb1473,16,12.27
65540fcb1473,17,13.22
65540fcb1473,18,13.27
65540fcb1473,19,15.29
65540fcb1473,20,15.29
65540fcb1473,21,16.3
65540fcb1473,22,16.62
65540fcb1473,23,17.31
65540fcb1473,24,17.67
65540fcb1473,25,18.32
65540fcb1473,26,19.2
65540fcb1473,27,19.3
65540fcb1473,28,20.27
65540fcb1473,29,21.17
65540fcb1473,30,21.31
65540fcb1473,31,23.27
65540fcb1473,32,23.32
65540fcb1473,33,24.71
65540fcb1473,34,25.18
65540fcb1473,35,25.35
65540fcb1473,36,26.28
65540fcb1473,37,26.28
65540fcb1473,38,26.28
65540fcb1473,39,26.32
65540fcb1473,40,28.27
65540fcb1473,41,28.78
65540fcb1473,42,28.79
65540fcb1473,43,28.79
65540fcb1473,44,28.8
65540fcb1473,45,28.8
65540fcb1473,46,32.3
65540fcb1473,47,32.31
65540fcb1473,48,32.88
65540fcb1473,49,36.95
65540fcb1473,50,36.95
