video_id,stored_format,seconds,published_at,embed_w,embed_h,shape,live,title
mgAtqptcnh4,SHORT,11,2026-10-02T22:20:27Z,563,1000,vertical,False,Eu só tentei ser um cavalheiro #dosrosa
pfIF9ORS7vw,SHORT,28,2026-10-02T20:07:29Z,563,1000,vertical,False,Mr Clean Goes Halloween Shopping PT2 #funny #comedy #relatable #humor #skit
i0YRRFPkVS8,SHORT,64,2026-09-26T08:44:52Z,563,1000,vertical,False,Huawei Mate XT2 | TriFold Phone
YAh4BcDUU_Q,SHORT,15,2026-09-27T21:14:23Z,563,1000,vertical,False,Inhaling those ice cream pops💀
UUjbDXCcEak,SHORT,48,2026-10-02T13:00:00Z,563,1000,vertical,False,Phillies land All Star closer Jhoan Duran ahead of MLB trade deadline 👀🔥 #Jhoan 
CV9wA35ufZA,SHORT,60,2026-09-30T14:21:15Z,563,1000,vertical,False,วิธีที่บัตเลอร์ปลุกใครสักคน #BadAi #shorts #butler #บัตเลอร์ Credit : maligoshik
c4SyiEKlTQc,SHORT,14,2026-10-02T02:33:26Z,563,1000,vertical,False,Thấy dễ thương cho E xin 1 tim
DnLN2sMF9d8,SHORT,22,2026-10-02T21:36:34Z,750,1000,vertical,False,Never Remove these Barnacles From A Whale? 😱 #shorts
Dfo7qto7nc0,SHORT,14,2026-10-03T11:00:19Z,563,1000,vertical,False,Sammy Lee’s Modest Answer — Plus His Rocket Against Man City!
FjFiTnmhqEU,SHORT,18,2026-10-03T00:30:09Z,1000,1000,square,False,นี่นะระดับโลกทำได้แค่นี้จริงๆใช่มั้ยคราวหลังอย่าไปมโนนะหญิงอายเค้า🤣#เขมร #funny 
L9lg22evOhk,SHORT,64,2026-09-05T03:00:44Z,563,1000,vertical,False,"Khám phá 10 mẫu điện thoại, chiếc cuối chắc chắn bạn chưa từng thấy!"
aQ1wZR-4eOA,SHORT,156,2026-10-02T06:41:09Z,563,1000,vertical,False,Wanita tulus tanpa melihat fisik dan materi #shorts
Daa3l-rPC6Q,SHORT,31,2026-10-03T13:20:31Z,563,1000,vertical,False,Taking my boyfriend on a drop water slide for the first time 🤣
_tKrBIedlUk,SHORT,25,2026-10-03T14:00:21Z,563,1000,vertical,False,CELULAR DESTRUTIVO VS COISAS 😬
T1DPHsh7opU,SHORT,31,2026-10-03T14:10:53Z,563,1000,vertical,False,BF got a hair transplant 😳 (I’m not kidding) thanks @woomchan-koreahairtransplan
amtKQ_TW9wY,SHORT,35,2026-09-29T13:00:15Z,563,1000,vertical,False,Cá giọt nước thực sự bị oan
PfU-ehraOGs,SHORT,102,2026-10-02T08:21:11Z,563,1000,vertical,False,đi vệ sinh trên cao tốc và cái kết #xeotocu #traodoioto #car
_vmSZl5AH-w,SHORT,13,2026-10-02T13:20:08Z,589,1000,vertical,False,si tu like une patte de chien appareitra. #dog
fbGoLWYEz-I,SHORT,22,2026-10-02T17:00:06Z,563,1000,vertical,False,Cette prof a fait croire à ses élèves qu’elle contrôlait la télé 😳❤️ #shorts
4396ioWeL0A,SHORT,20,2026-10-03T11:30:01Z,563,1000,vertical,False,Yokuşu Çıkarken Kontrolden Çıktı!
IDKu4nvqMqY,SHORT,88,2026-10-03T00:42:54Z,563,1000,vertical,False,"""부캉아 잘 가"" 했는데..100m 남기고 구조 중단"
o916XLZS14s,SHORT,144,2026-09-30T23:11:31Z,1778,1000,horizontal,True,Hurricane Wisdom - Lil Birdie (Official Video)
F7ircCwj9tY,SHORT,21,2026-10-01T10:11:24Z,563,1000,vertical,False,1 ตุลาคม 2569
EavjLUYEMwI,SHORT,57,2026-10-03T13:14:28Z,563,1000,vertical,False,"✅Quiere más espuma en la cerveza ,pues toma espuma!!! 😂😂 #humor #marianoypunto #"
vQWel5irs9Q,SHORT,43,2026-10-02T01:31:56Z,563,1000,vertical,False,자기를 놀린 무명 개그맨에게 이대호가 물어본 한마디
nyPX4ovJjro,SHORT,57,2026-10-02T10:00:26Z,563,1000,vertical,False,Corvette Hitam Misterius Berhasil Ditangkap.
UTV_nXQ009g,SHORT,32,2026-10-02T22:00:07Z,563,1000,vertical,False,UPIN IPIN RUNNING FROM MONSTER ANOMALI KENAPA NYAK‼️😱 #sakuraschoolsimulator
rx0DuHsA5v0,SHORT,52,2026-10-01T17:21:09Z,563,1000,vertical,False,Dawid ocenia który róż mi najbardziej pasuje!! Reklama
W9mBWRyylWs,SHORT,48,2026-10-02T04:16:23Z,563,1000,vertical,False,Se creia muy machito hasta que le cayo la policia a su propia casa🤣🤣
BA9xizsbq3w,SHORT,30,2026-10-03T01:52:59Z,563,1000,vertical,False,音を確認しないでください😭😭
Ku7imgu-hqs,SHORT,20,2026-10-01T16:19:25Z,563,1000,vertical,False,Found a new bestfriend 😭
t3skBZxIICA,SHORT,21,2026-09-30T21:56:37Z,563,1000,vertical,False,La extraña barra de chocolate.
WJc8KLMsgSw,SHORT,32,2026-10-02T14:00:39Z,563,1000,vertical,False,Ele teve uma ideia terrível pra assustar quem limpava a piscina 😂#animais #lagar
mAtG6n42OKg,SHORT,100,2026-10-03T03:00:16Z,563,1000,vertical,False,ガス切断で焼ける後輩🦍
LVzJexq2dgM,SHORT,39,2026-10-01T23:49:14Z,563,1000,vertical,False,RANKING dos MELHORES MOMENTOS dos GOLEIROS! 😳😱
ZkiNVu17qHs,SHORT,10,2026-10-02T12:00:12Z,563,1000,vertical,False,AUSTRALIA IS EVERYWHERE 💀🇦🇺 #countryballs
iKR2oCUUNHI,SHORT,23,2026-10-02T02:35:29Z,563,1000,vertical,False,"Bilib kami sayo, Dennis Trillo. #viral #shorts"
73gpX4FfbxA,SHORT,32,2026-10-03T16:00:34Z,563,1000,vertical,False,O @erioovo tentou escapar do Mundo Torajo
y7CYrXGzNWQ,SHORT,37,2026-09-26T04:00:25Z,563,1000,vertical,False,【大爆笑】腹筋崩壊！男子学生の爆笑の行動TOP5
Eq_M-CIuVX0,SHORT,174,2026-10-03T02:46:51Z,563,1000,vertical,False,Riram Quando Ele Comprou o Caminhão que Ninguém Queria…
QwvncGuB6yw,SHORT,53,2026-10-02T15:54:37Z,563,1000,vertical,False,biedne lisy 😓
aOJ-ZzOm9Dc,SHORT,56,2026-10-03T09:00:36Z,563,1000,vertical,False,タイマー全部ジャストで当てるドッキリしたらまさかの結果にwww #ジャスティスター #shorts #tiktok
gutyztBhZPo,SHORT,31,2026-10-03T05:30:12Z,563,1000,vertical,False,Đôi Nam Nữ Trộm Xe Quá Nhanh  #tromxe #viral #duet #memes #reviewvui
iQ8TQxZKm_0,SHORT,32,2026-10-01T10:30:10Z,563,1000,vertical,False,サッカー日本代表の上田綺世の絶対的ストライカーの態度がヤバい瞬間！ #スポーツ
kHtullx6IlQ,SHORT,25,2026-10-03T07:41:31Z,563,1000,vertical,False,Luka Doncic: Now vs Then 👀#basketball #shorts
9YUFYU1nAuE,SHORT,138,2026-10-03T11:30:39Z,563,1000,vertical,False,LE FUI A DAR UNA SORPRESA Y ESTO PASO 💔🥀 #amor #desamor #story #viral #reflexion
4ICObIKZ-JQ,SHORT,141,2026-10-03T05:00:25Z,563,1000,vertical,False,NỘI TÔI | PHẦN 2
ExQhCosvimE,SHORT,12,2026-10-02T20:45:20Z,563,1000,vertical,False,A assombração tava com medo 🤣🤣👻👻
nwg6MQrLsA8,SHORT,16,2026-10-02T18:45:14Z,563,1000,vertical,False,Quando metti in mezzo la famiglia...😂 #humor
WcP5OzOazkA,SHORT,29,2026-10-02T23:22:32Z,800,1000,vertical,False,OCTUBRE Empezo MAL 😔🐭 #mrrelevante #momentostristes #culturapop
T0x7lklfVQc,SHORT,44,2026-10-02T19:20:32Z,563,1000,vertical,False,Messi y Ronaldo descubren al nuevo fan del fútbol ⚽🔥 #ronaldo #cr7 #futbol#edits
xlJgmBr9yYc,SHORT,19,2026-10-03T07:54:50Z,750,1000,vertical,False,When a Golf Course Starts Bubbling 😳
HPr3jQzhdCk,SHORT,20,2026-10-02T21:04:03Z,563,1000,vertical,False,Ela viu o caminhão e sabia que era o pai! ❤️🥹
ouGxqwKq6dc,SHORT,12,2026-10-02T22:02:23Z,563,1000,vertical,False,Samsung Galaxy S27 Ultra Cobalt Violet📱🔥#noads #tiktok #usa
PMQ6PYZKgMY,SHORT,12,2026-09-30T12:43:41Z,563,1000,vertical,False,Ade beli martabak 😱❤️♥️♥️
RJe8lMP5moM,SHORT,16,2026-10-01T13:00:30Z,563,1000,vertical,False,Se tomó el “VAMOS” demasiado personal 😭#volleyball #voleibol #pov
0OcrdYM67MU,SHORT,30,2026-10-03T04:39:53Z,563,1000,vertical,False,Office Look Gone Wrong! 🤣🤣🤣@zamelectpropertiesll  @zamzam_perfumes  #viral #tran
k-f4UKYGQ8I,SHORT,26,2026-10-02T12:33:09Z,563,1000,vertical,False,Der lässigste Torwart auf dem Oktoberfest 😎
ji1Lhmp3HTc,SHORT,24,2026-10-02T17:43:35Z,563,1000,vertical,False,Kızlar Oralarda Ünlü Olup Bizi Unutmayın 😅#manifest
Jex4wO_oP7Q,SHORT,97,2026-10-01T04:24:30Z,563,1000,vertical,False,"Những tình huống kỳ lạ này, bạn đã gặp được bao nhiêu cái?"
a-tK8ZsmhuY,SHORT,17,2026-10-01T02:50:32Z,563,1000,vertical,False,AI Haaland Rate The Celebration 🙈😅 #yosho​
S-dj-VmTU-Y,SHORT,61,2026-10-01T15:34:29Z,563,1000,vertical,False,La fin 😭🤣 #challenge #games #couple #shorts
Iud1ve7rrpg,SHORT,29,2026-10-03T10:28:44Z,563,1000,vertical,False,Ogni volta che provo a rubare un cucciolo c’è sempre qualche bambino che me lo i
6DXfaDWQovI,SHORT,14,2026-10-03T06:15:22Z,563,1000,vertical,False,Девушка Случайно Разбила Пробирку с ЧУМОЙ и Умерла
vygsi0gbZe0,SHORT,22,2026-10-01T08:15:17Z,563,1000,vertical,False,飼い猫が亡くなってしまいました。
ubE9H5mjOfg,SHORT,71,2026-10-03T14:15:35Z,563,1000,vertical,False,TOP 5 najbardziej STROMYCH ulic świata!
9_J7TAfJTyw,SHORT,60,2026-10-03T09:54:56Z,563,1000,vertical,False,1990-2050 กินสุกี้อดีตกับปัจจุบัน ต่างกันแค่ไหน? #food #fpy #vs
yrkLTOuc7FU,SHORT,43,2026-09-30T16:30:12Z,563,1000,vertical,False,Le Secret des Larmes 😢😱 #Catsoftiktok #CatLovers #cat #cute #FunnyCats #catcarto
xz-PgPmmP0k,SHORT,11,2026-10-02T17:25:08Z,563,1000,vertical,False,don’t tell my mom PLEASE #strictparents #funny #mom #dad
HT4D7o035FY,SHORT,86,2026-10-02T14:44:40Z,563,1000,vertical,False,งบคนละ 100 แต่บะหมี่ในฝันมันแพงกว่าที่คิด 😂 #กล่องข้าวน้อยข้าเมีย #tiktokพากินเท
oXxJSjvZtno,SHORT,180,2026-10-01T11:48:11Z,1000,1000,square,False,Cette école lave le CERVEAU des filles. #movie #film #cinema #extrait #4k #short
sOq90s5Vt6Q,SHORT,27,2026-09-30T11:00:15Z,563,1000,vertical,False,タイソンのパンチにも挑発した相手の末路
6DpGeCEbLBE,SHORT,99,2026-10-03T11:10:44Z,563,1000,vertical,False,Timnas Indonesia Curang?!
JXfQdN0bg_4,SHORT,10,2026-10-03T14:12:11Z,563,1000,vertical,False,Who knows the lyrics?!! @Nishaandfam #trends #funny #shorts
hx_1oHdHTIA,SHORT,25,2026-10-03T01:15:25Z,563,1000,vertical,False,Hafizh Belajar Naik Motor😅
NKJk2jtIvOk,SHORT,12,2026-10-02T13:30:35Z,563,1000,vertical,False,DICIAMOLO TUTTI INSIEME‼️ #charlesleclerc #formula1 #ferrari #memes #f1 #perte #
dbq4I1AckyQ,SHORT,11,2026-10-01T23:00:15Z,563,1000,vertical,False,"Dibujé a Neymar, Lamine Yamal y Messi! 😳🎨"
2vxVpKE28pU,SHORT,74,2026-10-01T12:00:19Z,563,1000,vertical,False,ronaldo dengan aksinya
sFlEFUcwzEE,SHORT,31,2026-10-01T13:25:13Z,563,1000,vertical,False,Thói quen tạo nên siêu năng lực
7l80HxzZ5NM,SHORT,34,2026-10-02T20:54:30Z,563,1000,vertical,False,#mobility #calisthenics #streetworkout
Y2ofl3joybI,SHORT,104,2026-10-02T22:33:24Z,563,1000,vertical,False,He Kicked Baby Turtles 😡
E6lagDKrsVs,SHORT,42,2026-10-02T10:00:36Z,563,1000,vertical,False,"¡Un desafío visual para gatos, una batalla de ingenio! 🐱😂🤣"
2w4ST0jo_xU,SHORT,48,2026-10-02T19:53:03Z,1000,1000,square,False,İsonun aurası🔥 / TAŞACAK BU DENİZ EDIT / TİMSAHLAR X TUESDAY 2.0
7z0lpyTFtwo,SHORT,49,2026-10-03T06:55:37Z,563,1000,vertical,False,Poomukha vathilkkal sneham VidarthunnaPoonthinkalakunnu Bharya
LXTGkaO3c5Q,SHORT,180,2026-10-03T02:00:31Z,563,1000,vertical,False,Masalah sepele bisa ngabisin oli #shorts #shortsfeed
FBJZW7cDxVs,SHORT,27,2026-10-02T17:48:45Z,563,1000,vertical,False,Можно ли сделать СКВИШ из DUMPLING? 🤔
0SiOtGy_qS4,SHORT,17,2026-10-02T17:49:04Z,800,1000,vertical,False,What beards do footballers have? 🧔‍♂️
bkpvtb1liJU,SHORT,92,2026-09-28T08:00:21Z,561,1000,vertical,False,ケンジはまさに天使だ。
ZEAk6mQvVOs,SHORT,48,2026-09-28T02:14:05Z,563,1000,vertical,False,ウルヴァリンの強さは、回復力だけじゃない
_Z70Zsp_uiI,SHORT,12,2026-10-02T22:00:41Z,563,1000,vertical,False,Samsung Galaxy S27 Ultra Cobalt Violet📱🔥#noads #tiktok #usa
7CVpqDDE1v0,SHORT,62,2026-10-03T00:36:49Z,563,1000,vertical,False,School Field Trip Goes TERRIBLY Wrong! 😱
I4gDx-NYBpQ,SHORT,79,2026-10-03T05:18:07Z,563,1000,vertical,False,Người có tiền thường kín tiếng. #chuyendoi #baihoccuocsong
HdgMIKIjDLc,SHORT,31,2026-10-03T14:18:45Z,563,1000,vertical,False,Bu Bahçıvan Küçük Yavru Tavşanları Kurtardı! 🤯
XuMly16f_YM,SHORT,28,2026-10-02T04:25:43Z,750,1000,vertical,False,ngadem sii
47judAvSS0E,SHORT,145,2026-10-03T17:04:28Z,1778,1000,horizontal,False,Protestas por la vivienda en decenas de ciudades con la mira puesta en la huelga
L01S8hp8MG4,SHORT,128,2026-10-02T15:53:49Z,563,1000,vertical,False,Anycubic Kobra X 3D Yazıcı ile Asa filament bastık sizce tasarım nasıl olmuştur 
9cUzYcHF0dg,SHORT,57,2026-09-28T16:00:31Z,563,1000,vertical,False,Pleito legal y herencia vallenata: Los hijos de Patricia Teherán y Juancho Rois 
1JCQYlbwJHE,SHORT,112,2026-10-03T10:57:59Z,563,1000,vertical,False,고급 레스토랑에 군인이 들어가자 직원에 반응이..
xPepgJhtbh4,SHORT,46,2026-09-30T08:41:10Z,563,1000,vertical,False,Wait for the end 😱 #shorts #youtubeshorts
T9tD3EcX2hI,SHORT,123,2026-09-29T15:30:21Z,563,1000,vertical,False,Nous avions un code secret 🤫
7i89x0v5Pqg,SHORT,26,2026-10-03T04:55:05Z,563,1000,vertical,False,앞을 막아세우자 그대로 밀어버린 초보운전 빌런은..왜 저렇게 까지..?
kq4eWlO5u1c,SHORT,25,2026-10-02T11:00:35Z,563,1000,vertical,False,Ten Pies Ma Najbardziej Przydatne Uszy!#shortvideo
VFq3cP2mouM,SHORT,29,2026-09-30T07:26:57Z,563,1000,vertical,False,นึกว่าตัวอะไรเข้าไปในจมูกที่แท้ซ่อนดอกไม้ไว้ในจมูก🤔😅ได้ไงเนี่ย #บังเอิญเจอ #funn
dYQhgwFQ6vE,SHORT,61,2026-10-03T00:46:00Z,563,1000,vertical,False,"Corinthians: Yuri Alberto volta, novo patrocínio e Bidon na mira de Arsenal e Ju"
RKfh9uzzVnk,SHORT,19,2026-10-02T15:15:05Z,563,1000,vertical,False,Pracownik Usunął Wszystkie Rybki!😳
iSVQX33gp4c,SHORT,16,2026-10-03T03:22:33Z,563,1000,vertical,False,Thang máy lên núi không lắp kinh 😁 #laonap
-zZNjl2mqME,SHORT,35,2026-10-02T02:09:53Z,563,1000,vertical,False,Khi con trai mới tậu 1 chiếc xe moto #moto #xemaygiare #motothanhly
ZTYw_6Y6gow,SHORT,18,2026-10-02T13:24:44Z,563,1000,vertical,False,Was für ein toller Ehemann! 😂 #comedy #flachwitz #humor #funny #deutsch
xj3c1FZGd1k,SHORT,74,2026-10-02T06:15:03Z,563,1000,vertical,False,అర్ధరాత్రి లక్షల ఓట్లు ఎలా? ఈసీపై ఆరా మస్తాన్ ఫైర్..! | Aaraa Mastan | EC  | Pra
ZzQuvOUIjO8,SHORT,76,2026-10-02T16:26:33Z,563,1000,vertical,False,"Il pilota del volo Flydubai: ""L'aereo stava precipitando. Mi sono detto è l'ulti"
T5ughT_l-qc,SHORT,60,2026-09-29T06:00:20Z,563,1000,vertical,False,They didn't expect this on the escalator 🤣 #AlexEasy #Pranks
DW02jGoRSSk,SHORT,63,2026-10-02T15:59:27Z,563,1000,vertical,False,NÃO CLIQUE NESSE VÍDEO!!!#shorts
yN3XX0IDUMc,SHORT,29,2026-10-02T19:52:21Z,563,1000,vertical,False,I Saved a Frog
2zYIHIsRX3M,SHORT,75,2026-10-02T12:00:37Z,563,1000,vertical,False,Μπορείς Να Λύσεις Το Απίθανο Puzzle?
0otbpW-n17k,SHORT,21,2026-09-30T13:22:33Z,563,1000,vertical,False,BTS REVEAL! 🎬 Enola is defying gravity... 😱🔥 #shorts
RgAaR1ogAY4,SHORT,17,2026-10-03T10:40:27Z,563,1000,vertical,False,คุณยายกับลูกสาวทะเลาะกันจริงหรือแค่จัดฉาก?
mAH3-OTRHEI,SHORT,62,2026-09-30T16:39:59Z,563,1000,vertical,False,Pourquoi les films nous prennent pour des débiles ?
rH3u5xUkalo,SHORT,23,2026-09-29T14:00:15Z,563,1000,vertical,False,🅱️ ENERGY VOICE CHALLENGE 🗣️ | WHO YOUR FAVOURITE ?👑
RBJstfJZ_iw,SHORT,15,2026-09-26T04:48:22Z,563,1000,vertical,False,🎁 Bulan Lahir Kamu Ada di Sini? Ada iPhone Gratis! #iphone #iphone18promax #shor
-FYx1QKmDU0,SHORT,18,2026-10-03T12:17:06Z,563,1000,vertical,False,Hidden Spider Family Discovery!
K_MuSimD77A,SHORT,35,2026-10-02T14:38:53Z,563,1000,vertical,False,O Manchester City vai ACABAR??? 😱 #mancity #premierleague
IaWkCXrrnW0,SHORT,20,2026-10-02T07:28:10Z,563,1000,vertical,False,🥺🐱 Kucing Tuli Ini Tetap Mengenali Pemiliknya! ❤️ #shortvideo
iltG0fjrb1w,SHORT,44,2026-10-03T07:30:19Z,563,1000,vertical,False,Try this Simple Challenge with your Partner 🧿❤️ #devikaanambiaar #shorts #short 
GvDjSzr9aUM,SHORT,168,2026-10-03T01:30:22Z,563,1000,vertical,False,Anh Thợ Điện Giúp Người Không Ngờ Đổi Đời #short
HtqcerKyeD0,SHORT,67,2026-10-03T13:20:56Z,563,1000,vertical,False,NON CI SERVONO I FENOMENI: QUESTA È L'ITALIA DEL CUORE! 🇮🇹💙
D4iwaTKK9ag,SHORT,19,2026-10-03T01:59:27Z,563,1000,vertical,False,Candice LeRae takes a risk getting involved in the match
5IylN65vGA8,SHORT,35,2026-09-29T02:59:50Z,563,1000,vertical,False,"बिहार में दिनदहाड़े युवक का अपहरण, वीडियो वायरल..."
k5MR1P7SQfU,SHORT,179,2026-10-02T14:08:53Z,563,1000,vertical,False,Quem se lembra desse dia? 🐯😂 #sbt #pss
h4TnAWvd7Sg,SHORT,61,2026-10-01T13:00:23Z,563,1000,vertical,False,Сможем разозлить самого доброго клоуна в мире?
m0p_A5zONPo,SHORT,129,2026-10-02T13:30:51Z,563,1000,vertical,False,ขับรถกี่คันก็ไม่กลัว กลัวอยู่เรื่องเดียว ชิลเกินไปไหมปอนด์เทค
WhwU9rBF4HM,SHORT,20,2026-09-29T01:30:39Z,750,1000,vertical,False,A boca da tartaruga era assustadora 🐢
mMF9rc-bk3A,SHORT,92,2026-10-02T18:50:41Z,563,1000,vertical,False,PANCHO VIDAL COMPARA DICHOS DE QUIROZ CON FRASES PREVIAS AL ESTALLIDO SOCIAL
F3g7nH67K6o,SHORT,49,2026-09-29T14:00:22Z,563,1000,vertical,False,il est plus gênant que la gêne elle meme #humour #smallyoutuber #animisme #memes
tUtyDJixPPg,SHORT,36,2026-10-02T10:28:30Z,563,1000,vertical,False,Eierschwammerl Gulasch 😋
tzmGru2DNwk,SHORT,106,2026-10-02T23:50:08Z,563,1000,vertical,False,la ley es para todos 🤣 #humor #comedia
DfLl99o5h-M,SHORT,61,2026-10-02T15:30:01Z,563,1000,vertical,False,Ma sœur a reçu un cadeau bizarre ! 😱 #catsoftiktok #catlovers #cat #cute #funnyc
Y6NcxTI5Rfo,SHORT,21,2026-09-28T03:00:09Z,563,1000,vertical,False,BUKAN KARENA KOTOR! INI ALASAN BAN MOBIL SELALU HITAM
RReyyfSfn68,SHORT,38,2026-10-03T15:06:23Z,563,1000,vertical,False,Proszę daj mi 🥺
uy58Fl9k4xg,SHORT,12,2026-10-02T23:30:27Z,563,1000,vertical,False,O FILHO DO SANJI - beachbeibi #shorts
AGJszgMy3Fc,SHORT,38,2026-10-02T18:40:40Z,563,1000,vertical,False,Confirmação de que os EUA financiaram ataques ao STF! Fecharam embaixadas e cons
45WkQYhIEM4,SHORT,10,2026-10-01T17:59:04Z,563,1000,vertical,False,Come Guardo mia Madre..😱
IpiL_zIZjg8,SHORT,25,2026-10-03T01:40:20Z,563,1000,vertical,False,車好きでも99%が間違える車ロゴクイズ
YKeR0fD6d18,SHORT,74,2026-10-02T13:00:17Z,563,1000,vertical,False,時代別　終電の違い
dl_9_N5jFwY,SHORT,63,2026-10-01T23:20:05Z,563,1000,vertical,False,El hombre más rico de China dijo que si les pones plátanos y dinero a los monos.
sQdSBDo3neo,SHORT,115,2026-10-02T12:03:43Z,563,1000,vertical,False,어느날 하늘에서 매트리스가 떨어졌다
qQKRId0FkTA,SHORT,14,2026-10-02T21:41:59Z,563,1000,vertical,False,EMPIEZA EL SUMMER KAMP #summerkamprivals
R2z1eaMTJbs,SHORT,48,2026-10-03T16:08:00Z,563,1000,vertical,False,Jogador Quase Morreu em Campo
7NbRrUEkQoQ,SHORT,68,2026-10-02T21:34:32Z,563,1000,vertical,False,POV: eleições do Grêmio Estudantil (David Costa- @davidcstt_)
sWu6h1_fH5c,SHORT,27,2026-10-02T20:30:13Z,750,1000,vertical,False,A bola não escapava ⚽
RPhb1gOypew,SHORT,28,2026-10-02T18:00:03Z,563,1000,vertical,False,POV: Cuando Cristiano Ronaldo Se Va De Portugal 😂🚀 Paul Ferrer #short
JLf-Evxffo8,SHORT,57,2026-10-02T21:00:15Z,563,1000,vertical,False,A rotina de um trabalhador que estuda
PJF3DM-9-qo,SHORT,33,2026-10-01T11:22:08Z,563,1000,vertical,False,ท่อทางเดินอากาศเข้าหม้อกรอง Suzuki fronx เอียงกี่มิล
kV8_3JntQOE,SHORT,81,2026-10-02T16:00:21Z,563,1000,vertical,False,Zrobiłem Domowy Pistolet do Malowania… I Naprawdę Działa!#shorts#viralshorts
7hlgl591Qk4,SHORT,19,2026-10-02T23:42:24Z,563,1000,vertical,False,"""진짜 절대 못해요"" 소름돋은 손흥민"
wROHPxGfce8,SHORT,18,2026-10-02T13:03:45Z,563,1000,vertical,False,Things only some people understand #relatable #shorts #foryou #reels  #trending 
YmgcdQ7E1SA,SHORT,64,2026-10-03T15:44:41Z,563,1000,vertical,False,❗️Order*IN greift mich an❗️
2RM4cuOMV-c,SHORT,74,2026-10-02T09:45:39Z,563,1000,vertical,False,한국 vs 중국 애교살 메이커
5Z0OdRAKqeE,SHORT,63,2026-10-03T08:16:50Z,563,1000,vertical,False,#acting #fyp #pourtoi
sEvhVtwN_PI,SHORT,26,2026-10-03T03:10:27Z,563,1000,vertical,False,Ga boleh pukul dedek #shorts
jIU3xCtR2BU,SHORT,26,2026-10-02T12:48:57Z,563,1000,vertical,False,Een Spaanse minister-president? | Dit Was Het Nieuws
OfV4yI9qqCY,SHORT,20,2026-10-02T13:53:43Z,563,1000,vertical,False,Hoeveel zakgeld krijgen jullie?
9umGB4AIV-U,SHORT,45,2026-10-02T22:45:57Z,563,1000,vertical,False,Corrieron a cristiano y le dieron el número 7 a otro jugador en menos de 24 hora
sEFYvbydA0Y,SHORT,48,2026-10-03T06:00:20Z,563,1000,vertical,False,무나물 볶을때 기름에 바로 볶지마세요
7USJoNOGrxU,SHORT,23,2026-10-03T07:32:53Z,563,1000,vertical,False,[아이브] 힘 조절 실패로 대참사 날 뻔한 아이브 안무 연습 비하인드 #아이브 #ive #안유진 #가을 #레이 #장원영 #리즈 #이서
Irl2Qgg7BFo,SHORT,60,2026-10-02T19:03:00Z,563,1000,vertical,False,DJMARIIO REACCIONANDO A AURON LEONARDO DI CAPRIO 👀 #djmariio
UzCBxX-tHaA,SHORT,44,2026-10-01T22:09:06Z,563,1000,vertical,False,ELE TENTOU FAZER AS JOGADAS DE IA
vMOuMc5qaQQ,SHORT,86,2026-10-02T16:00:14Z,563,1000,vertical,False,LA BATTLE D'AURA
4gV3UtFkSAQ,SHORT,174,2026-10-01T12:38:21Z,563,1000,vertical,False,Sheldon is a blabbermouth.🤣 #sitcom #bbbgshow #funny #movie #comedy
gvctDBVZAtY,SHORT,27,2026-10-02T10:29:57Z,810,1000,vertical,False,Power Of Jesus...✝️+X#jesus#edit #viral#shorts
TaM07Rxy4BA,SHORT,24,2026-10-01T11:56:43Z,563,1000,vertical,False,La passion ❤️‍🔥 #automobile #voiture #car #cars #carlovers #carguys #porsche #su
p1hM3QKGmVc,SHORT,65,2026-10-02T19:55:22Z,563,1000,vertical,False,O NEYMAR vai perder a UNICA champions que ELE TEM
DGwxynzw2js,SHORT,60,2026-10-02T19:18:51Z,563,1000,vertical,False,Día 2 de disfraces y hoy tocó de COCARDO😆🥥 #humor #halloween
soAC0jK81sw,SHORT,98,2026-10-02T18:15:18Z,563,1000,vertical,False,"DAIS ASCO, DESAGRADECIDOS"
gorIVFO_-k4,SHORT,37,2026-10-02T17:30:14Z,563,1000,vertical,False,LA TAREA DE CIENCIA #comedia
1Ajk2H2r-Xc,SHORT,15,2026-10-02T21:10:30Z,563,1000,vertical,False,Colombia y tu? 🇨🇴😱 #baile #humor #paises
l6YoHYZY45A,SHORT,26,2026-10-03T10:00:17Z,563,1000,vertical,False,Der meistbeschäftigte Mann auf jeder Baustelle 😂 #Maler
krz1Q8JDEdI,SHORT,13,2026-10-03T12:52:36Z,563,1000,vertical,False,PITÄISKÖ MUN KERTOO NIILLE?👀❤️
OtEQ_B4EO0g,SHORT,110,2026-10-03T04:46:27Z,563,1000,vertical,False,#ComradeKalyan In Theaters from Oct 9th Mammalni irritate chestaru... Mimmalni i
Dz57X-DORgQ,SHORT,16,2026-09-30T10:30:37Z,563,1000,vertical,False,Ishowspeed And Ronaldo 🔥⚽ #football #edit #ronaldo #aura #fyp #trend #viralvideo
52Q4v3kHuOE,SHORT,12,2026-10-03T11:00:16Z,563,1000,vertical,False,Maskotka ukradła jej pompon 😂
lBhZ4w6OAkw,SHORT,16,2026-10-03T10:00:17Z,563,1000,vertical,False,Chi ha mangiato il mio pitaya? Sei tu?
mttz8GUvbzM,SHORT,163,2026-10-01T00:00:15Z,563,1000,vertical,False,Mandy tried her dad's job fixing cars.#shorts
gFVXVNBnIB4,SHORT,102,2026-10-02T17:55:24Z,563,1000,vertical,False,@Sylvqin m’a demandé une cabine téléphonique pour accéder à son sous-sol secret 
opg-KhlRVIo,SHORT,10,2026-10-02T12:00:04Z,563,1000,vertical,False,앞발 하나로 낚시하는 낚시 고수냥
APYvqtHnFpM,SHORT,21,2026-09-23T14:31:47Z,563,1000,vertical,False,생선 비린내 없이 조리하는 방법에 대한 팁을 공유합니다. #영양식
DFbNU_CjvVc,SHORT,76,2026-10-02T11:29:21Z,563,1000,vertical,False,PR has arrived! Let’s unbox!!🥰💕 #neetubisht #pr #unboxing
SXeWqE5D5ZM,SHORT,20,2026-09-29T15:22:38Z,563,1000,vertical,False,AYAKLARI YOKTU… MAHMUT YİNE DE KAPIYI AÇMADI! 😱💔
GcJjCaQGZYY,SHORT,23,2026-10-01T06:42:16Z,563,1000,vertical,False,Chú Voi Khập Khiễng Suốt Nhiều Ngày… Và Lý Do Khiến Ai Cũng Xót Xa! 🐘💔
_NiICQSWjQI,SHORT,42,2026-10-02T13:31:09Z,563,1000,vertical,False,PSSI BERANI BUKA SUARA! LAGA INDONESIA & MALAYSIA DIMINTA DIPERIKSA FIFA
i5e0sitLeJE,SHORT,67,2026-09-17T11:30:06Z,563,1000,vertical,False,ภรรยาซื้อมอเตอร์ไซค์ให้
HtZ8Mz4_Xlk,SHORT,15,2026-10-02T09:00:05Z,563,1000,vertical,False,Cuốn chiếu khổng lồ
jbDVyQGIBuo,SHORT,45,2026-09-30T12:30:32Z,563,1000,vertical,False,Hoist with one's own petard 😎
mSTsvfT6aQ4,SHORT,34,2026-10-02T14:26:01Z,563,1000,vertical,False,Kobe wanted that 1v1 with LeBron😳👀
iNJrJwkpcH4,SHORT,76,2026-10-02T06:21:11Z,563,1000,vertical,False,IMSS comete error y entrega bebés a familias equivocadas #viral #noticiashoy
PpJqi19zI40,SHORT,79,2026-10-03T06:35:21Z,563,1000,vertical,False,Pichai Edukurathai Kula Thozhilaa Pannuriaye Da 🤦‍♂️| Thirupathisamy Kudumbam | 
zTFzRHIhPAM,SHORT,64,2026-09-29T11:16:40Z,563,1000,vertical,False,Người khổng lồ đói suốt 1 năm chỉ vì miệng quá nhỏ
O8vE1zatm28,SHORT,72,2026-10-01T19:57:12Z,563,1000,vertical,False,Quién da más a ciegas ￼
n74c5eFdahQ,SHORT,140,2026-10-02T16:25:37Z,563,1000,vertical,False,Tips and ideas for properly installing gate wheels—techniques that welders rarel
0JRFilSrk58,SHORT,80,2026-10-02T13:28:33Z,563,1000,vertical,False,"Sto bene ma tenga giù le mani per favore, grazzissimo!"
aH5YF4DDGYU,SHORT,32,2026-09-29T09:00:13Z,563,1000,vertical,False,Japonya'da her şey neden bu kadar ileri seviye? 🇯🇵
2yW15ffdzgs,SHORT,14,2026-10-01T16:00:10Z,563,1000,vertical,False,Он принёс меч на перестрелку и забыл запасной
6vgQc7nmQAk,SHORT,150,2026-10-02T22:19:55Z,563,1000,vertical,False,Which two of these seven sit on the bench? 🤔 #nba #basketball
qq4DxMZXLI0,SHORT,38,2026-10-03T05:14:24Z,563,1000,vertical,False,Ronaldo en Georgina gingen bijna uit elkaar ☠️ #ronaldo #georgina
sbG-iu7ss9o,SHORT,17,2026-10-03T02:00:10Z,563,1000,vertical,False,🔥 UN HOMBRE SUFRIÓ QUEMADURAS GRAVES EN UN ATAQUE CON LÍQUIDO DESCONOCIDO EN NUE
ZbDtKVUyHVg,SHORT,11,2026-10-02T13:23:40Z,563,1000,vertical,False,Mütter und Töchter tanzen🤣
JmdyvZGwSYo,SHORT,16,2026-10-03T07:00:19Z,563,1000,vertical,False,🏆 Gianluigi Donnarumma a déjà son favori pour le Ballon d'Or #ballondor #donnaru
_P4ewWd7PCc,SHORT,105,2026-10-03T09:49:09Z,563,1000,vertical,False,Ecco perché la sinistra mi fa schifo! #virale
duooaZB2gvI,SHORT,141,2026-10-02T18:32:48Z,563,1000,vertical,False,Não se machuque
oOj4_XTC6Yo,SHORT,124,2026-10-01T18:13:50Z,563,1000,vertical,False,Das Baby musste dringend ins Krankenhaus.
7akmwkRbx6I,SHORT,114,2026-10-02T12:00:25Z,563,1000,vertical,False,RONALDO ĐANG “ĐỐT TIỀN” ĐỂ CHỐNG LẠI TUỔI GIÀ NHƯ NÀO
hx_xwORVLTQ,SHORT,38,2026-10-01T10:33:05Z,750,1000,vertical,False,Deshalb sollte man seine Freundin nicht verärgern!
rUajhFZHU4Q,SHORT,70,2026-10-01T03:00:09Z,1000,1000,square,False,Você SABIA o que acontece com as TEIAS do Homem-Aranha depois que ele as usa? #h
MdEQKK-Ssk4,SHORT,60,2026-10-01T21:20:38Z,563,1000,vertical,False,The unspoken realty of wearing a motorcycle helmet. the motorcycle helmet
9JUrIAlw3TY,SHORT,58,2026-10-02T23:00:00Z,563,1000,vertical,False,"Yeah, It’s Actually Okay To Laugh At This 🤔 #interview esting"
UMUeIwwOjBw,SHORT,34,2026-09-20T08:50:35Z,563,1000,vertical,False,Parte 2? #videochiamata #videochiamatachallenge #record #check
ayV4IWmLTGE,SHORT,10,2026-10-03T05:58:55Z,563,1000,vertical,False,turned myself into a pirate… (again)
fnX1bCmq9L4,SHORT,37,2026-10-03T00:37:57Z,563,1000,vertical,False,"Samsung’s new $1,400 Tab S12 Ultra"
hDFImebeadY,SHORT,35,2026-09-28T05:52:13Z,563,1000,vertical,False,ใส่รองเท้า #พี่นัทจ๋า #โบ๊ะบ๊ะshorts #funny #comedy
y6A592O6yNc,SHORT,92,2026-09-29T21:05:39Z,563,1000,vertical,False,Trying a bunch of Canadian Snacks from my Friend Jim @T@TheSpikeFeeders
HnrLe2CwdEc,SHORT,17,2026-10-03T09:00:12Z,563,1000,vertical,False,My last matchday with FIFA Rankings 😅⚽️🎮 #gripmode #goalkeeper #football
81w_pWpR5Ik,SHORT,35,2026-10-02T14:40:17Z,563,1000,vertical,False,Mentalitas wak haji Ragnar & Shayne dilaga indonesia melawan bangladesh
QG9jcgjPAho,SHORT,114,2026-10-02T12:00:08Z,563,1000,vertical,False,Ils nous ont trouvés 😳
FZDxNeWD3SM,SHORT,115,2026-10-03T10:54:35Z,1778,1000,horizontal,False,Bigg Boss Season 10 Telugu | Day 27 Promo 1 | Mon - Fri at 9:30 PM Sat & Sun at 
5BzIOzPl4z0,SHORT,87,2026-10-03T04:13:58Z,563,1000,vertical,False,Octubre es lo mejor del año? #mexico #halloween #octubre #humor
0-uvLEqKWKA,SHORT,17,2026-10-02T12:15:24Z,563,1000,vertical,False,ลิ้นลุงทำด้วยอะไร?! เยลลี่เปรี้ยวคายทิ้ง แต่มะนาวสดเคี้ยวทั้งลูกหน้าตาเฉย! 🍋😱 #s
xw7zXfqn6EA,SHORT,12,2026-09-27T17:00:33Z,563,1000,vertical,False,Transformei meu ventilador em um HELICÓPTERO! 😮
j31kAQ6EQUY,SHORT,59,2026-10-03T01:00:15Z,563,1000,vertical,False,ज्ञानेश कुमार के खिलाफ पूरा देश
BvTnTXBk3Ng,SHORT,58,2026-09-21T00:00:21Z,563,1000,vertical,False,Other Escaping Police vs LAST ONE 😱🚔 | Who Gets Away?!#ytshorts  #cars  #shorts 
uGmqSBlt_3c,SHORT,30,2026-09-30T11:35:22Z,563,1000,vertical,False,16万円のマイケル・ジャクソンの絵、ラストが衝撃すぎた
olA2UFBHmxI,SHORT,19,2026-10-02T09:15:59Z,563,1000,vertical,False,娘がいる親父のリアル #大家族 #日常 #娘 #ノッコンと嫁コン #fyp
8PUdVOo8jsg,SHORT,18,2026-09-29T04:30:39Z,563,1000,vertical,False,garis warna warni⁉️
tV1BZV6Rqb4,SHORT,47,2026-10-02T17:43:39Z,563,1000,vertical,False,Combien coûtera mon calendrier de l’avent cette année ? ✨🫶#calendrierdelavent #j
mw_zi5o84WM,SHORT,22,2026-10-03T13:23:34Z,563,1000,vertical,False,Đừng lo đã có bập cho xe lên 😱 #shortsyoutube
C-OF9Gs9PEQ,SHORT,39,2026-10-03T05:00:04Z,750,1000,vertical,False,Ayahnya Kecewa Melihat Hasil Rapor Anaknya
kG_sFWnCP2Q,SHORT,62,2026-10-03T01:56:11Z,563,1000,vertical,False,Evaru mummy eedu🤣😂 #shishiravlogs #comedy #viral #shishira #reels #funny #explor
a5lzh3UFkf8,SHORT,19,2026-10-03T09:20:07Z,563,1000,vertical,False,"""지구에 오류 난 줄""… 하늘에 나타난 초대형 검은 형체 / KNN"
NWlbivZPCwQ,SHORT,92,2026-10-02T13:29:42Z,563,1000,vertical,False,"Bezczelność Niemców nie zna granic, nie chcą pokazać jakie Audi mogą kupić Chińc"
g0F8KPPAWVI,SHORT,29,2026-10-02T15:35:50Z,563,1000,vertical,False,Motovcukla turlamak istemiştim 😅
xNgeLpWt9Xg,SHORT,67,2026-10-02T19:53:23Z,563,1000,vertical,False,6 jaar cel tegen Omar E. | #misdaad
q2j8SbZiVB4,SHORT,107,2026-10-02T17:47:52Z,563,1000,vertical,False,🌟 ESPAÑA 2010 🆚 ESPAÑA 2026 🌟🌟🇪🇸 Juanfe hace el test más complicado de la Selecc
5X4Yids6zPE,SHORT,11,2026-10-02T16:00:04Z,563,1000,vertical,False,Handy Pet Tips Every Animal Lover Should Know! 🐾🐶✨
RYKq8Bwy7po,SHORT,11,2026-10-01T11:14:19Z,563,1000,vertical,False,pegang kaki sapi 😂😂😂
1YJr5bLU7Cg,SHORT,16,2026-10-03T09:06:29Z,750,1000,vertical,False,¡Rumi Comió Esto Y Casi Termina Mal! 😱🤢 #kpop #kpopdemonhunters #shorts #parody
kXkLh66rtJ8,SHORT,24,2026-10-03T09:00:26Z,563,1000,vertical,False,Road Zipper #สาระไม่แน
UroTZHrPSQ4,SHORT,48,2026-10-03T08:00:26Z,563,1000,vertical,False,이서진 삼촌한테 젓가락 연수 받은 원이
mYJB4a5huf4,SHORT,70,2026-10-03T11:08:06Z,563,1000,vertical,False,Pourquoi Zidane ne devait pas participer à la CDM 2006 ?🇫🇷🏆#zidane #worldcup #fr
wcqQBmhrsEg,SHORT,50,2026-10-03T14:24:22Z,563,1000,vertical,False,Michiel Kramer weigert de Koekoek bij Vandaag Inside: 'Ben je niet goed bij je h
E9WwyCva2pk,SHORT,180,2026-10-01T21:00:03Z,563,1000,vertical,False,RESULTADO FINAL DO QUARTO DOS SONHOOOOS 😍 Gostaram? Encontro vocês na próxima te
myoa1lobkHA,SHORT,21,2026-10-02T10:53:26Z,563,1000,vertical,False,Ranking Best Big Cat Moments
JQ8PW-2J56I,SHORT,125,2026-10-03T13:00:07Z,563,1000,vertical,False,แพล่ม ep.3 แมนซิตี้นายแน่มาก ฟุตบอลคือการเมืองของจริง 🤣🤬#วิเคราะห์บอลวันนี้ #ฟุต
WTeRRx3Pjjw,SHORT,104,2026-09-29T20:00:10Z,563,1000,vertical,False,Cómo tirar como Roberto Carlos explicado paso a paso
ewtN1ei8NMA,SHORT,61,2026-10-02T11:58:59Z,1000,1000,square,False,Er zog ohne Waffe in den Krieg (Film: Hacksaw Ridge)
cRXTwKC7szM,SHORT,17,2026-10-02T17:00:21Z,563,1000,vertical,False,เอาข้าว-น้ำไหมครับ! ทหารมีไว้ทำไม?
PCk4-2El2Os,SHORT,40,2026-10-02T02:36:27Z,750,1000,vertical,False,Bro Just Cooked Kelce 😭🏈 #nfl
874jO5tvVmM,SHORT,22,2026-09-27T08:11:00Z,563,1000,vertical,False,คลิปตลกฮาคลายเครียด #wedding #funny #comedy #humor #police #prank #fun #memes #m
usO_4EcNEpM,SHORT,54,2026-10-02T20:00:12Z,563,1000,vertical,False,"Segundo o Banco Central, o Brasil nunca esteve tão inadimplente"
gV-YV3kpcAA,SHORT,18,2026-10-03T05:00:08Z,563,1000,vertical,False,Sarwendah Mode Ibu Peri #beritaterkini #rubenonsu #sarwendah #pablobenua
NfeF77v63sU,SHORT,45,2026-10-02T12:05:16Z,563,1000,vertical,False,Đình Bắc có phải cầu thủ quan trọng nhất của ĐT Việt Nam hiện tại ? #dinhbac #dt
39X08AW_HoU,SHORT,29,2026-10-03T09:00:25Z,563,1000,vertical,False,修学旅行当日、生徒が遅刻してしまった時先生は… #shorts #学校 #先生
IA_FJwukL1U,SHORT,31,2026-10-03T04:00:39Z,563,1000,vertical,False,Tym kolosem nie skręcisz?! 🚜😱 (Radziecki T-150K)
fBSVfyXz97c,SHORT,25,2026-10-02T10:40:50Z,563,1000,vertical,False,Keseimbangan yang Luar Biasa! 👏 #shortvideo
khJ5lHW4fm0,SHORT,52,2026-10-03T06:00:04Z,563,1000,vertical,False,🦞 Kreeft vangen #shorts
lx9JkjQtAQM,SHORT,17,2026-10-03T01:39:31Z,563,1000,vertical,False,Fux dá prazo para governo federal explicar MP que proíbe bets em todo o Brasil. 
DEr-clJlbw8,SHORT,61,2026-10-02T18:16:29Z,563,1000,vertical,False,"Los dinosaurios se extinguieron hace 100 años, Verdadero o Falso en la calle #vi"
IZCHy78coO0,SHORT,62,2026-10-03T00:23:35Z,563,1000,vertical,False,VOZINHA pasó del MEJOR arquero del Mundial a recibir GOLES bizarros en el Colo-C
kHszXTsc6qM,SHORT,180,2026-09-30T12:00:36Z,563,1000,vertical,False,Quando é pra ser nao tem jeito 😅🙏#detectordemetais
Xp6Zkp3r9q0,SHORT,54,2026-10-03T15:02:40Z,563,1000,vertical,False,SE ESSE DUMPLING FOR… 😂 #shorts - Ana Adati
B5dMTj8XzZI,SHORT,36,2026-10-03T03:44:49Z,563,1000,vertical,False,MOTOR VARIO INI DIPAKAI DAILY‼️ #shorts
cSznf-ofSME,SHORT,103,2026-10-02T15:12:41Z,563,1000,vertical,False,ON COMPOSE notre MEILLEUR FIVE avec le + DE BUTS ⚽️🔢 - Spécial 🇫🇷 ! #footballsho
Ks_pukEKPyA,SHORT,96,2026-09-30T20:09:07Z,563,1000,vertical,False,Secretario de Hacienda pone en su lugar a panista con clase
JpPNPHlm9V8,SHORT,105,2026-10-01T10:03:44Z,563,1000,vertical,False,Dạy Bạn Làm Sữa Chiên Giòn Thơm Béo #shorts
3pzzlbkwHQw,SHORT,17,2026-10-02T22:30:02Z,800,1000,vertical,False,When Animals Try To Be Neymar 🤯🔥
yyF2pyg4utw,SHORT,60,2026-09-30T10:30:15Z,563,1000,vertical,False,"순 전날 형님 앞치마를 내던진 작은동서, 잔칫날 전 부치는 사람이 바뀌었다  #시니어드라마 #5060공감 #6070공감 #감동드라마"
0yo-INxcB30,SHORT,78,2026-09-28T14:22:22Z,563,1000,vertical,False,✅ I Turned My Empty Balcony Into a Dream Room for My Cats 🐱
3k8wMNveBhs,SHORT,157,2026-10-03T13:20:25Z,563,1000,vertical,False,1 KILO E MEZZO
2mCeB4TvCns,SHORT,30,2026-10-02T10:13:46Z,563,1000,vertical,False,Si Ceking Dibikin Emosi Sama Paket Misterius!#shorts#viral#prank
HOdbosT9a9M,SHORT,55,2026-10-02T14:49:57Z,563,1000,vertical,False,Somun Ve Bağcıktan Bileklik Yapmak ?! 🧶  #shorts
wpaZOta8Poc,SHORT,25,2026-10-03T10:29:41Z,563,1000,vertical,False,Motorun Deposunu Neden Balyozla Eziyorlar?! 🔨😱
Xrv8oHjsbNI,SHORT,30,2026-10-03T13:30:39Z,563,1000,vertical,False,Diese Laufband-Herausforderung ist schwieriger als es aussieht #shorts
Ut_k-3eH9Dw,SHORT,24,2026-09-28T19:14:07Z,563,1000,vertical,False,Na trybunach nie mamy sobie równych 🇵🇱#polska #polscykibice #tomypolacy @t@tomyp
qwmWgfCDzwM,SHORT,16,2026-10-01T16:54:58Z,563,1000,vertical,False,BOULOS FEITO DE TROUXA 😂
TWXb4hUHNnE,SHORT,11,2026-10-01T05:26:06Z,563,1000,vertical,False,Mbappé vs IShowSpeed 😱🔥 Who Will Win?!
jGHzvVLB5qo,SHORT,29,2026-10-03T08:23:35Z,563,1000,vertical,False,Gözlük takmanın önemi!
OgtByOXEw2I,SHORT,20,2026-10-03T14:17:16Z,563,1000,vertical,False,NADIE me hace caso!😭 Me VOY! 😋
WTvdPqjgtMk,SHORT,15,2026-09-29T12:52:27Z,563,1000,vertical,False,Jeep teaches Audi a lesson 😮 #carvideo #jeep #roadrage
zcCG4fawnoY,SHORT,108,2026-09-27T18:03:43Z,563,1000,vertical,False,What puzzle should he solve next? #petoctopus #octopus #thereefdoc #aquarium
RTSkafp7ZSw,SHORT,163,2026-10-03T00:20:03Z,563,1000,vertical,False,Báo hoa mai chạy trốn giữa vòng vây tử thần
x48tF7J37Lw,SHORT,15,2026-10-01T02:59:32Z,1124,1000,horizontal,False,Ketawanya kelewatan🤣🤣 #facts #animals #pets #funny #kolamrenang #swimmingpool
Udlf9msFkGk,SHORT,12,2026-10-03T16:45:19Z,563,1000,vertical,False,La culpa la tiene el Mapache 🦝
yStVXDAyEaQ,SHORT,64,2026-10-02T01:17:55Z,563,1000,vertical,False,Jorge Jesus e cristiano Ronaldo resumo da treta.l #futebol #soccer #cristianoron
9g0HHQjnTDg,SHORT,50,2026-10-03T09:14:02Z,563,1000,vertical,False,Ration এ Durga Puja র বড় উপহার ঘোষণা CM Suvendu Adhikari র | #shorts
9Wld0VLdVAQ,SHORT,17,2026-10-03T05:40:56Z,563,1000,vertical,False,⛳💦 Pourquoi le sol du golf se met-il à gonfler ? 😱🌱
ubLa5uhiazs,SHORT,57,2026-09-30T05:26:53Z,563,1000,vertical,False,Rumo aos 50K segue Tropa. #motoboy #ubermoto #99moto #humor
WZ4JWH46INg,SHORT,27,2026-10-02T11:55:59Z,563,1000,vertical,False,"Đang Làm Đẹp Thì Gặp Gián, Tiểu Cẩu Quyết Tâm Bắt Cho Bằng Được!"
UR35O5dJvFQ,SHORT,173,2026-10-03T08:23:19Z,563,1000,vertical,False,Quand tu as des problèmes de couple
eO2B6T7KllY,SHORT,12,2026-09-26T19:00:07Z,563,1000,vertical,False,my sister is way too fast 🧠😏
D66M_egTFPY,SHORT,25,2026-10-01T06:55:46Z,563,1000,vertical,False,Ternyata Nasi Jepang dan Indonesia Beda Banget!
KLgrJ-HQalE,SHORT,15,2026-10-03T01:00:02Z,563,1000,vertical,False,30 กันยายน 2569
NO6M0y8ebtg,SHORT,13,2026-10-03T07:49:05Z,563,1000,vertical,False,Fenerliler Osimhen'den Korkuyor :D
BDeIoXWL7N0,SHORT,20,2026-10-02T06:44:20Z,563,1000,vertical,False,Geheime Strategie zum Salzen 😳
CbeUtOR9V2o,SHORT,40,2026-09-29T14:34:03Z,750,1000,vertical,False,Real madrid respect moment❤️‍🩹🥲
qwMbK5LVSWM,SHORT,66,2026-09-29T12:00:17Z,563,1000,vertical,False,How FAR Can Zuko JUMP? 🦅
Cft7QE6okE4,SHORT,65,2026-10-02T19:00:19Z,563,1000,vertical,False,"Brat Tomasza Fornala też jest siatkarzem. Sportowiec ujawnia, jak dziś wygląda i"
Ec6m0Aa5aug,SHORT,74,2026-10-03T10:31:43Z,563,1000,vertical,False,Qui a la meilleure chambre ? #jeu #couple #challenge #defi
8MFn6utdiWg,SHORT,33,2026-10-03T00:37:05Z,563,1000,vertical,False,BASTONI ha rovinato il GOL di OLISE in FRANCIA ITALIA😳🇮🇹
-RadAsoI1y0,SHORT,20,2026-10-02T17:27:31Z,563,1000,vertical,False,Jakiej narodowości była maria Skłodowska curie ? Bo byłem na filmie Beetlejuice 
oSSKdFzd70U,SHORT,29,2026-10-03T08:29:45Z,563,1000,vertical,False,Voici comment tu parles à ta maman/femme en fonction de ta game 😱
fJw0FyIcG2k,SHORT,12,2026-10-02T18:15:33Z,563,1000,vertical,False,Sokak kedilerinin her şeyle mutlu olabilmesi 🥹 #komikyorumlar
99MvNVWYb2U,SHORT,169,2026-10-03T11:17:16Z,1778,1000,horizontal,False,Kopftuchverbot in Österreich: Was ist mit der Religionsfreiheit?
NjNRQq4BSH0,SHORT,54,2026-10-03T01:00:00Z,563,1000,vertical,False,アメリカの警察がとても忙しい理由
aguYb3wb5x4,SHORT,64,2026-09-14T19:59:14Z,563,1000,vertical,False,iPhone 18 pro max price changed 😱 #usa
EobQNx_0Cu8,SHORT,69,2026-10-02T10:57:46Z,563,1000,vertical,False,Wirst du von deinem Trainer ernst genommen? #kreisliga #fußball #humor #parodie 
_QUa_bvKz5A,SHORT,105,2026-10-02T06:05:27Z,563,1000,vertical,False,Uomo Contro Natura 🦅
FshZgUXV1eY,SHORT,59,2026-10-03T09:00:19Z,563,1000,vertical,False,幸せそうなのに衝撃理由で離婚した芸能人夫婦 TOP3 #田中律子  #森進一
vsKBHI0HT0Q,SHORT,12,2026-10-02T15:03:03Z,563,1000,vertical,False,"""Eu vou chegar, meus filhos...""🥹🔥🥀"
a0xwcZVXqps,SHORT,15,2026-10-03T02:00:33Z,563,1000,vertical,False,Dán Tiền Lên Xe Ô Tô 😅
6024pcKvQXE,SHORT,28,2026-10-01T06:24:35Z,563,1000,vertical,False,意外な攻略法
Jf0-ZWUCstM,SHORT,41,2026-10-03T08:50:01Z,563,1000,vertical,False,【時間別】最古参の事務のおばちゃんの1日
yQQAKhOp_nk,SHORT,18,2026-10-02T16:05:28Z,563,1000,vertical,False,Quanto Finirà Italia🇮🇹VsFrancia🇫🇷?⚽️#football #italyfrance #shorts
txwwfVJOvV0,SHORT,33,2026-10-01T15:00:17Z,563,1000,vertical,False,No le des a bro el hueso de dinosaurio🦖🦴
jcUeotfr1N0,SHORT,172,2026-10-02T16:05:44Z,563,1000,vertical,False,Devine le personnage par sa puissance dans jujutsu Kaisen ! #anime #manga #jujut
spdJ8XJDRvM,SHORT,46,2026-10-02T11:52:22Z,563,1000,vertical,False,Tốc độ phản xạ của MÈO nhanh đến mức nào? #shorts
XWyvbs-RKAU,SHORT,29,2026-10-01T15:50:30Z,750,1000,vertical,False,Bu Balığı Çıkarmak ÇOK ZORDU! 😬
sLlwjvoV5_8,SHORT,22,2026-10-02T15:00:13Z,563,1000,vertical,False,Destruí el pastel de mi novia 🍰
F3tT0KZ_-bc,SHORT,79,2026-10-03T17:56:07Z,563,1000,vertical,False,Çıtır kadın sürücü 😂 #shorts #komik #mizah #kadınşoför #komedi reklam
aO4Lp6TNSow,SHORT,14,2026-10-03T02:02:38Z,563,1000,vertical,False,NO PUEDE SER ‼️😱 #humor #comedia
lgs8M7Fzjho,SHORT,33,2026-10-02T14:00:15Z,563,1000,vertical,False,VALIO MATKII MEITÄ??
dDbA-q7eiOM,SHORT,92,2026-10-03T05:50:58Z,563,1000,vertical,False,Motor hat keine Leistung verbraucht zu viel Sprit wegen Verdreckter Drosselklapp
Jm6FyBnTNis,SHORT,22,2026-10-01T22:00:02Z,563,1000,vertical,False,야구 역대급 견제 TOP5
s9DIt_20U3s,SHORT,21,2026-09-29T16:14:30Z,563,1000,vertical,False,Scania SUV 142X Concept! 😱 Heavy-duty tactical green beast rolling out of the ga
GlVxuiGsalg,SHORT,102,2026-10-02T13:45:18Z,563,1000,vertical,False,"Marzena Kipiel-Sztuka: był jej wielką miłością, odszedł na jej oczach"
7RZW2YBufyc,SHORT,57,2026-10-03T15:00:07Z,563,1000,vertical,False,I added players who DO NOT look their AGE!
n_8kl9do65A,SHORT,72,2026-10-02T14:48:48Z,563,1000,vertical,False,Tesla „Emergency Drive Away” Funktion!
Wd4U2HXRGzI,SHORT,121,2026-10-02T20:30:17Z,563,1000,vertical,False,🔴BOMBA🔴¿GOLPE DESDE MONCLOA? EL PLAN SECRETO DE SÁNCHEZ HA LLEGADO A LA CÚPULA M
LU_wbdXyvnA,SHORT,27,2026-09-29T20:31:17Z,563,1000,vertical,False,Turning Teachers Into The Ages They’ve Been Teaching!! (12) #usa
pfoSNwC5LxY,SHORT,71,2026-10-03T13:42:13Z,563,1000,vertical,False,ADIVINHANDO O JOGADOR DA SELEÇÃO
Kj4mvOsEZ9U,SHORT,13,2026-10-02T17:45:25Z,563,1000,vertical,False,Good Touchdown Celly? #football #funny #couple
BjAKP2-uK6M,SHORT,16,2026-09-28T00:45:20Z,563,1000,vertical,False,ela estava certa o tempo todo
87CsD5dqaw4,SHORT,19,2026-10-03T19:18:49Z,563,1000,vertical,False,My entire comment section… #anime #thecouncil #jujutsukaisen
eBURyvwcth8,SHORT,62,2026-09-29T13:59:48Z,750,1000,vertical,False,16yo Yamal ✨🤯
sBFpDEkKzcE,SHORT,52,2026-10-03T11:00:29Z,563,1000,vertical,False,ชุดแอร์โฮสเตสจากแต่ละประเทศเป็นยังไง
CikRxATNtvQ,SHORT,35,2026-10-02T14:00:38Z,563,1000,vertical,False,Diese Beschichtung macht alles unzerstörbar!
4_czOg-y87c,SHORT,121,2026-10-01T22:01:10Z,563,1000,vertical,False,Mi XI para enfrentar a USA 🇲🇽🇺🇸 #mexico #usa #fechafifa
CjIqMivvrS4,SHORT,24,2026-10-02T13:00:02Z,563,1000,vertical,False,NAJPYSZNIEJSZA ZUPKA EVER
jZ4B5boMApI,SHORT,50,2026-10-02T00:00:07Z,563,1000,vertical,False,백티 OK없이 76타 솔직히 인정?
rFzwXXS9ZrA,SHORT,28,2026-10-02T08:35:37Z,563,1000,vertical,False,왁뿌볼 하다가 애 울리는(?) 삼촌들 ㅋㅋ  #리센느 #메이
gLPNTDdgcLs,SHORT,118,2026-10-03T01:00:31Z,563,1000,vertical,False,Eles nos encontraram 😳
Agey7V1Y-L4,SHORT,154,2026-09-30T01:55:11Z,1778,1000,horizontal,False,Viajan a Morelos para organizar unos XV años y terminan asaltados a mano armada 
m0gghp41WlM,SHORT,19,2026-10-03T09:33:59Z,563,1000,vertical,False,thử thách mì tôm #challenge
VTXLzIEbF9Y,SHORT,30,2026-10-02T09:00:14Z,563,1000,vertical,False,【パラ高コラボ】変なハンバーガーを食べてみた #anime #パラ高
1rHqsL3BOJI,SHORT,66,2026-09-30T17:57:47Z,563,1000,vertical,False,Une mémoire de poisson rouge 🤣 #humour #parodie #rire #drole
xpCoRN1Iyew,SHORT,14,2026-10-01T18:45:11Z,800,1000,vertical,False,He Forgot About Marquinhos 🤣🤣
btQj7Yg_kpw,SHORT,67,2026-10-03T04:15:51Z,563,1000,vertical,False,รอบนี้หนูเร็วกว่าแม่แน่….🥹🤣 #ตลก
4weJuwLzSs0,SHORT,58,2026-10-02T13:51:56Z,563,1000,vertical,False,Non è un power bank qualsiasi  È Anker  #anker #powerbank #magsafe #pov #perte
LEjeaRe3NjI,SHORT,27,2026-09-28T18:58:39Z,563,1000,vertical,False,He thought he was the Main character! (@slickktowing)
gWYpnxLTN2I,SHORT,16,2026-10-03T04:00:22Z,563,1000,vertical,False,🍀 Pisou em um ouriço-do-mar? Você teve sorte!#Animais #Curiosidades
LFHyKv5et5Q,SHORT,46,2026-10-02T21:15:36Z,750,1000,vertical,False,Ele tentou dar lição de educação ao pai errado 🎬 Supermães
AvpANfV9oKw,SHORT,28,2026-09-29T14:43:31Z,563,1000,vertical,False,Toad's Honey Bee Hunting Skills
L2_nsfxZiMw,SHORT,23,2026-10-03T09:00:18Z,563,1000,vertical,False,Mi perro intentó nadar por primera vez.
97YYfZ4jTqU,SHORT,60,2026-10-03T04:00:28Z,563,1000,vertical,False,俺はくしゃみをすると中身が入れ替わる
EpLeS9AQXLU,SHORT,69,2026-10-02T14:17:48Z,563,1000,vertical,False,Iran Us War |മൂന്നാമത്തെ അമേരിക്കൻ പടക്കപ്പലും തിരിച്ചു; ഇനി ഇറാൻ ലോകത്തില്ല | T
NoJevaWYQhI,SHORT,144,2026-10-03T05:21:17Z,563,1000,vertical,False,Un nemico dal cuore gentile
IX3b5rDeN98,SHORT,10,2026-10-02T14:54:51Z,563,1000,vertical,False,Rester sagement au collège ‼️ #humour #blocus #fyp
f4lLLqilx_g,SHORT,68,2026-10-02T03:31:19Z,563,1000,vertical,False,야생의 소 뿔은 왜 잘라줄 필요가 없을까?  #동물   #지식 #소
f9UpcdFCG-I,SHORT,19,2026-10-02T14:32:08Z,563,1000,vertical,False,警備員さんが退屈しない理由は猫でしたｗ
vMdzY3Jpwg8,SHORT,15,2026-10-02T11:45:01Z,563,1000,vertical,False,Chú Chó Con Nhận Nhầm Mèo Là Mẹ – Cái Kết 🐶🐱#shorts
0zeDMaOIUs4,SHORT,19,2026-10-02T14:00:00Z,563,1000,vertical,False,Was ist denn wichtiger als sie?! 😂
DHb4vpbELok,SHORT,29,2026-10-03T11:00:37Z,563,1000,vertical,False,Lothar Matthäus über Jürgen Klinsmann
KqmxexUSsSM,SHORT,80,2026-10-03T09:24:03Z,563,1000,vertical,False,"Joa, wes ich jetzt nicht🙂 #locken #haar #haare #curls #curlyhair"
zRNzxVtfES0,SHORT,159,2026-10-03T12:45:04Z,563,1000,vertical,False,Kiedy bezpieczeństwo... przerywa pracę #work #career #careeradvice #satire #rela
D8Pk3JccMjw,SHORT,137,2026-09-29T12:44:26Z,563,1000,vertical,False,🔥Luna Zarattini confronta bolsonarista Lucas Pavanatto: “Vai questionar o result
OaSikVWw0jU,SHORT,20,2026-10-03T03:31:33Z,563,1000,vertical,False,EL PRIMER GOL de FLORES en la BOMBONERA ⚽️🌹 #Boca #BocaJuniors #xeneize
PQ_lYaKj5-k,SHORT,33,2026-10-03T00:00:06Z,563,1000,vertical,False,Mami sakit demam squishy sampai ga bisa makan⁉️
QoJ5wBm6YmE,SHORT,27,2026-10-02T15:07:08Z,563,1000,vertical,False,Help your DECOMPRESS and relax ☺️
PFdHi1NfFgQ,SHORT,33,2026-10-03T06:02:03Z,563,1000,vertical,False,Alleen Kinderen Horen Dit
cA8bz_9dbo8,SHORT,40,2026-10-03T13:03:18Z,563,1000,vertical,False,Mama und Nisa überraschen mich🥹
qK0f81i5rW0,SHORT,14,2026-10-02T12:00:35Z,563,1000,vertical,False,beceremiom🥲#keşfet#shorts#instagram#pinterest#missyou#miss#flower#eyes#rose#yks#
727Pno8jqSw,SHORT,95,2026-09-28T07:00:23Z,563,1000,vertical,False,트럭 서스펜션 작업이 왜 이렇게 위험할까? 잘못 건드리면 포탄처럼 튀는 진짜 이유
vsonYh0L2vQ,SHORT,19,2026-10-02T19:13:52Z,563,1000,vertical,False,Okuldaki elemanın herkese kurduğu üstünlük
VDQQ10IZy8k,SHORT,40,2026-10-03T14:30:24Z,563,1000,vertical,False,Clava el Tiempo o Eliminado *El final 😂🥸* #shorts #humor
ureV0a68P7k,SHORT,28,2026-10-03T00:41:17Z,563,1000,vertical,False,Cristiano Ronaldo Was Just Replaced 😭
48RFf8c1wK0,SHORT,10,2026-10-03T12:36:39Z,563,1000,vertical,False,"Những Chiếc Ghế Ô Tô Đáng Sợ Nhất Thế Giới, Bạn Có Dám Ngồi Lên Chúng #haongchu"
r1sexsNxtUA,SHORT,51,2026-09-22T08:32:29Z,563,1000,vertical,False,BUSY DAKSH (VLOG 4) 👶🏻⛔😵‍💫 #shorts #youtubeshorts #ball #family #vlog #funny
0mRN9ecESzQ,SHORT,145,2026-10-02T02:14:50Z,563,1000,vertical,False,#ลงคลิปเพื่อความบันเทิงเท่านั้น
0ATA7MhU58g,SHORT,67,2026-10-02T03:21:19Z,563,1000,vertical,False,20개월 아기는 자고일어나면 엄마를 알아볼까? #일란성쌍둥이 #20개월아기
z8s3nCXjKdQ,SHORT,179,2026-10-02T16:13:26Z,563,1000,vertical,False,PORSCHE Autohaus-Aufbereitung NEIN Danke ! Kunde will 911 Targa GTS #Detailing v
OtBeL6CtEHg,SHORT,32,2026-10-02T22:12:10Z,563,1000,vertical,False,Así es el Football Box: fútbol y kickboxing al límite ⚽️🥊
T8ZG0SBGEMA,SHORT,30,2026-10-02T18:12:11Z,563,1000,vertical,False,Guardia Costera intercepta barco petrolero rumbo a Cuba
M70A7dDdchg,SHORT,23,2026-10-02T16:35:58Z,563,1000,vertical,False,"Nie wiem czy można nazwać to przepisem, ale dzieci je kochają! 😁💗"
x4Mg-Gokaj8,SHORT,25,2026-10-03T07:39:36Z,563,1000,vertical,False,Kulaklık şakası👂😂
G394_hkl5jA,SHORT,52,2026-09-30T17:30:18Z,563,1000,vertical,False,Best voice actor in movies #voiceacting
a_8w7IgZiFw,SHORT,16,2026-10-03T09:00:32Z,563,1000,vertical,False,Er klebte 100 Dollar an sein Auto – dann geschah das Unfassbare! #shorts
XkKOeCubXNA,SHORT,142,2026-10-01T16:30:30Z,563,1000,vertical,False,Quando a sbagliare è il commercialista - iBarbari #shorts
KGgyKmqhihU,SHORT,20,2026-10-02T19:15:38Z,563,1000,vertical,False,Magic Rocks - World Heritage Posts
zxgrtygjYYA,SHORT,31,2026-09-20T08:26:50Z,563,1000,vertical,False,ナマケモノに触ると危険な理由
sl1NkliJCFU,SHORT,17,2026-10-03T11:22:11Z,563,1000,vertical,False,【衝撃】雪の中へ消えたワンちゃん🐶
3d6HPLENFt4,SHORT,26,2026-10-03T20:10:01Z,563,1000,vertical,False,iPhone 18 Pro = Folgen 😱
7LVxUJsykto,SHORT,38,2026-10-02T15:30:15Z,563,1000,vertical,False,Il n'a AUCUN FILTRE 😲 | Bunny Girl Senpai | #anime #animeedit #shorts
Pcfx3iAV9tw,SHORT,22,2026-10-03T00:48:27Z,563,1000,vertical,False,Mi Hijo Goku ME INYECTÓ ALGO en EL OJO !! 😱
8i0jAAcmoaM,SHORT,15,2026-09-30T22:56:06Z,563,1000,vertical,False,#coresesaboresdocampo #gado #pecuarista #boidecarro #sabiadocampo #agro #cavalo 
z-QGvj1ByAY,SHORT,73,2026-10-02T19:18:01Z,1778,1000,horizontal,False,ÚLTIMA HORA | ¿Guerra inminente? EEUU moviliza sus tropas e infantería de marina
4HTdKti_D04,SHORT,36,2026-10-03T02:05:57Z,563,1000,vertical,False,¡No puede ser! Muñoz falla la más clara de Colombia vs. Paraguay
AR0_KZ6LA2w,SHORT,78,2026-10-03T08:26:58Z,563,1000,vertical,False,Kan Ik Sneller Een Hamburger Maken Dan De McDonald’s? #challenge
c7zmFjzSRb0,SHORT,105,2026-10-03T07:13:00Z,563,1000,vertical,False,This Most Insane Game In Football Just Happened…
L9I90Yqb5Es,SHORT,14,2026-10-02T02:45:26Z,563,1000,vertical,False,Mèo Cực Thích Dụng Cụ Này 😳
pSP4mHbQTqE,SHORT,23,2026-09-24T03:00:30Z,563,1000,vertical,False,엄마의 완벽한 팀킬ㅋㅋㅋ
4oXDjKqpeIM,SHORT,29,2026-10-02T09:53:03Z,563,1000,vertical,False,Chùa bị nước ngập | kim vi
rZQ4QMeMYrU,SHORT,19,2026-10-03T11:00:16Z,563,1000,vertical,False,Pourquoi Les Drapeaux De Foot Ne Se Cassent JAMAIS ? 😳
orlxfhwPOlU,SHORT,21,2026-10-03T15:30:26Z,563,1000,vertical,False,แบ่งยุติธรรมสุด ๆ 😆
zLjLiZZwhRg,SHORT,15,2026-10-03T07:23:59Z,1124,1000,horizontal,False,How will you miss him??
lrIAHUoZ4yQ,SHORT,63,2026-09-30T14:59:10Z,563,1000,vertical,False,Todas as Crianças Eram Iguais… Mas Esse Menino Era Diferente 😱
5TNi7qiGIUo,SHORT,21,2026-10-03T13:18:41Z,563,1000,vertical,False,Le timing est pas bon 🫣
is5kLxS5sPU,SHORT,161,2026-10-02T20:00:30Z,750,1000,vertical,False,Espuma vs. Piedra: ¿Quién ganará?
SlNJ5yBruqo,SHORT,29,2026-10-02T17:00:33Z,563,1000,vertical,False,Alemã reage ao MoriMura - SE EU FOSSE A MÃE NUM FILME DE TERROR 😹 KKKKK 😂
EO22Jgu7Lvw,SHORT,105,2026-10-02T20:11:11Z,563,1000,vertical,False,My best friend is FAKE!!
Pk0mJox-3rs,SHORT,136,2026-10-03T13:07:14Z,563,1000,vertical,False,Así es como se monta una culata #mecanica #coches #taller #mercedes #bmw
Dyd8hvM9AhU,SHORT,59,2026-10-02T09:15:36Z,563,1000,vertical,False,世界最小ピッツァの魅力について
9zuOeReQYMU,SHORT,59,2026-10-02T14:45:29Z,1000,1000,square,False,"""He has to endure a lot of misunderstandings"" Hawkeye #shorts #edit"
-wtGgMeCgKU,SHORT,77,2026-09-29T09:19:13Z,563,1000,vertical,False,Nunca corri tanto atrás de uma criança 🥵😂
Z6CWn9BCqFQ,SHORT,16,2026-09-21T01:00:19Z,563,1000,vertical,False,#reverb
AdrjW1D8pw0,SHORT,51,2026-10-02T05:30:59Z,563,1000,vertical,False,Maid in bachelor’s flat 🏠 most viral comedy 😂 #shorts #ytshorts
yhu5qwI7yQk,SHORT,15,2026-10-02T19:00:31Z,563,1000,vertical,False,¿Cual de estas YOUTUBERS seria tu MADRINA favorita?😍
B5_y2QuQOp4,SHORT,10,2026-10-02T18:02:13Z,563,1000,vertical,False,Never repeat everything you see in the video 😭
IpHv_BYPy2Q,SHORT,46,2026-10-03T11:00:33Z,563,1000,vertical,False,Gaffer Tape ของดี ใครก็ใช้
CeGoImlgIL0,SHORT,61,2026-10-02T18:00:15Z,563,1000,vertical,False,Learning How to Front Flip with Interactive Visualizations and @GoogleGemini#Goo
ufB61gNlmAI,SHORT,65,2026-10-02T11:15:34Z,563,1000,vertical,False,vùng đất điểm mười kiểu #shorts
9MApmo9QhSg,SHORT,23,2026-09-30T12:18:35Z,563,1000,vertical,False,"Sợ Sen Đói, Đại Boss Đi 'Săn' Cả Đêm Mang Quà Về"
tVf3EcsbvDk,SHORT,24,2026-10-02T10:00:01Z,563,1000,vertical,False,¿Zidane mejor que Cristiano? Su respuesta hizo reír a todos… pero luego fue sinc
7jqeot4A6uA,SHORT,23,2026-10-03T06:37:50Z,563,1000,vertical,False,กรมอุตุฯเตือนด่วน! ฝนจ่อซ้ำ 5-7 และ 11-14 ต.ค. นี้ เขื่อนเร่งระบายน้ำ #กรมอุตุ #
oxQjxCQ3Hns,SHORT,161,2026-10-03T04:32:17Z,563,1000,vertical,False,"**Ukrywał Swoją Wielomilionową Fortunę, By Kochać Biedną Dziewczynę  #shorts #dr"
YCK-Y6mzc8E,SHORT,98,2026-10-03T07:24:59Z,563,1000,vertical,False,1 MENIT 2 GOAL INDONESIA
qYvaUmA50JA,SHORT,59,2026-10-02T12:29:47Z,563,1000,vertical,False,The Cops Fell for It… AGAIN! 🤡💀 #cherry #cherrychichi #linhchihihi #schoolcrush 
wLdtT8yLnFs,SHORT,10,2026-10-03T12:02:55Z,563,1000,vertical,False,non potevo non provare questa transition con l'outfit dell'homecoming party
96Y4w2krJw8,SHORT,18,2026-09-30T19:27:25Z,563,1000,vertical,False,¡Tiró agua al tejado para engañar a su madre!
fbyelU-UolE,SHORT,25,2026-09-30T00:13:38Z,563,1000,vertical,False,robot buna ngambek pengen jajan eskrim ikan#trending
kV7voM2Fms4,SHORT,12,2026-10-01T04:04:36Z,563,1000,vertical,False,Ryan Reynolds Being Ryan Reynolds 😂💀
eOk1O05gR30,SHORT,23,2026-10-02T13:00:32Z,563,1000,vertical,False,โปรตุเกสไม่จำเป็นต้องมีพี่โด้ #ข่าวฟุตบอล #โปรตุเกส #โรนัลโด้ #nationsleague #cr
wwN9wNYgkgU,SHORT,17,2026-10-02T20:46:37Z,563,1000,vertical,False,A BESTIE APRENDENDO UMA CULTURA NOVA #whosbabi #karlacimed #carmed
N1_0u-Phsx0,SHORT,43,2026-10-02T15:00:17Z,563,1000,vertical,False,#shorts - Faima Ultimate Comedy Performance #Varsha #Immanuel #extrajabardasth #
fPKQGg16RCE,SHORT,10,2026-10-03T04:00:22Z,563,1000,vertical,False,I forgot the chore 😭
NcmPsSCLQXI,SHORT,16,2026-10-03T14:00:07Z,563,1000,vertical,False,Ce simple sticker peut te coûter la vie en accident ☠️🚗 #Sécurité #Voiture #Cons
yj0VOCDki7k,SHORT,16,2026-10-03T12:34:08Z,563,1000,vertical,False,HA RUBATO DAVANTI A ME😭cosa dovevo fare??
20Msm9O9Etg,SHORT,19,2026-10-02T12:00:25Z,563,1000,vertical,False,CUTENESS OVERLOAD
YQb7VA2wS2c,SHORT,16,2026-10-03T05:00:13Z,563,1000,vertical,False,체조 막내 귀여워 죽는 농구 언니들 찐반응ㅋㅋ#유퀴즈온더블럭 | YOU QUIZ ON THE BLOCK EP.363
mtN_jPg9YrU,SHORT,59,2026-10-02T18:23:20Z,563,1000,vertical,False,"Satpol PP kota Padang, Polisi dikejar pake clurit, dilempar batu saat penertiban"
HGGsSAxCIoA,SHORT,58,2026-10-03T09:00:24Z,563,1000,vertical,False,[빵빵이의 일상] 빵빵이의 짜장면
bnnYk7UOvdU,SHORT,88,2026-10-02T18:37:37Z,563,1000,vertical,False,Les toilettes de l’école 🚽
fcCF7JUwUgM,SHORT,99,2026-10-02T22:01:12Z,563,1000,vertical,False,A este Actor le OBLIGARON a Operarse la Cara en Harry Potter
UjHrse5GWVg,SHORT,63,2026-09-30T00:24:09Z,563,1000,vertical,False,Eu chegando nos lugares depois que proibiram as bets:
Ig8gm3ofzE8,SHORT,124,2026-09-30T09:54:28Z,563,1000,vertical,False,Ăn đồ sống tặng con sán dài 1 mét #shorts #drama
IToG3lvd-rw,SHORT,50,2026-10-03T12:23:09Z,563,1000,vertical,False,Adei Apple😡 Ithu ena iPhone 18 Pro va Bug Phone a? Ore Problems a iruku😳 iOS 27 
Lt7xp_mqbsI,SHORT,86,2026-10-03T13:15:23Z,1778,1000,horizontal,False,Comunicado de ÚLTIMA HORA de Iker Jiménez por Pedro Sánchez
dhbNim6RowI,SHORT,33,2026-10-02T16:30:34Z,563,1000,vertical,False,Wie schnell errät Lilly den GOAT? #couple #game #challenge #play #couplechalleng
Q8AG-FewB-s,SHORT,108,2026-10-03T08:00:18Z,563,1000,vertical,False,Wir wollen uns nicht mehr ausnutzen lassen! Schluss mit der Pendelmigration! Ren
oWugb0XZ5Og,SHORT,16,2026-10-03T04:39:19Z,563,1000,vertical,False,ไล่จับกันจนเหนื่อย
mg6KNyJ4R4o,SHORT,21,2026-10-03T01:43:35Z,563,1000,vertical,False,Le veo y lo quiero. 🙈😂
6hpDfTFVckc,SHORT,10,2026-10-03T17:28:34Z,563,1000,vertical,False,Tyrese Maxey STEP BACK🥶
Nqai1gt6jdQ,SHORT,83,2026-10-02T23:37:29Z,563,1000,vertical,False,GUCCI MORTY VS GOKU DRIP
sGx0Xk7vLhw,SHORT,14,2026-09-30T09:48:45Z,563,1000,vertical,False,Konvoi Kereta Api Inspeksi Melintasi Antrian Persilangan 4 Kereta Cepat #train #
Poy28oqyUTQ,SHORT,14,2026-10-02T20:15:49Z,563,1000,vertical,False,tú eres el six de mi seven😉
9fW-vm7_S_Y,SHORT,14,2026-10-03T13:11:14Z,563,1000,vertical,False,HER BEDENDE TAKIMI TAŞIR!
uDl2l52JBJc,SHORT,114,2026-10-02T14:00:32Z,563,1000,vertical,False,คนขับรถบัสแอบพาผมไป🤫 #story #เทรนด์วันนี้ #fyp #ฟีดดดシ
pxnVZ7NZksA,SHORT,62,2026-10-02T18:29:33Z,563,1000,vertical,False,向井康二「大阪でグループみんなできる 僕だけ…」が泣ける😂【Snow Man】
MqOFbxRaK0g,SHORT,35,2026-10-02T21:00:28Z,563,1000,vertical,False,"GEGER! Dulu Kritik Keras, Kini Rocky Grung Jadi Wantimpres Prabowo #politik #ber"
6tEaMtVHTd4,SHORT,68,2026-10-03T20:51:04Z,563,1000,vertical,False,Se me atoró la mano dentro de un vaso😱😰😭😪
rOSrLWl99WM,SHORT,16,2026-10-03T03:00:23Z,563,1000,vertical,False,일본에서 앵무새가 인기있는 이유
q-WFuLCNiws,SHORT,27,2026-10-03T12:11:52Z,563,1000,vertical,False,ทำไมลิฟต์ยก Mjolnir ได้ แต่รถกระบะกลับลากไม่ขยับ?! 🤯 #shorts  #shortsfeed
mBwcu85zWT0,SHORT,13,2026-09-30T12:48:14Z,563,1000,vertical,False,in 2 media si studia poco!
_iiuueDn1Ko,SHORT,89,2026-10-02T21:39:43Z,563,1000,vertical,False,Driving through wet asphalt 🤦‍♂️
Ul8w8YoakxU,SHORT,15,2026-09-30T17:45:43Z,563,1000,vertical,False,Alors ON DANSE🕺🏽😭 venez nous suivre sur IG: Aymannlch
FWOqJdf37BY,SHORT,53,2026-09-28T09:00:16Z,563,1000,vertical,False,추석날 며느리 반지를 큐빅이라 비웃은 시누이의 최후 역대급 반전 드라마  #5060공감 #시니어드라마 #감동드라마 #6070공감 #시어머니
kwHCZzPmtEY,SHORT,44,2026-10-02T12:30:28Z,563,1000,vertical,False,POWER OF JESUS 💪#jesus #powerofjesus #jesuschrist #christian #christianquotes #g
rPjnLOkMv2g,SHORT,16,2026-09-30T18:07:08Z,563,1000,vertical,False,Foi FALHA ou Falta do Otávio nesse lance?🤔 #futebol #goleiro #seleçãobrasileira 
y0cryhy87K0,SHORT,49,2026-10-03T12:11:19Z,563,1000,vertical,False,Llegamos a 300K?
TiDXKQzlMjw,SHORT,76,2026-10-03T04:30:00Z,563,1000,vertical,False,ชิโน่ท้าดวลปะป๊า สโมสร+ประเทศ #CHINO  #football #footballskillschallenge
KErmwK_oRBg,SHORT,97,2026-10-02T21:50:01Z,563,1000,vertical,False,"Vosotros haciendo campaña para que gane el balón de oro, se ríe de vosotros 🤔❌ #"
zH3wPDVteRc,SHORT,109,2026-10-02T20:45:18Z,563,1000,vertical,False,Parte 1/2 - Ele tirou a esposa do palco da festa do café pra colocar a mãe… Mas 
J8TXu-EzlMo,SHORT,26,2026-10-02T03:00:35Z,563,1000,vertical,False,【超ロングラリー‼️】錦織圭VS R.ナダル｜ATPマスターズ1000マドリード
BcTUssRHJNw,SHORT,26,2026-10-02T16:49:44Z,563,1000,vertical,False,Si è giustificato così a SCUOLA!🤯
sPw3Xs41EaM,SHORT,55,2026-09-30T21:00:31Z,563,1000,vertical,False,Alla guida...si sfogano tutte le repressioni familiari😂
5g0IWyMecnA,SHORT,25,2026-09-30T05:00:25Z,563,1000,vertical,False,เมื่อแฟนสาวอยากได้ iphone duo
g13mMUhs1EA,SHORT,16,2026-09-28T11:00:21Z,563,1000,vertical,False,ISCRIVITI AL CANALE CAMION #iveco #scania #camion #trucks #camionesusados
e5DQI4Pmk8I,SHORT,22,2026-10-02T21:40:03Z,563,1000,vertical,False,"lntroducing the ""VitaWear SmartBand,"" a next-generation wearable gadget #shorts "
G5MBJyW3nJw,SHORT,21,2026-10-02T20:36:30Z,750,1000,vertical,False,Why Do Elephants Let These Ticks On Them? 😱 #shorts
R7qUt2fxfIc,SHORT,60,2026-10-03T02:02:09Z,563,1000,vertical,False,リンゴの摘み取りコンテスト #funny #面白集
QhZXKPnPLHY,SHORT,63,2026-10-02T10:00:08Z,563,1000,vertical,False,【娘の証言】娘を可愛がってくれる息子の友達→ある日娘が急に大泣きするので...【2ch風創作】【スカッと迷言集】
ZNKnVPMYRTM,SHORT,106,2026-10-02T11:00:30Z,563,1000,vertical,False,Le chauffeur de bus m'a conduit en secret… 🤫
BwJi1GWj1wI,SHORT,13,2026-10-01T09:11:52Z,563,1000,vertical,False,Komar #motoryzacja #moto #renovation #romet
F9WNxqAiUaw,SHORT,20,2026-10-02T17:30:25Z,750,1000,vertical,False,The Biggest Mistake Drivers Make in Desert Sand! 🚙😳 #shorts
EXXbN1nHuFw,SHORT,26,2026-09-30T10:00:39Z,563,1000,vertical,False,後輩から舐められる松本人志の食レポ #ランチ  #ダウンタウンプラス
rsvGuZ4lpAU,SHORT,17,2026-10-02T21:30:18Z,750,1000,vertical,False,¡No Podía Sentir sus Labios y Siguió Comiendo! 😳🌶️
KA7D18mz990,SHORT,85,2026-10-03T10:43:12Z,563,1000,vertical,False,骨折した鳥を1ヶ月間放置するとこうなる
dOKCpjQhAkg,SHORT,63,2026-10-02T09:53:26Z,563,1000,vertical,False,Lâu rồi #San San mới được đi đón e Mỡ😁😅
WxWgjjQTyls,SHORT,12,2026-10-02T17:02:08Z,563,1000,vertical,False,Hay que tener cuidado con lo que se pide 🥴😂 #humor #viralvideo #risas #parati #s
aqupsMxnZFE,SHORT,57,2026-10-03T19:42:18Z,563,1000,vertical,False,If we could Time Travel right now…😵‍💫 #theboys #viral #shorts #ai #terminator
PFNsllmWWsE,SHORT,49,2026-09-27T15:30:37Z,563,1000,vertical,False,He Turned This Filthy Bike Brand New! 😱❤️ ~ #shorts
Pas6AhL1zpQ,SHORT,11,2026-10-01T08:44:30Z,563,1000,vertical,False,La discesa quasi impossibile.. Raga alla prossima sfida. Ditemi voi cosa posso f
6Djen51DnmY,SHORT,28,2026-10-03T01:00:22Z,563,1000,vertical,False,#banaraslitfest #kimpro828
RBcu5R44cdw,SHORT,31,2026-10-02T22:00:13Z,563,1000,vertical,False,He Had An Emergency At Work 😂🔥
myrs1TRJVJs,SHORT,14,2026-10-01T14:09:10Z,563,1000,vertical,False,Nhlanhla Zwane in training😅🔥
UVK9tCStmMI,SHORT,60,2026-10-03T10:00:19Z,563,1000,vertical,False,手が長過ぎる男
QNXI3e3xV4E,SHORT,100,2026-10-02T21:00:22Z,563,1000,vertical,False,we rented a lambo for hinge pics
aKWcMxD1sZM,SHORT,27,2026-10-03T04:00:14Z,563,1000,vertical,False,Sai Lầm Khi Ngâm Mút Cắm Hoa 😱
wqqgOlMC25M,SHORT,16,2026-10-02T15:51:55Z,563,1000,vertical,False,Surya still does it best though😂 #figureskating #show #gala #sports #russia
TCqFCJpCPy8,SHORT,11,2026-10-02T21:20:16Z,563,1000,vertical,False,BRIANEITOR Y GUANYAR 😂😂 #djmariio
nSIXdswVX38,SHORT,18,2026-10-02T20:16:42Z,563,1000,vertical,False,Larin se queda sin pizza #humor #comedia #alfredolarin
a7qk4h1rCSI,SHORT,36,2026-09-28T10:13:04Z,563,1000,vertical,False,Truck driver thrown around cab after choking at wheel and falling unconscious | 
NYZf3CqslmI,SHORT,19,2026-10-02T13:37:15Z,563,1000,vertical,False,Mummy hai toh kya Tension 🥺
rqlX0Hg2dyU,SHORT,13,2026-10-02T16:57:45Z,563,1000,vertical,False,Quando il sogno ti gioca un brutto scherzo 🤣😂🙈😅 #funny #comics #comedy #vitadico
WjhhoW1E9R8,SHORT,134,2026-09-28T04:46:59Z,563,1000,vertical,False,Comment est née la PANENKA ? 😳💫
96MlWYQgvlI,SHORT,68,2026-10-02T18:13:29Z,563,1000,vertical,False,On craque ensemble mes squishy recouvert de laque
CDgDRL21V7s,SHORT,24,2026-10-03T00:57:55Z,563,1000,vertical,False,Cuándo tus padres son cruel contigo
izmc8IIXrcQ,SHORT,21,2026-09-19T13:02:03Z,563,1000,vertical,False,twerk atmasına koptum çok iyi şaka😂
M5u8WaDE_k0,SHORT,38,2026-10-02T19:43:47Z,563,1000,vertical,False,Pass the phone... #shorts #shortsfeed #youtubeshorts #cringe #tylervitelli #come
GNRpy2ebZ4M,SHORT,10,2026-10-02T18:11:56Z,563,1000,vertical,False,INNI vs JA
jiXtHfEUgqg,SHORT,178,2026-10-03T06:00:12Z,563,1000,vertical,False,"검찰청 폐지 첫날, 청장도 없고 유치장도 없다"
dt2qaMkziE4,SHORT,20,2026-10-02T15:00:20Z,563,1000,vertical,False,The Fake Fruit Trick That Fooled Millions! 😱 #usa
vcfGGvjRjHk,SHORT,13,2026-10-02T18:12:43Z,563,1000,vertical,False,Goggins really spawned in like the final boss and ruined everyone’s chances 💀🙏 #
SEQRyrfsZg4,SHORT,22,2026-10-02T10:30:32Z,563,1000,vertical,False,통나무로 험로탈출이 우연이 아닌이유
i40Q1-anUTQ,SHORT,52,2026-10-02T16:14:34Z,563,1000,vertical,False,Il a une mission de sauvegarde universelle 😌| To Your Eternity | #anime #animeed
F2GZJVvv7OE,SHORT,97,2026-10-03T10:46:20Z,563,1000,vertical,False,Ils mate des collégiennes 💀 #anime #animeedit #shorts
mEZFJiWgJo4,SHORT,21,2026-10-03T14:28:33Z,563,1000,vertical,False,처음 겸손이란 걸 배운 페라리 차주
3Xi8ePwpwN0,SHORT,29,2026-10-02T14:47:21Z,563,1000,vertical,False,Bhai Tere Maa meri bhi to maa hin✨🫂📈 #shorts #viral #reels #trending #explore #s
rpD0Om7w6pQ,SHORT,173,2026-10-03T09:01:15Z,1778,1000,horizontal,True,"Asian Games IND Vs Pakistan: भारत ने पाकिस्तान को पीटा, 19वां गोल्ड जीता | India"
W-LKSu7H8ac,SHORT,84,2026-10-02T11:30:16Z,563,1000,vertical,False,5 Kejutan Kabinet Terbaru Prabowo #bahlil #kabinet #indonesia
hUdTGK8yRys,SHORT,12,2026-10-02T15:15:30Z,563,1000,vertical,False,cobain ini‼️PerspectivePod_story
HgIb_X7S8ao,SHORT,16,2026-10-02T21:00:09Z,563,1000,vertical,False,O frentista não esperava por ISSO! 😂 #curiosidades #motos #viral
m1g_QuS1PEk,SHORT,38,2026-09-30T20:48:10Z,563,1000,vertical,False,#fyp  #funny #vairalvideo #usa #foryou
rxAtvbQYRz8,SHORT,17,2026-10-02T09:00:31Z,563,1000,vertical,False,Die taube Katze erkennt ihn trotzdem#trending #shorts #viralvideo
8Ff-EvZ8MgE,SHORT,50,2026-10-01T23:30:04Z,563,1000,vertical,False,Tucker Reacts to British Boomers
ERNKswF9Of4,SHORT,19,2026-10-03T09:00:09Z,563,1000,vertical,False,🏃‍♂️💨 Das Rennen nimmt eine überraschende Wendung! 😱🌸
ZAd3kzqwVd0,SHORT,13,2026-10-02T12:14:40Z,563,1000,vertical,False,GRATA💝🥹continuate a spaccare ik vlog! ci vediamo in giro 💃 #love#community # #da
iCnocg5HLBo,SHORT,179,2026-10-01T08:20:23Z,563,1000,vertical,False,Alice Weidel bei der Therapie  #comedy #sketch #comedy
oEcEERiSXM0,SHORT,131,2026-10-03T09:06:10Z,1778,1000,horizontal,False,"""페라리보다 더 빛난 사람""… 대형 사고 뒤 전해진 뜻밖의 미담 / KNN"
eTQTOx-SkM4,SHORT,31,2026-10-03T14:54:09Z,563,1000,vertical,False,Ecco il regalo per Tom ed Ermenegilda! (Penne legami halloween) ep.2 SBADABEM💥#s
l1vRMMc5WVY,SHORT,18,2026-10-02T12:00:01Z,563,1000,vertical,False,Rồi thì cười | Oppa Huy
TxkKvuHj-DM,SHORT,107,2026-10-02T13:44:42Z,563,1000,vertical,False,💥🤯Biriyani-க்கு ரசம் Free-ஆ ..⁉️💢 #shorts | Pillar Biriyani Ashok Nagar
43dpEExRs2g,SHORT,18,2026-10-01T22:25:07Z,563,1000,vertical,False,Nunca Toques Así La Pata De Un Caballo 😮
DsnGcS3Ds1s,SHORT,30,2026-10-02T16:16:49Z,563,1000,vertical,False,iOS 27 Sadece iPhone 18'i Değil Eski iPhone'ları Bile Kullanılmaz Hale Getirdi
Xi_gVspYlak,SHORT,55,2026-10-03T16:00:32Z,563,1000,vertical,False,Czemu jest tyle kart w tali?
0l3HJSBC_yA,SHORT,87,2026-10-02T12:54:39Z,563,1000,vertical,False,തെരുവിൽ ചോരവാർന്ന നായക്കുട്ടി; രക്ഷിക്കാൻ ഓടിനടന്ന് വിദ്യാർത്ഥിനികൾ; കണ്ണീരോടെ മ
gzp9AN_R14Y,SHORT,170,2026-09-30T18:31:34Z,1000,1000,square,False,Soho
F1l399DGNbM,SHORT,19,2026-10-02T11:15:17Z,563,1000,vertical,False,24시간 이미 암바에 걸려있는 팔을 보고 깜짝놀란 김동현
3cizMngtO90,SHORT,93,2026-10-03T14:26:15Z,563,1000,vertical,False,Keajaiban Al-Fatihah di UFC!! Diremehkan Malah bikin Gempar
uCuSTpoLeTU,SHORT,17,2026-10-01T15:47:27Z,563,1000,vertical,False,“If you grab me I’m a bite’cha” #dogshorts #dogshorts #funny #petshub #pets #pup
hi_vTuGP42o,SHORT,26,2026-10-02T18:00:35Z,750,1000,vertical,False,La glace révélait leur personnalité 🧊
6lhK1Vby97A,SHORT,10,2026-09-27T09:33:32Z,563,1000,vertical,False,Cún lấy thức ăn từ con vịt #trendingshorts #trendingvideo #shorts #shortsviral #
mgY7aFyG4p0,SHORT,26,2026-10-02T14:57:06Z,563,1000,vertical,False,Share With Friends 😜 #funnyshorts
QygymPOcNbU,SHORT,26,2026-10-03T04:44:15Z,563,1000,vertical,False,#shorts : Araria में पलटी ट्रक शराब की मची लूट! | Bihar Liquor Prohibition | Vir
XtVwXrvfLWo,SHORT,167,2026-10-02T16:56:20Z,563,1000,vertical,False,Démontage du moteur de vélo électrique M80 E-Power #christok #electrique #répara
w5vb_6rq0OM,SHORT,61,2026-10-02T16:41:48Z,563,1000,vertical,False,Baby gender reveal 🩵🩷
CCt0L0hugXM,SHORT,115,2026-10-02T09:21:09Z,563,1000,vertical,False,ใครคือคนกรุงเทพNative ตัวจริง!
MaVFjO6ksLs,SHORT,20,2026-10-02T13:00:10Z,563,1000,vertical,False,นกแก้วใส่ผ้าอ้อม
mMZi-uImZx4,SHORT,54,2026-10-03T01:42:22Z,563,1000,vertical,False,It exploded everywhere🤣 #prank #funny #comedy #reels #husbandwife #humor
ktYvUXwUono,SHORT,121,2026-10-03T00:00:13Z,1000,1000,square,False,You won't know the outcome unless you try.#movie #shorts #edit
rumLvFxAdA0,SHORT,34,2026-10-02T02:40:19Z,563,1000,vertical,False,📻 #Viral | La llamativa medida para frenar a quienes orinan en las calles de Val
bjEK6h_QoXQ,SHORT,46,2026-10-03T01:34:36Z,563,1000,vertical,False,50MMkkkkkkjkkk
e0culU_Lur8,SHORT,48,2026-10-02T21:15:33Z,563,1000,vertical,False,은실이를 다정하게 대하는 칠성이 #스캔들
Bg-YDMyonU0,SHORT,18,2026-10-02T22:32:10Z,563,1000,vertical,False,髙寺を残す神采配、流れを繋ぐ走塁 #阪神タイガース #髙寺望夢 #プロ野球 #なんj反応
XFvoXMo_uiM,SHORT,43,2026-10-01T11:10:24Z,563,1000,vertical,False,유도 국가대표도 못 넘긴 천하장사 이만기의 한 수
7Q9klvJgrsg,SHORT,16,2026-10-02T14:00:35Z,563,1000,vertical,False,Fiona met the prince and Shrek but…🤔😂 #pranks #humor #cosplay #shorts #comedy #f
DlizJke-NDA,SHORT,36,2026-10-03T09:00:21Z,563,1000,vertical,False,딴 데선 맞고 다니다 미미미누만 보면 강해지는 이채영 #이채영
J_9t9LRT0_8,SHORT,72,2026-10-02T18:15:09Z,563,1000,vertical,False,"👑 FELIPE MELO:“NA TRETA DE JORGE JESUS E CRISTIANO RONALDO, SOU MUITO MAIS O CRI"
US1ySLv7KJk,SHORT,92,2026-10-02T21:58:34Z,563,1000,vertical,False,Les moments de Deadpool rendant hommage aux autres héros #deadpool #wolverine #r
OEL8XwDe0Z8,SHORT,18,2026-10-02T20:43:13Z,563,1000,vertical,False,POV: CULTURAS DIFERENTES #whosbabi #karlacimed #carmed
u-4Wd0_L1F0,SHORT,14,2026-10-02T17:00:20Z,563,1000,vertical,False,El Método De Carga De Mi Compañero De Piso Me Dejó
MMKRfVX0q5o,SHORT,13,2026-10-02T10:11:24Z,563,1000,vertical,False,Which one Ronaldo will fit next to Georgina? 🤫🤔 #ronaldo #football
F5gnnLDf_9o,SHORT,29,2026-10-03T12:45:01Z,563,1000,vertical,False,Znalazł Nową Królową w Ulu
XxmR-3D1FbE,SHORT,59,2026-09-30T16:10:23Z,563,1000,vertical,False,POV: Ta mère donne ton classeur Pokémon à ton pire ennemi
eSk-7fiyq5I,SHORT,144,2026-10-03T00:50:42Z,1778,1000,horizontal,False,Multiple injuries after car hits crowd of Knights supporters in Newcastle | ABC 
c4pdd5fDg-Q,SHORT,17,2026-10-02T18:02:26Z,750,1000,vertical,False,Alles bei ihnen ist knallbunt 🌈🤯
Jl3Zs1dbRB8,SHORT,10,2026-10-02T22:13:10Z,563,1000,vertical,False,like any other time pls x
F-4chopwXCQ,SHORT,107,2026-10-03T10:17:47Z,563,1000,vertical,False,งูยักษ์ในตำนาน #บอยูนา #เลื้อยเขมือบแอมะซอน #BewareBoiuna #nonna_channel
lKGtKCdrB1o,SHORT,68,2026-10-03T08:47:11Z,563,1000,vertical,False,Costi Ricambi Auto Elettriche vs Benzina: Shock Sorprendente! #shorts
h3ksx_KAJmI,SHORT,52,2026-10-02T18:19:56Z,563,1000,vertical,False,Melhor cooler magnético Mobile #gamer
NzkLjTVW9AA,SHORT,23,2026-10-02T21:00:39Z,563,1000,vertical,False,QUEM TEM MEDO DE INSETO VAI ENTENDER!😹kkk        #shorts #humor
CsskZk2xuA0,SHORT,148,2026-10-02T11:00:32Z,1000,1000,square,False,"""a brick that loves the new and hates the old?""☠️🔥 | The Middle |  #Trending #Sh"
O62s-sDIYZA,SHORT,83,2026-10-03T15:30:14Z,563,1000,vertical,False,Je lui offre sa 1ère moto 🤣🎁-55€ avec le code CESAR55 #drole #moto #humour #mota
QbfEhs2rEUY,SHORT,69,2026-10-03T11:01:06Z,1778,1000,horizontal,False,突然、しゃっくりが止まらなくなった猫がこうなっちゃいました…
qB3JlzBQsOU,SHORT,30,2026-10-03T07:36:55Z,563,1000,vertical,False,ഞങ്ങൾ ഉമ്മാക്ക് ഞങ്ങൾ നാലു മക്കളാണ് ചെറുതാണ് ആഷി അവൻ വീണ്ടും പ്രവാസത്തിലോട്ട് പോ
vLCPrZoS9x4,SHORT,19,2026-09-28T11:30:11Z,563,1000,vertical,False,Outdoorfood U Are So Kind My Brother Share Food In Forest #survival #camping #fo
ovdzxZgqG20,SHORT,107,2026-10-01T18:57:48Z,563,1000,vertical,False,This did not go as planned 😅
8CQpOqFZbOg,SHORT,20,2026-10-02T22:00:27Z,563,1000,vertical,False,Cuando los Phantoms se aburren - BlobbyClips - Doblaje Fan Español
6BbjzSCJvLg,SHORT,25,2026-10-03T01:42:57Z,563,1000,vertical,False,Last guy knows ball 🤣🤣 #nfl #nflfootball #nflhighlights #nflnews
Pm_SMn42TWA,SHORT,62,2026-10-03T12:23:21Z,563,1000,vertical,False,Dự báo thời tiết mới nhất khu vực Bắc Bộ đêm nay và ngày mai 4/10 #thoitiet  #ba
XenFSXd2JO4,SHORT,28,2026-10-03T09:49:03Z,563,1000,vertical,False,CNG Car Blast | CNG டேங்க் வெடித்துசிதறிய கார்!பெட்ரோல் பங்க்கில் பயங்கரம்
n2GOvpiDPMA,SHORT,10,2026-10-03T14:45:23Z,563,1000,vertical,False,Sizce Karar Ne Olsun 🤔
8OiEtdpkEJE,SHORT,42,2026-10-01T03:50:31Z,563,1000,vertical,False,감당 되겠어? 네마리를....ㅋㅋ #참교육 #사이다 #웃긴영상
vsDoVNdxX9I,SHORT,23,2026-10-02T13:12:00Z,563,1000,vertical,False,Unbox Iphone 18 Promax 52🍠😬 #rinavaseoul #trending #viral #unboxing
VUMPRrm7Bi0,SHORT,112,2026-10-01T14:24:19Z,563,1000,vertical,False,ZINEDINE ZIDANE LÊN TIẾNG VỀ CĂNG THẲNG GIỮA CRISTIANO RONALDO VÀ JORGE JESUS! 👏
GstDQLLpg6A,SHORT,34,2026-10-02T21:50:18Z,563,1000,vertical,False,Raphinha Cumpriu a Promessa Para o Fã 🤯⚽
FpSI6IN66Pc,SHORT,21,2026-10-03T07:20:27Z,563,1000,vertical,False,Telefonun Şifresine Bakın😯😀
K8ie_wU7nhQ,SHORT,10,2026-10-01T12:11:41Z,563,1000,vertical,False,Tilaa mut jos et pelkäis noita😭😭
d0f7Hs_7zOA,SHORT,40,2026-10-02T05:01:25Z,563,1000,vertical,False,Thể chất độc lạ của các chàng trai - Tập 2 | CinoSubber￼
8Hdog3TGWfU,SHORT,93,2026-09-30T13:00:35Z,563,1000,vertical,False,L'homme contre la nature 🐔
NKOEaFiitgc,SHORT,19,2026-10-01T21:13:50Z,750,1000,vertical,False,When A Rider Has A Big Heart There is No Obstacle in Racing
BsG43QOXwOg,SHORT,48,2026-10-03T01:00:31Z,563,1000,vertical,False,ตัวไหนมาจีบตัวไหนมาจิ้มรัน #วันพีช
9g742d2r52Q,SHORT,22,2026-10-03T05:32:36Z,563,1000,vertical,False,«КАЛИНИНГРАД НАФИГ НИКОМУ НЕ НУЖЕН» — Губин из Германии
DS66TZDi6HQ,SHORT,49,2026-10-03T08:30:37Z,563,1000,vertical,False,vous vous lavez TOUS LES JOURS ? 😶‍🌫️ #animation
oG1ln0MMu10,SHORT,14,2026-10-03T11:00:35Z,563,1000,vertical,False,La boule de bowling la plus étrange 🤯
W125B6CCw0Y,SHORT,147,2026-10-02T17:00:06Z,1778,1000,horizontal,True,"Israel Amador / Quita el hipo / video clip con las Team Gitano, Team Payo, Trian"
NiTWB3ZMr90,SHORT,23,2026-09-30T05:18:55Z,563,1000,vertical,False,ผู้ดูแลสัตว์ที่รอดพ้นวิกฤตเพราะผู้เข้าชม
skxLMSqaMks,SHORT,22,2026-10-03T08:17:53Z,563,1000,vertical,False,ดีนะที่เลี้ยงหมาไว้.#หมา # #หมาน่ารัก #ทาสหมา
-Bk7giZv7DI,SHORT,35,2026-10-01T14:30:15Z,563,1000,vertical,False,1 Liter Cola kochen (Um zu zeigen welche nicht klebt)
OpQhJirgc0Q,SHORT,29,2026-10-03T15:04:13Z,563,1000,vertical,False,GARA DI DISEGNO CON LA CRY BABY 😭
x7EPIeK-8y4,SHORT,174,2026-09-30T08:03:05Z,563,1000,vertical,False,pohon yg sering dikaitkan dengan hal-hal mistis #pitaahrld #minivlog
HPoPNbsG8eQ,SHORT,16,2026-10-01T17:36:44Z,563,1000,vertical,False,Akşam Akşam Başımıza Gelen Oyuna Bakın #eğlence  #komik  #slaym #akım
XT7RuCUAqVs,SHORT,152,2026-10-02T10:21:16Z,563,1000,vertical,False,Đi bắt quả tang hộ bạn thân và cú quay xe khét lẹt 🤣
nQaAH9Y2UWs,SHORT,115,2026-10-02T14:00:26Z,563,1000,vertical,False,Blocage des lycéens : la colère se propage à Amiens
dLQQV73fUI0,SHORT,31,2026-10-02T21:30:34Z,563,1000,vertical,False,How Peter Parker’s Spider Bite Was Filmed 😮
fn4qh6Cey0c,SHORT,22,2026-10-03T12:56:30Z,563,1000,vertical,False,Moeders be like😅
C7PejOgX2Ik,SHORT,21,2026-09-16T23:43:54Z,563,1000,vertical,False,가드 자꾸 내리면 코치가 쓰는 최후의 수단
WBMG2FmMNL8,SHORT,52,2026-10-03T00:30:15Z,1778,1000,horizontal,False,Huracán 'Rachel' y frente frío causarán lluvias en estos estados | Reporte Indig
BLt7AUzAekE,SHORT,62,2026-10-02T19:00:21Z,563,1000,vertical,False,I RAN OVER Her Favorite Squishy?! 😱
rVAS8fmQrl0,SHORT,55,2026-10-01T12:56:09Z,563,1000,vertical,False,The Hidden Struggles Behind Family Perfectness 👇
hW4zdF0HZYY,SHORT,15,2026-10-03T05:15:25Z,563,1000,vertical,False,O truque secreto dos golfistas para tacadas perfeitas ⛳
BCuLdbgaPbk,SHORT,97,2026-10-01T16:00:37Z,1000,1000,square,False,O Garoto Se Recuperava de Um Jeito Impossível… 😱 #youtubeshorts #shorts
BvTwdawBxc4,SHORT,20,2026-10-02T12:50:37Z,563,1000,vertical,False,板倉可奈の可愛いメーターが下がっちゃうモノマネwww【歌割りシャッフル】#板倉可奈#cutiestreet#きゅーすと#アイドル#shorts#かわいいだけじゃ
p4T1PSK1EEg,SHORT,10,2026-10-01T22:01:25Z,563,1000,vertical,False,COITADO DO GATINHO
mgYHe9NS_kw,SHORT,83,2026-10-02T13:01:11Z,563,1000,vertical,False,Vadina pettanam-22#achyuthasaddikuti #trending#shorts
fM8bekjrTqI,SHORT,162,2026-10-02T17:35:43Z,563,1000,vertical,False,@JohnDeere 9RX 830 to największy ciągnik rolniczy na świecie❗️🌏
Qfujd9DbOVI,SHORT,36,2026-10-03T03:00:29Z,563,1000,vertical,False,水族館のバズった４選！
nGRSfAoAyMk,SHORT,19,2026-10-03T06:52:54Z,563,1000,vertical,False,86세 할머니 2500원 동태탕 근황
Oq-I1Lk30g4,SHORT,20,2026-10-03T03:30:22Z,563,1000,vertical,False,อยากเป็นยอดนักมวยเหมือนบัวขาว! แต่กลับร้องไห้หาแม่เพราะยางแตก #shorts #viral #vi
LxSXKJyAFX8,SHORT,16,2026-10-01T04:20:27Z,563,1000,vertical,False,siapa nih yang punya temen pemalu begini 🤭 #memes #trending #hiburan #komedi #ku
NjSIwLk8BJ0,SHORT,14,2026-10-02T01:23:43Z,563,1000,vertical,False,cuando quieres impresionar y el sorprendido eres tú 🤣
igpHjjlYEIk,SHORT,61,2026-10-02T17:26:56Z,563,1000,vertical,False,1860-Banner in Bayerns Südkurve – was macht das da? 👀🥶
ye3TZwqSCXQ,SHORT,51,2026-10-03T15:36:57Z,563,1000,vertical,False,TEUERSTE Schnitzel Wiens 😩🇦🇹 📍 Praterwirt #vienna #austria #tomahawk #food
U1F3okZaGrU,SHORT,31,2026-09-29T00:30:37Z,563,1000,vertical,False,Toddler Catches Her Dog Eating Her Lunchable 🤣  #ToddlerAndDog #LabradorRetrieve
HQmqryszHks,SHORT,15,2026-10-02T14:33:08Z,563,1000,vertical,False,"Campistas Puerta Del Sol : Este video no lo enseñará Dani Esteve , Iker Jiménez "
f9HDg1qKbaw,SHORT,15,2026-10-02T19:00:25Z,563,1000,vertical,False,Cuando me cruzo a mi ex 😵 #youtubeshorts #shorts
Pq09GQ85MNk,SHORT,55,2026-10-03T13:00:40Z,563,1000,vertical,False,Plus de 500 voitures abandonnées à la fourrière ! 😳 | Enquête Choc
Rad5Bps4YoU,SHORT,13,2026-10-02T22:00:27Z,563,1000,vertical,False,【最高のセリフ】第一声で全部持っていく
cKbVd8vPLQM,SHORT,79,2026-09-29T04:00:17Z,563,1000,vertical,False,Ve Sầu Con Được Nuôi Như Thế Nào Trước Khi Thành Đặc Sản? #short
TzshtJACygc,SHORT,10,2026-10-03T16:00:03Z,563,1000,vertical,False,Sihirli Dünyada Başına Gelenlere Bakın 😳🪄 #manifest #esinbahat
tMLEIbaKlkA,SHORT,13,2026-10-02T18:46:45Z,563,1000,vertical,False,Even my dogs know what no means.. #fyp
GOgGDGRj2qc,SHORT,16,2026-10-03T06:09:46Z,563,1000,vertical,False,เธอจ่ายค่าอาหารด้วยวิธีสุดพีค
BswPmSQoKhI,SHORT,57,2026-10-02T12:14:45Z,563,1000,vertical,False,Penghambat penghasialan # #trending #viral #shorts #reels #viralvideo #funny #fy
ufHHFqkcPRY,SHORT,26,2026-10-02T15:55:05Z,563,1000,vertical,False,DIY Flapping Butterfly! 🦋💖 Make Your Own Flapping Wings!
UCZLnT8PQOk,SHORT,49,2026-10-03T05:38:27Z,563,1000,vertical,False,Riết rồi nói quài 🙂 #QuangHien #quanghienne #funny #haihuoc #giaitri #vuinhon #t
5t90VqxOZiQ,SHORT,43,2026-10-02T17:00:09Z,563,1000,vertical,False,Escapar do AGRESSOR
M4SGL4te9i0,SHORT,82,2026-10-02T21:51:33Z,563,1000,vertical,False,Como activar el verdadero 4X4 en un troca si cuentas con cubos en el centro del 
uXaJfEfoFoM,SHORT,66,2026-10-02T10:16:35Z,563,1000,vertical,False,ชาวอิรักในกรุงแบกแดด ฉลองสหรัฐฯ ถอนกำลังพล
4WKl3Ek0uNE,SHORT,20,2026-10-03T04:40:08Z,563,1000,vertical,False,"Philippines Hạ Thái Lan, Bất Ngờ Lớn ASEAN Cup"
ZAVzQ2aqNck,SHORT,17,2026-09-27T20:31:14Z,800,1000,vertical,False,Emergencia en Santa Marta: lancha con turistas se vuelca entre Playa Blanca y El
9sq_PuUWc1k,SHORT,151,2026-10-02T00:00:19Z,2388,1000,horizontal,False,Pegada Bruta Part. @MarianaFagundes (Countryland. Vol.2)
c56Celi8caU,SHORT,20,2026-10-02T12:58:51Z,563,1000,vertical,False,Yarasa sürüsü bize saldırdı yeni video Aleyna  Sönmez ￼ #shortvideo #shortvideos
3melTAg1dJU,SHORT,10,2026-09-30T13:00:40Z,563,1000,vertical,False,Which number do you find funny? | Follow me #trending #shorts #ruavanviet
cy0geIFvnAk,SHORT,45,2026-09-28T09:07:44Z,563,1000,vertical,False,"A101, Apple'dan ucuza iPhone satmaya başladı!"
-LB2XpQvaeo,SHORT,24,2026-09-30T11:00:36Z,563,1000,vertical,False,IShowSpeed ตัวโคตรเหม็น
LRHciKfckbM,SHORT,79,2026-10-02T15:03:34Z,563,1000,vertical,False,#prtoi #ootd
JIN3PVt-rZE,SHORT,59,2026-10-02T15:22:55Z,563,1000,vertical,False,Reingelegt im Flugzeug😳😂 #shorts #shortvideos #comedy #lustigevideos #lustig #hu
VIuQ94NiJDc,SHORT,51,2026-10-03T13:30:37Z,563,1000,vertical,False,Коты на фермах
XCmcXk-EbM0,SHORT,50,2026-10-03T09:30:07Z,563,1000,vertical,False,Вспышка чумы
IEqWOkzoHXw,SHORT,19,2026-10-03T13:34:33Z,563,1000,vertical,False,At least he’s getting out to look🚛😎 #TheTruckersTrap #Trucking #Trucker
3llkdHf4q0g,SHORT,12,2026-10-03T02:48:26Z,563,1000,vertical,False,Huruf Depan Namamu = Butter Squishy Unik! #shorts
0MIm4NPy1ZU,SHORT,107,2026-10-02T09:39:12Z,1778,1000,horizontal,False,Chad Lowe's Daughter Fiona Cause of Death Confirmed
eTIo76XlFV4,SHORT,30,2026-10-01T13:38:27Z,750,1000,vertical,False,Steph Curry Always Notices What's Wrong With the Court! 👀 #nba #finalsmvp #steph
5t8vi24JUEA,SHORT,15,2026-10-03T02:22:18Z,563,1000,vertical,False,역시 어디 안간 우지의 호랑이 사육사 짬밥 #세븐틴 #seventeen #우지
OtHtbv8w1_E,SHORT,61,2026-10-03T09:00:30Z,563,1000,vertical,False,一番上手い日本人#サッカー#いごっそう
GWuPdtENoK8,SHORT,15,2026-10-02T14:30:08Z,563,1000,vertical,False,Ele encheu o carro inteiro de trigo e se arrependeu 😂
MGkGl6uz8hI,SHORT,31,2026-10-03T12:35:17Z,563,1000,vertical,False,대한민국 일본 꺾고 기어코 금메달! 엄지성 골 적장 일본 감독 작심 발언 터지자 이민성 할 말 잃은 상황 ㄷㄷ
1O67shFPdj0,SHORT,13,2026-10-02T14:50:36Z,563,1000,vertical,False,We Need a Walk ❤️🥹 @S@SwatiMongarajatswati #trending #transition #travel #couple
u9wcMXhUxeE,SHORT,50,2026-10-03T12:00:16Z,563,1000,vertical,False,Viaje de vacaciones familiar por carretera 🚗🐱 #storytime #cats #gatitoslindos
MDZ9C5IMOf0,SHORT,179,2026-10-03T08:29:50Z,563,1000,vertical,False,"집 해줬으니 회사 그만두라는 시댁, 친정엄마의 한마디"
4oMYbxSmNRY,SHORT,10,2026-10-02T18:00:21Z,563,1000,vertical,False,STO ANCORA MORENDO DALLE RISATE 🤣😂😁 #humor #funny #risate #shorts #divertente #m
Tlef5fq-azY,SHORT,34,2026-10-02T05:00:09Z,563,1000,vertical,False,โค้ชทีมชาติโบกมือกี่ครั้งใน 30 วิ
hr-vFFAQF20,SHORT,54,2026-10-02T13:08:34Z,563,1000,vertical,False,Jak długo można wytrzymać kąpiąc się w różnych płynach?
aTYNoVQCZ5w,SHORT,41,2026-09-29T10:30:32Z,563,1000,vertical,False,"No No, This Food Is Not Nutritious! Urgent School Lunchbox Swap 🔁"
z40S8aLkUXU,SHORT,11,2026-10-01T22:15:34Z,563,1000,vertical,False,#reverb
ZcLxpCYzPkg,SHORT,179,2026-10-02T10:11:54Z,563,1000,vertical,False,“생선 장사 주제에”… 50억 듣자 돌변한 예비 시아버지 #숏드라마 #한국드라마 #반전드라마 #파혼 #시월드 #사이다
zxm_LUGQg7A,SHORT,36,2026-10-02T15:26:48Z,563,1000,vertical,False,The BEST JERSEYS in All of Hockey?! 🤔
Fp1TJi58bFM,SHORT,21,2026-10-02T23:30:08Z,750,1000,vertical,False,La prueba de búsqueda para su perro 🐶😳 #shorts
9GzRd_1r-ls,SHORT,18,2026-10-02T16:20:23Z,750,1000,vertical,False,He taped $100 to his car and INSTANTLY regretted it 😳
TtXxF3lrAvo,SHORT,36,2026-10-01T09:57:27Z,563,1000,vertical,False,Barca musi postawić pomnik dla Kroosa
bnhjpG3XL5k,SHORT,24,2026-10-02T21:30:18Z,563,1000,vertical,False,Llegó a su cuarto y supo enseguida que su mamá había encontrado algo
rXae76XZ8mM,SHORT,69,2026-10-03T04:32:34Z,1778,1000,horizontal,False,"DETIK-DETIK Ferry Irwandi Dibuntuti Mobil Silver Tak Dikenal, Influencer Minta T"
ywgd88a8HKA,SHORT,39,2026-10-03T07:30:28Z,563,1000,vertical,False,ഇന്ത്യയിൽ ഒരു Football Stadium പോലും ഇല്ല | Navas Meeran on India's Football Sta
ADTy6GPpKH4,SHORT,65,2026-09-28T23:00:38Z,563,1000,vertical,False,프로 당구선수 멘탈 흔든 이수근의 놀라운 당구 실력
DoI1iDRC4es,SHORT,179,2026-10-03T11:09:22Z,563,1000,vertical,False,"Cliente comprou iPhone 11 e gostaria de reparar ele para usar, será que foi um b"
C1UI4Xbtc70,SHORT,11,2026-10-02T12:00:27Z,563,1000,vertical,False,헬스 기구의 숨겨진 기능ㄷㄷ
62N_63JuO0k,SHORT,56,2026-10-02T16:53:59Z,563,1000,vertical,False,consiglio: non dimenticate mai di fare la pipì…😟 @leonardo.gemmiti
sPHsdebnxGU,SHORT,29,2026-10-02T06:45:00Z,563,1000,vertical,False,Chris Fagan survives collision with Mitch Robinson 🫣 | 2021 | The Front Bar | AF
SojT3B06Pzo,SHORT,33,2026-10-02T09:00:10Z,563,1000,vertical,False,Perlakuan Senior Basket NBA ke Juniornya! #shorts
d4z06LFQtyk,SHORT,60,2026-10-02T10:00:08Z,563,1000,vertical,False,100円で焼肉してみた
jJlk4gjTfjk,SHORT,107,2026-09-30T15:49:40Z,563,1000,vertical,False,The perfect performance doesn’t exi- 👀😮‍💨 #charlesandsylvia #wolfieandsylvia #co
HDyoxX01IAk,SHORT,11,2026-10-02T11:00:34Z,563,1000,vertical,False,Đứng Xa 1 Mét Ném Kẹo Cầu Vòng
qM1zXjXmfFM,SHORT,26,2026-10-02T18:00:28Z,563,1000,vertical,False,Dlaczego te rękawice mają połączone palce?! 🏍️🥊
DQDsxrOKNl4,SHORT,145,2026-09-30T13:30:56Z,563,1000,vertical,False,ZGUBIŁEM OBRĄCZKĘ W WODOSPADZIE 😱
jUbhsbUY9rU,SHORT,100,2026-10-01T23:30:35Z,563,1000,vertical,False,NADIE PODÍA DIBUJARLA
1g-clCm58zU,SHORT,12,2026-10-02T23:00:01Z,563,1000,vertical,False,ベンチに無視されても諦めない、可愛い大谷 #海外の反応 #ドジャース #大谷翔平 #mlb
sXFz6c3X7PA,SHORT,110,2026-09-30T15:00:07Z,563,1000,vertical,False,How Many Mattresses to Stop a Bullet?
7tZTksJzhwo,SHORT,59,2026-10-03T12:05:26Z,563,1000,vertical,False,Schicke 2 Fussball Spieler in Rente 🤯 | #Fußball #Messi #Haaland #Rolando #Mbapp
aOUfgaN8ITM,SHORT,15,2026-10-02T11:45:34Z,563,1000,vertical,False,Nie Zapomni Tego Skoku DO KOŃCA ŻYCIA!
QjB5PLN6VZU,SHORT,10,2026-10-02T18:58:11Z,563,1000,vertical,False,Es lo mejor #humor
yOxWrPdObqg,SHORT,15,2026-09-27T01:53:30Z,563,1000,vertical,False,funny cute babies copies mom sound😱😃#funny#trending#shorts
XEYVgV21_Sw,SHORT,48,2026-09-30T08:44:23Z,563,1000,vertical,False,韓国『日本の3軍に負けたぁー!!』アジア大会女子サッカー日韓戦でブチギレ?!
zkTjsJJeusw,SHORT,12,2026-10-03T12:00:17Z,563,1000,vertical,False,Tu l'hai capito? 🤔🤔
4F8fWJJdoEA,SHORT,58,2026-10-03T09:27:06Z,563,1000,vertical,False,僕のヘアミルクの使い方
M0CHf7YRYoo,SHORT,34,2026-10-03T06:08:24Z,563,1000,vertical,False,Itu cosplay apa kresek item🗿#shorts 
UCQVW_qI8_I,SHORT,32,2026-10-02T15:19:33Z,563,1000,vertical,False,TOYOTA SUPRA Z KOŁAMI OD ROWERU!
LZB4rPsIWT4,SHORT,130,2026-10-03T03:00:38Z,563,1000,vertical,False,유부남의 질주
nxcng-S79hI,SHORT,13,2026-10-03T15:13:24Z,563,1000,vertical,False,CUANDO TIENES QUE PREGUNTAR AL DUEÑO DE LA PELOTA PARA JUGAR 🙏🏼⚽️ #shorts
AzwGqM-VdBk,SHORT,61,2026-10-02T16:30:15Z,563,1000,vertical,False,Will Man City EVER be PUNISHED?! 😅🚨😴
hRcdWs2mObg,SHORT,52,2026-10-03T09:50:21Z,563,1000,vertical,False,Издевательский подарок придумал муж этой девушки на день рождения. Он запер день
VPHWPZ4zj3M,SHORT,37,2026-10-02T22:00:26Z,563,1000,vertical,False,정근우가 보여준 말도 안되는 판단력
c1YaztqfqS8,SHORT,143,2026-10-03T09:37:27Z,563,1000,vertical,False,😳Policja łapie kierowców bezpośrednio na jezdni - zobacz co się stało później:
0riWcS3-fjo,SHORT,11,2026-10-03T07:43:44Z,563,1000,vertical,False,MAYI OUTFIT NYA GAK PERNAH GAGAL #jennifercoppen #kamari #fansbasejeju
u3bzgXIjvy4,SHORT,59,2026-10-03T12:00:15Z,563,1000,vertical,False,"ГРЫЗУН (смешное видео, прикол, юмор, поржать, приколы)"
iZefRVXY_CE,SHORT,51,2026-10-02T14:36:09Z,563,1000,vertical,False,Part - 4 surajactor new shorts #surajactor
Bf0H19R8JgA,SHORT,20,2026-10-02T14:50:38Z,563,1000,vertical,False,pov: masz młodsza siostrę… Nasze nowe brązowe bluzy już dostępne na waksy.pl ✅ (
oNZD5DxvXnQ,SHORT,25,2026-10-02T05:00:06Z,563,1000,vertical,False,Por qué los tapones normales arruinan el sonido en conciertos 😳
v7Y8ox5GjL4,SHORT,130,2026-10-03T08:32:56Z,563,1000,vertical,False,Adebayor’a yeni rakip 🚀 #işbirliği
a1zAllq4n7w,SHORT,145,2026-10-03T10:21:56Z,1778,1000,horizontal,False,"피습 기장 ""모두 죽게 둘 수 없었다""...부기장, 비행금지 전력 확인 / YTN"
xzIUR_HbPT8,SHORT,26,2026-10-03T03:00:30Z,563,1000,vertical,False,クジラの尿が重要なわけ
47iuTPtBbOI,SHORT,29,2026-10-02T22:20:13Z,563,1000,vertical,False,#AnneHathaway & #DakotaJohnson are on the same vibe about red flags with friends
Bxpr98eQE-c,SHORT,32,2026-10-03T13:55:45Z,563,1000,vertical,False,He Tried a Double Backflip For 2 Years...🥶
SphiCCf4jTE,SHORT,10,2026-10-03T04:44:00Z,563,1000,vertical,False,😱 Karısına Küçük Bir Şaka Yapmak İstedi… Sonu Felaket Oldu! 🐍
xBRCZWAdwxU,SHORT,20,2026-09-28T10:30:21Z,563,1000,vertical,False,แม่เข็นลูกมาฝากครูที่ห้อง ให้เรียนหนังสือ
FgkJ1p2Ytmo,SHORT,89,2026-09-18T15:35:12Z,563,1000,vertical,False,Fiyatına göre kamerası en iyi 6 telefonu sıraladık!
2bStusoeyJY,SHORT,24,2026-09-30T20:00:02Z,750,1000,vertical,False,who's making these sounds? 🤔
ZuDIznMtP2o,SHORT,26,2026-10-02T03:29:05Z,563,1000,vertical,False,Rasmus Højlund Portekiz'e attığı golü Ronaldo sevinciyle kutladı #futbol
c4kEC9lUrIw,SHORT,36,2026-10-02T13:30:40Z,563,1000,vertical,False,Max s’est complètement trompé en cherchant la maison de la tortue😂🐢🏠!! #shorts
SitwvKaMa7M,SHORT,32,2026-10-02T21:43:28Z,563,1000,vertical,False,QUANDO EU VOU COMER NA CASA DA MINHA MÃE
n3g7GgRDuLk,SHORT,124,2026-10-02T00:10:46Z,563,1000,vertical,False,🚨ISSO PEGOU TODO MUNDO DE SURPRESA!
RmHTC-XPf6Q,SHORT,12,2026-10-02T14:41:02Z,563,1000,vertical,False,Kore’de sınıfta kaldın abi 🥶 #mrhakki #fyp #mizah
B2F3F1YAiRE,SHORT,52,2026-10-02T12:00:31Z,563,1000,vertical,False,Những khoảnh khắc hài nhất của Brian #familyguy #longtieng
WMFMso5XL6o,SHORT,12,2026-10-02T16:15:22Z,563,1000,vertical,False,Auch .... #anime #waifu #bakemonogatari #monogatari
RMeZTDxYbJM,SHORT,50,2026-10-03T17:02:46Z,563,1000,vertical,False,Sizce bu araba ne kadar?
rbbuoAP8PIQ,SHORT,65,2026-10-03T09:00:13Z,563,1000,vertical,False,【できたら天才】超すご技3選#雑学#デカボ#ビットスターアニメ
64ygGB07v7Q,SHORT,25,2026-10-02T17:04:26Z,563,1000,vertical,False,"Son papa est couché, il veut l'aider ? 🥺#ronaldo​ #funny​ #shortviral​ #amira #s"
-PncYboUEWM,SHORT,56,2026-10-02T03:39:37Z,563,1000,vertical,False,Huy Chương Olypic Sau 8 Năm Có Gì Khác Biệt
P5VljzpELoU,SHORT,13,2026-10-02T21:00:00Z,563,1000,vertical,False,O MISERÁVEL É UM GENIO KKK #humor #comedia #memes #risada
woJLfJVxyhU,SHORT,15,2026-10-03T02:06:20Z,563,1000,vertical,False,hifa padahal cuma nyuruh ngambil sepeda ‼️
InP3k2-PSXY,SHORT,36,2026-09-30T03:00:16Z,563,1000,vertical,False,巨大な肉の塔の正体
8BkGrTArZmw,SHORT,111,2026-09-28T11:35:24Z,563,1000,vertical,False,Kasus Seorang Sopir Truk DiB4k4r Oleh Majikannya di Bali . #tragedi #beritaterki
VL2fPL5CKyc,SHORT,39,2026-10-03T10:00:23Z,563,1000,vertical,False,เพื่อนแบบใด..ปากด่าแต่ต้มกุ้งมังกรให้กิน🫪
dXCmxpsJliY,SHORT,18,2026-10-03T05:30:35Z,563,1000,vertical,False,Wie zingt beter in de achtbaan: Ed of Sietske? 🎢 #duinrell #pretpark #challenge 
5bN7OKPA-l8,SHORT,17,2026-10-03T07:00:04Z,563,1000,vertical,False,Шаффл Баттл 😎🔥 LITTLE GIRLS 👧 VS GRANDMOTHERS 👵 WHO WIN ? 🏆🤔 NEON MODE 😨
ZcndWW5Riio,SHORT,85,2026-10-02T14:53:23Z,563,1000,vertical,False,Ooruku pona Toys and Chocolate Must!🥲💯 #babycomedy #funny #comedy
xIFYvoZLUd4,SHORT,13,2026-10-03T14:06:06Z,563,1000,vertical,False,La vida teniendo una hija
Pm2ohOhL5YA,SHORT,96,2026-10-02T11:41:23Z,563,1000,vertical,False,Cassie ordered 5 balls of “Crystal Big Spin” #crystalshop #crystalsforbeginners 
XXMEvqqP0sU,SHORT,133,2026-09-30T05:00:35Z,563,1000,vertical,False,Gagal Panen Madu Lebah. #animals #hewanpeliharaan #madu
zN3q1iG7Bow,SHORT,30,2026-10-02T10:17:29Z,563,1000,vertical,False,Không có mèo xáo chỉ có mèo chưa gặp được sen nhiều tiền #vutrunews #vanmaihuong
YTfUpJOqSGk,SHORT,42,2026-10-02T22:17:47Z,563,1000,vertical,False,URBAN O ZAWIESZENIU LEWANDOWSKIEGO!
oZsLPpdVTII,SHORT,16,2026-10-01T22:18:04Z,563,1000,vertical,False,#viral #fypシ #lidhersoncesar
YFmphAaWdzE,SHORT,29,2026-10-03T04:00:07Z,563,1000,vertical,False,Đây mới là danh hiệu đặc biệt nhất của Đình Bắc
sG3XKK_3jmo,SHORT,10,2026-10-03T04:00:27Z,563,1000,vertical,False,La Vaca Brava Golpea A Los Mozos. #torobravo @ExpoVideo
fb9Lrdh4Q5A,SHORT,32,2026-10-02T15:00:30Z,563,1000,vertical,False,"Você é o melhor, Lito 🖤✈️ #humor #danilogentili #thenoite #sbt"
c_-jwtccyQs,SHORT,141,2026-09-30T03:23:07Z,563,1000,vertical,False,#netflix #news #noticiasmundiais #emocionante
-jJaecoXeF8,SHORT,13,2026-10-03T12:15:06Z,563,1000,vertical,False,Can’t wait to see more of THIS! 💥
cfgHWtCoyyE,SHORT,105,2026-10-02T11:00:36Z,563,1000,vertical,False, เขาไม่ยอมให้เราหลบภัย 🌪️
2OnsBT0T8i0,SHORT,23,2026-10-02T20:29:58Z,563,1000,vertical,False,Ele encontrou os Backrooms na vida real...
CnSDG35AndM,SHORT,18,2026-10-02T01:30:20Z,563,1000,vertical,False,Amar Notun Rc Remote Control Scooter Vs Boro Jcb 4dx Test
NiJSSSYqPLc,SHORT,85,2026-10-03T00:01:33Z,563,1000,vertical,False,Como fazer a bucha de balança da sua  bros durar mais!
gAD8Qovni7s,SHORT,72,2026-10-03T00:07:40Z,563,1000,vertical,False,Cuando te encuentran con novia #adolescentes #novia #comedy
AxHIFd2Irps,SHORT,10,2026-10-03T02:51:22Z,563,1000,vertical,False,Nuôi bao lâu mới thấy công dụng của chú cún #cho #dogcute #goldenretriever #thuc
_55ZrI-pYhE,SHORT,46,2026-10-03T12:00:12Z,563,1000,vertical,False,hoe heeft hij niks door 😭😭😭
YvAnnM0ux-s,SHORT,21,2026-10-03T14:30:09Z,563,1000,vertical,False,Qualifying in the rain 😬 #racing #carracing #scca #runoffs #racingintherain
gPeNNFx4vP8,SHORT,85,2026-10-02T22:40:09Z,563,1000,vertical,False,Grip Edge Rounded Allen Sockets
HtP46sFIkCs,SHORT,90,2026-10-03T13:33:30Z,1778,1000,horizontal,False,Bigg Boss Season 10 Telugu | Day 27 Promo 2 | Mon - Fri at 9:30 PM Sat & Sun at 
GcLIL7lA9eQ,SHORT,15,2026-10-03T05:31:00Z,563,1000,vertical,False,POV: you actually participate in spirit week #angelina spiritweek
RWgDSzDW92A,SHORT,14,2026-10-02T21:30:18Z,563,1000,vertical,False,What’s this move called⁉️😂🎮 #hurdle #footballshorts #footballplayer #footballski
Kk8PkQemiD8,SHORT,12,2026-09-30T20:30:33Z,563,1000,vertical,False,Sprout's 2026 Euro trip!!!  #hairloss #bald #alopecia
rZf66Gf_dhA,SHORT,151,2026-10-02T13:41:20Z,563,1000,vertical,False,kucing keberuntungan warung ramen
n5jpRbWoCO0,SHORT,37,2026-09-30T09:15:02Z,563,1000,vertical,False,남자가 괴물을 봤을 때 보이는 반응
BcGClFgVa6c,SHORT,29,2026-10-03T08:00:26Z,563,1000,vertical,False,Klassisches DDR-Jägerschnitzel 🤩
RNyJAECNP10,SHORT,34,2026-10-03T12:00:40Z,563,1000,vertical,False,"🗣️ Ángeles Caballero denuncia ""las barbaridades"" que escuchan las mujeres por el"
iFpDlRPSMVU,SHORT,94,2026-09-24T15:30:23Z,563,1000,vertical,False,wait for end part 833
EXduBhGhXQk,SHORT,11,2026-10-03T17:00:05Z,563,1000,vertical,False,Deadpool Threw Baby Knife So Casually
CmP-LiGaSqE,SHORT,17,2026-10-01T15:04:13Z,563,1000,vertical,False,Ela se transformou na Princesa Fiona em segundos... 😱
FvbVWXJn4Q4,SHORT,102,2026-10-02T15:22:59Z,563,1000,vertical,False,Der Milliardär verspottete Cristiano Jr. und Speed – ein großer Fehler🧐😱ll #shor
fmJ09ybyYCc,SHORT,27,2026-09-29T14:00:09Z,563,1000,vertical,False,a garota revelou o segredo da nutela
ljy00zqZPq0,SHORT,18,2026-09-29T15:07:07Z,563,1000,vertical,False,Bro is Sisyphus 😭💔
EU7nEjGFquI,SHORT,12,2026-10-03T06:56:24Z,563,1000,vertical,False,Sabar istriku @elsipasipael suatu saat nanti kita bisa beli mobil 🤗🔥
axJMvbyw2uE,SHORT,56,2026-10-02T08:30:02Z,563,1000,vertical,False,Scarico basso? Un must: ma perché? #scaricomoto #scaricosottosella #apriliatuono
chmidIvc-V8,SHORT,104,2026-10-01T17:38:39Z,563,1000,vertical,False,Flydubai Pilot Smit Machchhar: उड़ने लगा गिरता प्लेन... क्या प्लंबर मोसाद का एजे
9OU1SWZfXZg,SHORT,11,2026-10-02T20:57:21Z,563,1000,vertical,False,hood babyyyyy Storm the Frenchie #dance #2020 #trend #dog #frenchbulldog
SWj8rYcIr0w,SHORT,59,2026-10-02T18:05:34Z,563,1000,vertical,False,Morty mata a los Simpsons 😳 #thesimpsons #simpsons #lossimpsons
1Z21czo5rPU,SHORT,141,2026-08-31T19:02:56Z,1333,1000,horizontal,True,Headie One x Digga - 'HOW DARE THEY' (Official Music Video)
OGsPSb3bAx4,SHORT,42,2026-10-03T03:27:09Z,563,1000,vertical,False,"Paruh Elang Ini Hancur Terkena Peluru, Tapi Lihat Apa yang Dilakukan Para Penyel"
gbab3oGbnQU,SHORT,97,2026-10-03T08:23:31Z,563,1000,vertical,False,Meri tarha Bilkul mat Bano ❌
o8iDoNIgz8A,SHORT,56,2026-10-03T03:04:25Z,563,1000,vertical,False,Khi bạn dạy bóng rổ!
aI9yXZD7QhM,SHORT,11,2026-10-03T17:00:12Z,561,1000,vertical,False,herkesin aklına gelen ilk isim?😅@ilkeratmacaa
1tTSzWUIZR4,SHORT,40,2026-10-03T05:25:24Z,563,1000,vertical,False,На что люди готовы ради мороженого?
rrWOyE0byQU,SHORT,32,2026-10-03T10:00:36Z,563,1000,vertical,False,หลงป่าแทบตาย สุดท้ายเจอแจ็คพอต 5 ล้าน!
V1gwOtFq3rQ,SHORT,21,2026-10-02T16:40:35Z,563,1000,vertical,False,Are Baap Re 😱|| #shorts #ytshorts #dance #haryanvi #anshkukreja
IyAwTBs_XpM,SHORT,17,2026-10-03T03:28:44Z,563,1000,vertical,False,絶対に目の前に現れる猫
TLI-5hOQgo0,SHORT,31,2026-10-02T16:30:35Z,563,1000,vertical,False,🚨 Brutal ataque a dos guardias civiles en Terrassa
EnxXg8vIRkg,SHORT,14,2026-10-03T12:30:11Z,563,1000,vertical,False,Defenders When Wingers do THIS 🤣
8y6ydgr1k-Q,SHORT,26,2026-10-03T00:10:03Z,563,1000,vertical,False,as larvas invadiram o apartamento - animação
A7rhKl0zfU0,SHORT,12,2026-10-03T10:30:10Z,563,1000,vertical,False,É TROPPO VERO 😭🙏 #calcio #football #soccer
uUQAApKRmtY,SHORT,32,2026-10-01T15:30:31Z,563,1000,vertical,False,Prens Charles Mı Geldi? #uzay #shorts #gora #cemyılmaz #mfö
eHpg6xqpj9M,SHORT,33,2026-10-03T07:07:28Z,563,1000,vertical,False,"암살자들 분위기 반전?, 영화계 이상조짐 #암살자들 #암살자들논란 #유해진 #유해진집앞시위"
LWWthZIdb5Y,SHORT,71,2026-10-02T11:00:12Z,563,1000,vertical,False,【トップ10平均190cm】なぜ体格で劣る日本人が世界4位になれたのか？ #shorts #tennis #テニス #錦織圭
qKSoeyjeNnI,SHORT,13,2026-10-03T07:12:29Z,1000,1000,square,False,Milan is my kitty😼 #crush #idolhouse #türkiye
EDjCphUKhzE,SHORT,39,2026-09-30T16:06:22Z,563,1000,vertical,False,Patroa ficou com medo do cavalo 🐎
Sw1i1dbezHU,SHORT,32,2026-10-02T18:00:11Z,563,1000,vertical,False,Como sempre ele mais uma vez salvando o dia
dPd_3kFglGM,SHORT,25,2026-10-02T23:15:10Z,561,1000,vertical,False,Qual GLOSS Labial Para Deixar Seus LÁBIOS INCRÍVEIS! #2
CSlFRmo8OXA,SHORT,61,2026-10-03T05:00:39Z,563,1000,vertical,False,INDONESIA JUARA MEDALI EMAS DI JEPANG 🇮🇩🥇
8KydciKyXfk,SHORT,30,2026-10-02T10:00:13Z,563,1000,vertical,False,Những phát minh bá đạo của trường học | Cu Duy Vietsub #hoathinhtrungquoc #anima
EhpDpcxqnxQ,SHORT,11,2026-09-28T07:13:02Z,563,1000,vertical,False,Goreng topi kakek
wOSnPIxaa2k,SHORT,117,2026-10-02T17:20:14Z,563,1000,vertical,False,their love story was a slow burn… 😅😭
LdEjjoPowFc,SHORT,17,2026-10-03T08:13:15Z,563,1000,vertical,False,Underwater Rollercoaster 😳
cZUKvpbrmw4,SHORT,32,2026-10-03T01:51:58Z,563,1000,vertical,False,定規を使わずに立体を描く神ハック
-jts-wAIAkU,SHORT,34,2026-10-03T09:41:00Z,563,1000,vertical,False,Thượng tá CSGT bơi ra giữa sông Hương cứu người phụ nữ đang chìm
vzvdZrtt7JE,SHORT,10,2026-10-03T00:44:01Z,563,1000,vertical,False,Adek lagi melukis gambar kuda‼️ AmarnathBTSedit00
G7rVJ8xn9fs,SHORT,72,2026-09-29T09:04:11Z,563,1000,vertical,False,Một Cuộc Đoàn Tụ Toàn Đ...
vdZpePg_RJ0,SHORT,60,2026-10-02T13:43:12Z,563,1000,vertical,False,Dulhe Ka Sehra | #AkshayKumar & #ShilpaShetty | Dhadkan | Ishtar Music
fV1NSXw2Chc,SHORT,167,2026-10-01T19:21:51Z,563,1000,vertical,False,😱 1.000 Camadas de Espuma vs 500 kg de Pedra!
u66g0WlZx-8,SHORT,16,2026-10-01T11:28:07Z,563,1000,vertical,False,천재의 수업 실패🤣
vc9PHTbV5us,SHORT,68,2026-10-02T23:26:43Z,563,1000,vertical,False,Ford Raptor vs Toyota Hilux: ¿cuál elegirías? 😱🔥🚗 #cartok #ford #toyota #4x4offr
cudvMQaOl1c,SHORT,31,2026-09-28T16:14:21Z,563,1000,vertical,False,A COBRA PICOU MEU CAVALO
29LCVYHmCdk,SHORT,59,2026-10-02T17:10:09Z,563,1000,vertical,False,Goose Gets A Helping Hand From Wildlife Volunteer
77EP3ObrmcQ,SHORT,19,2026-10-02T13:00:11Z,563,1000,vertical,False,"막대 돌리기, 어디에 좋은 걸까? #운동 #홈트 #어깨운동"
9ODIiifJHzs,SHORT,30,2026-10-02T11:00:17Z,563,1000,vertical,False,"Họ đã cố ngăn Lio, nhưng anh ấy lại trở nên đáng sợ hơn nữa  #viral #khampha #jo"
8kysiR9NlmA,SHORT,18,2026-10-03T14:30:10Z,563,1000,vertical,False,"""TO DANDO SÓ UMA OLHADINHA"""
bJc-8FACnhA,SHORT,11,2026-10-03T05:30:29Z,563,1000,vertical,False,baby tui agun 💍💓#RM 💙 #Jin 💗 #Suga 🖤 #JHope ❤️ #Jimin 💛 #V 💚 #Jungkook 💜
gbQJiyZZdyE,SHORT,35,2026-10-02T16:00:23Z,563,1000,vertical,False,@FehDubs respondendo comentários do Mundo Torajo
7n0KqN-9KVs,SHORT,135,2026-10-02T17:45:25Z,563,1000,vertical,False,Zihnine Parmak Sokulan Deadpool'un Düşmandan Kurtulmak İçin Takım Arkadaşını Sat
Zslp5Nm0A2Y,SHORT,103,2026-10-02T11:12:15Z,563,1000,vertical,False,ถ้ามีหลักฐานก็เปิดมาเลย
D6xasgSWoAE,SHORT,53,2026-10-01T11:30:12Z,563,1000,vertical,False,Khi hồng hài nhi đòi đi ăn nhà hàng Âu
GHAQXv2-vP8,SHORT,36,2026-10-02T08:10:21Z,563,1000,vertical,False,Này thì chốt chốt chốt... #tqmusic #trendingshorts #shortvideo #xuhuongyoutube #
hbsuNc6YvYk,SHORT,86,2026-10-03T08:39:15Z,1333,1000,horizontal,False,"Bersih-bersih Loyalis Listyo Sigit, Jenderal Suyudi Rombak Total Polri"
1KWk9dxdS44,SHORT,34,2026-09-28T10:13:07Z,563,1000,vertical,False,"🔴 VOX denuncia las amenazas de un vendedor de la ONCE, aquí está parte de su tes"
JR1cHIXQU1E,SHORT,21,2026-09-28T11:15:33Z,563,1000,vertical,False,Un jeu marrant en couple
F5tAS4LVt0Y,SHORT,15,2026-10-03T04:05:24Z,563,1000,vertical,False,ママとパパで態度が違いすぎる猫ｗｗ #猫 #猫動画 #猫のいる暮らし #猫の反応 #面白い猫
bVfbi92XnOY,SHORT,12,2026-10-02T10:03:44Z,563,1000,vertical,False,Miała tylko pobiegać… chwilę później Nela wyglądała TAK 😂🐶
NKFVnBLquhY,SHORT,61,2026-10-03T00:09:51Z,563,1000,vertical,False,Niños dibujen a mr beast 👀🚨 #mrbeast #dibujo
ns87oJMmWB8,SHORT,38,2026-10-02T12:00:02Z,563,1000,vertical,False,67Allday x พี่เบนซ์ฉายาดาราช่อง7ตัวแม่แห่งสยาม #CHINO #67AllDay#สยาม
eqr_Ubznm-8,SHORT,16,2026-10-02T18:00:04Z,563,1000,vertical,False,¡La Curva de Este Balón Parece Imposible! 🤯
g9zUmWqBY-8,SHORT,71,2026-09-30T02:15:57Z,563,1000,vertical,False,Drawing Coraline from memory 👻 #coraline #drawing #draw #art #challenge #drawing
0ej8yY7kIPs,SHORT,33,2026-10-03T09:30:02Z,563,1000,vertical,False,パパもママも爆笑！いつも陽気な女の子ベスト4
_7oiX8LPOOM,SHORT,40,2026-10-03T11:52:46Z,563,1000,vertical,False,😱 Ce catcheur a ouvert un sac… et un MONSTRE terrifiant en est sorti !
NVmtx2mJQJ4,SHORT,18,2026-09-29T20:30:07Z,563,1000,vertical,False,Dad Saves Luna’s Tail and Gets Her Ready 😄🐾#shorts
1OqNWHRBRGI,SHORT,33,2026-10-01T13:25:07Z,563,1000,vertical,False,Został zmieniony po… 13 SEKUNDACH!
6R7Dt_6u7F4,SHORT,37,2026-10-02T21:00:26Z,1000,1000,square,False,Perseguir um 244 no Elite Auto Brasil
F3GxqWDXY7o,SHORT,46,2026-10-02T21:27:03Z,563,1000,vertical,False,Tala se me ha escapado por puro interés!
B_UuKRGJ3kE,SHORT,18,2026-10-03T07:34:29Z,563,1000,vertical,False,Nie mehr in den Fuß hacken?😨 #axt #holz #spalten
L3nnOCc0H4c,SHORT,127,2026-10-02T00:03:32Z,1000,1000,square,False,Ahí Estabas Tú (Live From Japan)
WZNIcJnZMBk,SHORT,37,2026-10-03T09:00:29Z,563,1000,vertical,False,"Imigrant Ma SOBOWTÓRA! 🐱 Zero Reakcji, Czas Na Drzemkę! 🙆‍♂️ #bezdomnykot #koty "
v4IdhmjhPCg,SHORT,16,2026-10-02T09:02:39Z,563,1000,vertical,False,ЗАСМЕЯЛСЯ-ПОДПИСАЛСЯ! Ч.147😂БАТЮШКИ!
oQJGj_ZYPJE,SHORT,27,2026-10-01T16:00:08Z,563,1000,vertical,False,GUARDIA CIVIL VUELVE A CASA. #humor #chistes #comedia #meme #shortsviral #guardi
by0gFddq7ek,SHORT,37,2026-09-28T14:30:10Z,563,1000,vertical,False,"Delhi वाले भुगत रहे हैं, Punjab में ये गलती भूल से भी मत करना! ☝🏻😡 #publicreacti"
k9j-TPvgl7s,SHORT,15,2026-10-03T01:42:36Z,563,1000,vertical,False,So so grateful to be a KAR Pro:tégé! #danceconvention #dancer #dancers #thenandn
G0A8PrmWPlY,SHORT,156,2026-10-02T13:00:18Z,563,1000,vertical,False,ICH habe extra nichts gegessen?! #reddit #shorts #story #satisfying #geschichten
SSZP9DMFPFs,SHORT,38,2026-10-03T08:00:12Z,563,1000,vertical,False,Tu as quel type de Papa toi ? 😭 #tour2famille #24heures #challenge #humour #funn
GF4gQbgg7ig,SHORT,89,2026-10-02T12:53:23Z,563,1000,vertical,False,lange vlogs kommen dazu trotzdem als nächstes:)
KNOpBSk_ums,SHORT,11,2026-09-28T18:23:21Z,563,1000,vertical,False,¡La Reciprocidad Biológica Del Lobo! 🐺 475% #lobos #supervivencia #naturaleza
Y5e1mabn6Y0,SHORT,30,2026-10-03T10:00:01Z,563,1000,vertical,False,설렁설렁 걷던 야말의 대반전
eqGm0lOMjIs,SHORT,16,2026-10-03T05:00:35Z,563,1000,vertical,False,Dia Langsung Merinding Saat Melihat Isi Minuman Kaleng Ini😰
D5rDvjJLt7I,SHORT,62,2026-09-29T15:00:03Z,563,1000,vertical,False,The Secret Paywall on the Original Xbox
ykCLp5ysyEs,SHORT,12,2026-10-02T17:10:01Z,563,1000,vertical,False,herkesin aklına ilk gelen isim ? 😂
Sotil61Zbs8,SHORT,14,2026-10-02T08:30:13Z,563,1000,vertical,False,아빠 결혼식을 멈춰 세운 딸의 한마디
YPkLiY_Sly0,SHORT,11,2026-09-27T01:00:20Z,563,1000,vertical,False,PENUTUP TELINGA SA'AT MAU KERAMAS🥰@babyvk
itAaFln9KTY,SHORT,173,2026-09-29T01:00:14Z,1778,1000,horizontal,False,"Everybody Who Watches YouTube, Turn This Off"
_sEFW2xoVIk,SHORT,39,2026-10-03T04:12:09Z,563,1000,vertical,False,Manuel y Mahia se convirtieron en robot 🤖 😳😳😳 #humor #comedia #yosoydelos7mil
OkMwgFAlVdg,SHORT,26,2026-10-01T01:41:36Z,563,1000,vertical,False,Matheus e a Jojo foram cúmplices!
2mZLzu_Oksk,SHORT,102,2026-10-01T17:25:59Z,563,1000,vertical,False,La collection de voitures de Paul Walker 🤯 #paulwalker #cars #auto #bmw #automob
8DgnzSPxRQQ,SHORT,90,2026-10-02T13:32:28Z,563,1000,vertical,False,HÄMÄHÄKKITARINA 😳🤷🏽‍♂️🕷️
1wYZNSrk4po,SHORT,26,2026-10-02T17:47:46Z,563,1000,vertical,False,Some men aren’t looking for reason #pumpkin #pumpkinspiceseason #pumpkinspice #o
4JXUpA9ydys,SHORT,171,2026-09-29T21:23:53Z,563,1000,vertical,False,Se casó con un millonario… ¡sin darse cuenta! - Parte 1 #shorts #telenovelas
XN9wDS2etYA,SHORT,26,2026-10-03T05:30:09Z,563,1000,vertical,False,Bizim sucuklar 👏
pzkGe32kFYE,SHORT,30,2026-10-03T07:04:52Z,561,1000,vertical,False,Jeder kennt so eine Person 😂🙏 #comedy #humor #vs #fürdich #foryou
XXukFZSZAlE,SHORT,103,2026-10-01T18:00:19Z,563,1000,vertical,False,Człowiek kontra natura 🐔
YaYeJP4cniw,SHORT,16,2026-09-28T22:50:11Z,563,1000,vertical,False,水の中の犬に近づいた サルが見せた驚きの行動
_qgyC9ExlJM,SHORT,25,2026-10-03T09:00:05Z,750,1000,vertical,False,Bu Anahtarı Bulunca Ne Yapacağını Şaşırdı! 🔑😅
QK6tAzmk9yQ,SHORT,18,2026-10-03T12:00:25Z,563,1000,vertical,False,Hesap geldiğinde miktara göre nasıl tepki veririz
_qFLzTv2aDE,SHORT,25,2026-10-03T14:57:04Z,563,1000,vertical,False,PIPE SE COME LA PALETA DE MILE #santioficial #funny #viralshorts
-EH7r04bdp0,SHORT,25,2026-10-02T22:00:29Z,563,1000,vertical,False,Quantos bon bon acabam com a fome?
0GIqtHZ1O9I,SHORT,20,2026-10-02T21:30:37Z,563,1000,vertical,False,COMO DESCOBRIR SE VOCÊ É FEIO?
2thPeMxZ04k,SHORT,24,2026-10-03T07:00:08Z,563,1000,vertical,False,"Mobil Setinggi Rumah, Masuknya Gimana?"
moauw9SYHK8,SHORT,23,2026-10-02T12:38:10Z,563,1000,vertical,False,Pan z psem WYGRAŁ 😂
2JR_coQKtZg,SHORT,16,2026-10-02T17:20:34Z,563,1000,vertical,False,"@vberky Elimi tut, tuttum 😂"
1Oh38R5Ef7o,SHORT,21,2026-09-29T15:38:09Z,750,1000,vertical,False,Why You Should Never Climb Trees From Tigers 🐅#usa
q-t9t_bK4NA,SHORT,13,2026-10-03T09:03:18Z,563,1000,vertical,False,Kalk oynayalım #komikvideolar #mizah #shorts
L6YZSdWhpaE,SHORT,172,2026-10-03T08:40:26Z,563,1000,vertical,False,The Help (2011) | Celia y su esposo son tan amables con Minny 😊 #shorts #triste 
ImW6X2g77X8,SHORT,104,2026-10-02T11:00:05Z,563,1000,vertical,False,Đi đãi vàng vô tình phát hiện hố cá khủng trong núi #cauca #fishing #shorts
2MiWRrMUAc4,SHORT,57,2026-09-30T11:07:10Z,563,1000,vertical,False,A Menina de Madeira Que Queria Ser de Ouro 😢✨ | Uma História Emocionante #movie
NsCz9nJKE3U,SHORT,46,2026-09-11T23:24:50Z,563,1000,vertical,False,Day 9 of covering this white Nintendo Switch with dots until it’s black.
5V0Ov83VpJE,SHORT,41,2026-10-01T13:31:24Z,563,1000,vertical,False,Sofia a transformé la balançoire en super aire de jeux et coin d’étude pour l’en
7w40D8JcmUM,SHORT,57,2026-10-03T14:00:30Z,500,1000,vertical,False,"Uwaga, Apple przyznaje się do błędu"
JmNJVmv1w_U,SHORT,48,2026-09-29T07:07:02Z,563,1000,vertical,False,"Lagi mogok, Tiba-tiba didatengin truk lain, endingnya bikin terharu."
DzIrJFRLrAY,SHORT,49,2026-09-30T03:00:01Z,563,1000,vertical,False,"bos sampai putus asa mau jalan lagi tapi,,,"
vKR6VyVmVJ4,SHORT,35,2026-10-02T14:20:26Z,563,1000,vertical,False,Zamknięta restauracja
gTHTuhboDxY,SHORT,22,2026-10-02T19:53:01Z,563,1000,vertical,False,Tu amigo se COMPRA una PC
J-f5ZoHeOvI,SHORT,48,2026-09-28T19:15:27Z,563,1000,vertical,False,Yüksek bir yere asansörsüz çıkmak 😂 @hilaryhyraa #komikyorumlar
DPrQAfRXG6A,SHORT,64,2026-10-02T16:06:34Z,563,1000,vertical,False,UN JOUEUR AVEC LES CHEVEUX ROSE ??! 👩‍🎤
CeKp-uNaH0M,SHORT,23,2026-10-02T18:38:02Z,563,1000,vertical,False,Hiper arabalar neden hızını kanıtlayamıyor? 👀
BoM37QQz3-o,SHORT,29,2026-10-02T16:04:33Z,563,1000,vertical,False,La última es insoportable 💀 #humor #meme #top
dfirp5haxaQ,SHORT,96,2026-10-02T16:16:45Z,563,1000,vertical,False,Cfmoto vont encore tous casser 💥 #moto
rl_v3XL7wTA,SHORT,10,2026-10-02T18:05:17Z,563,1000,vertical,False,🚴🚴🚴
9ko9S_ubVnk,SHORT,40,2026-10-03T08:09:11Z,563,1000,vertical,False,Udah malam pulang😂😂 #knkarisnatalia #kiyukkiyuksemetun #funnyvideos #shorts
El2RwnRByDo,SHORT,34,2026-10-02T23:35:53Z,563,1000,vertical,False,부모님 댁 냉동실 채워줄 전복주먹밥 #주먹밥 #밀프랩 #전복요리
riCyk_95Cww,SHORT,31,2026-10-03T10:30:24Z,563,1000,vertical,False,【邪魔されたら負け】トカゲと一緒にクッキー作り
iSqq1H3Waaw,SHORT,14,2026-10-02T16:43:36Z,750,1000,vertical,False,Este Chico Accidentalmente Descubrió Quien Era el Hijo Favorito de sus Padres!
2LxRqwbTB1w,SHORT,24,2026-10-02T12:30:38Z,563,1000,vertical,False,Autobus który ma dwie kierownice!
JKjDh4jXOHE,SHORT,18,2026-10-03T00:00:31Z,563,1000,vertical,False,That's a good question 😂 #question #comedy #reel
ZNQAJpkfc0A,SHORT,19,2026-10-02T15:00:03Z,563,1000,vertical,False,Er schläft mit ihm in seinem Schlafsack 🥺 #shorts
ydIqI1PpOwM,SHORT,10,2026-10-02T23:00:10Z,563,1000,vertical,False,Time to hop under center bro 😭💀 #shorts
0EIgc1ixkTY,SHORT,74,2026-10-02T12:00:17Z,563,1000,vertical,False,A cada acerto eu dobro
ra8RYkYBS0w,SHORT,16,2026-10-02T23:59:34Z,563,1000,vertical,False,Yung wala kang alam #funny
u5cSIs3oE2U,SHORT,70,2026-10-01T13:15:13Z,563,1000,vertical,False,매실 조업을 건 까나리 게임의 역대급 반전 ㅋㅋㅋㅋ
COU-jf2x__U,SHORT,17,2026-10-03T04:00:17Z,563,1000,vertical,False,Cô ấy đã tìm được người bạn nhỏ của mình 🐶❤️
HKskN5UBJeU,SHORT,98,2026-09-30T18:52:41Z,747,1000,vertical,False,HE THOUGHT I WANTED TO ROB HIM #shorts #youtubeshorts #viral #funny
86VtMMUvyMI,SHORT,80,2026-10-02T06:00:12Z,563,1000,vertical,False,Für 8000 Dollar kaufte er Land das niemand wollte
-6-gfcVDoY4,SHORT,102,2026-10-02T10:00:07Z,563,1000,vertical,False,【飼い主の希望の灯】24時間救急対応の動物病院　奈良動物医療センター【スポットライト】newsおかえり特集　Part4/6
a_9RdAQ40PI,SHORT,123,2026-09-30T02:20:26Z,563,1000,vertical,False,Khi bạn cùng phòng là con trai cổ đông lớn
MT0ADNFMfLo,SHORT,29,2026-10-03T00:00:23Z,563,1000,vertical,False,쿤보에게 계속 당하는 커리
nNhsvKBS_Dk,SHORT,55,2026-10-03T08:09:12Z,563,1000,vertical,False,สะเทือนใจ! ชัชชาติ กราบขอโทษ หลังลุงร้องไห้ถูกเจ้าหน้าที่ดุ ปมลงทะเบียนเยียวยาน้
bF32t0iptYM,SHORT,165,2026-09-27T14:15:22Z,563,1000,vertical,False,Juventus Barcelona 2017🔥
cRxwKP3NM_g,SHORT,52,2026-10-02T12:34:18Z,563,1000,vertical,False,How Mom Treats Lil Bro vs. Older Brother... 😭💀 #funny #comedy #siblings #shorts 
J1KbY_cHbcc,SHORT,52,2026-09-30T11:13:41Z,563,1000,vertical,False,コレってウチの子だけ！？？
l5vR_JzYDdo,SHORT,46,2026-10-03T00:14:54Z,563,1000,vertical,False,Cuando lloraban en la Escuela 😭💀 #Minecraft #Short
xxmbz-__LJk,SHORT,39,2026-09-29T11:18:32Z,563,1000,vertical,False,Untold story of Michael Jordan complimenting his teammate😂🏀
rbBVOqr0Daw,SHORT,63,2026-10-03T15:04:32Z,563,1000,vertical,False,복싱 선수가 견문색 패기를 멈추게 된 이유
mJnGFnOTNLw,SHORT,30,2026-10-01T03:00:20Z,563,1000,vertical,False,자전거 사고 모음집 랭킹 TOP6
CMJl0gi_pd0,SHORT,16,2026-10-02T20:06:55Z,563,1000,vertical,False,Motorcu 2 arabaya birden çarptı 🏍️🚗
1aXFbslxTrY,SHORT,11,2026-10-03T12:48:28Z,563,1000,vertical,False,Kiitti kaudesta 2026🙌
J-Vyp08arVo,SHORT,52,2026-10-02T13:14:31Z,514,1000,vertical,False,ใครจะร้องได้..😂🤣 #ตลกมาก #ฮา #ขำ #คลิปสั้น #ชิงร้อย #ชิงล้าน #คลิปสั้น #shorts #
OGlMClR4oKM,SHORT,46,2026-10-03T08:01:47Z,563,1000,vertical,False,Main air warna warni
ANM1pNI_Y5M,SHORT,19,2026-10-03T06:33:46Z,563,1000,vertical,False,MALAYSIA LÀM CĂNG VỚI FIFA #tintuc #youtubeshorts
eZSE9WVP7hc,SHORT,59,2026-10-02T20:00:15Z,563,1000,vertical,False,Royal Marines return to Faroe Islands💥
8ykVCezo5nI,SHORT,19,2026-10-02T15:00:32Z,750,1000,vertical,False,Dubai’deki Bu Heykel Neden Bu Kadar Değerli? 😳✨
h1fCpF9IYIM,SHORT,67,2026-10-01T18:10:53Z,563,1000,vertical,False,Utah moms on Oct 1st
ZgGmyhaydm0,SHORT,29,2026-10-01T13:30:15Z,563,1000,vertical,False,Er Ronaldo er godt forbillede? 🇵🇹👀
ozXwC-6uKJw,SHORT,107,2026-10-03T09:20:37Z,563,1000,vertical,False,메소드 찐따 연기로 혼내주는 독거미 임한림 #참교육
iokXeKOywNw,SHORT,24,2026-09-30T07:00:32Z,563,1000,vertical,False,🐻😱 Медведь напал на мужчину… Но он чудом спасся! #oxota #chase  #wildbear
08lvOY7JCCI,SHORT,20,2026-09-30T09:00:29Z,563,1000,vertical,False,【驚愕】大谷の限定ユニピッチャーも見たかった瞬間‼ #野球 #大谷翔平
o5zB52VA_Ww,SHORT,44,2026-10-01T22:02:41Z,563,1000,vertical,False,Ahren Belisle Roasts Harland Williams!!! 😂😂😂 | Kill Tony ft. Tony Hinchcliffe
40p5gK_luno,SHORT,97,2026-10-02T20:15:22Z,563,1000,vertical,False,"Россия забрала у Германии 91 магазин Metro — ответ за то, что Берлин взял под ко"
7UlG0Tkt9Bc,SHORT,65,2026-10-02T11:30:19Z,563,1000,vertical,False,PC ASUS à à i5 14400F/ RTX 5060/ RAM 16GB chiến full game FHD nha
QXL1Bv1sKQc,SHORT,27,2026-10-03T03:00:35Z,563,1000,vertical,False,Du hast zu viel Kuchen gegessen!
DZcgjuoTNMs,SHORT,19,2026-09-27T05:13:40Z,563,1000,vertical,False,Khi anh trai lớn rồi nên nhìn cái gì cũng thấy nhỏ 🤣 #shorts
Bcz6nRKwT4U,SHORT,86,2026-10-02T10:37:11Z,563,1000,vertical,False,Jeu: Construis la Meilleure Cours-arrière! #défi
vB4xQsjC6b8,SHORT,21,2026-09-29T14:12:29Z,563,1000,vertical,False,Is that even street legal? Asking for a friend.
u79Z3S3MHjM,SHORT,58,2026-10-01T15:00:39Z,563,1000,vertical,False,Emrah Vitesi Çok Sevdi!😂😂 #arkadaşımhoşgeldin #komedi #ezgimola #tolgaçevik
GcKzYm5elHw,SHORT,80,2026-10-03T02:39:58Z,563,1000,vertical,False,무한도전
xHil-oOmBjw,SHORT,34,2026-10-03T03:21:35Z,563,1000,vertical,False,அப்பாவுக்கு கோபம் வந்தால் அவ்ளோதான்    ஜேசன் சஞ்சய் உடைத்த உண்மை #shorts
Nvvw4FI86Yc,SHORT,60,2026-10-02T21:00:22Z,563,1000,vertical,False,MI amiga la que tiene CERO PACIENCIA !!😱 @SoyTioNestor
_h56liDR6k4,SHORT,24,2026-10-03T12:00:04Z,563,1000,vertical,False,FELIPE MELO REVELOU POR QUE O CRISTIANO SAIU DE PORTUGAL🤯😢
ICwYpqaSlRo,SHORT,70,2026-10-02T17:00:01Z,563,1000,vertical,False,CFB MYSTERY DRAFT! 🔥 #CFB #TRIVIA #FOOTBALL #SHORTS #VIRAL
w5jZZFtxolQ,SHORT,28,2026-10-02T21:27:35Z,563,1000,vertical,False,CONOCIENDO LAS CALLES DE CHILE
vr8aq1q7Bwk,SHORT,88,2026-09-30T12:27:17Z,563,1000,vertical,False,탁재훈 키스 제안에 이지영이 보인 반응 ㅋㅋ #탁재훈 #예능레전드 #예능 #유머
jtosQm2XE_I,SHORT,55,2026-10-02T22:44:50Z,563,1000,vertical,False,These Were His Last Words He Ever Spoke...
Hjcwf1cAfsM,SHORT,14,2026-10-02T18:30:37Z,563,1000,vertical,False,"Em Logan (2017), essa cena deletada mostrou o lado mais sombrio dos poderes das "
gh_2c8N83J4,SHORT,10,2026-10-02T13:00:20Z,563,1000,vertical,False,Mi esposo no vino a ayudarme… así que saqué la chancla 😂
tdxOJSzCwOg,SHORT,111,2026-10-02T15:10:25Z,563,1000,vertical,False,"Bocah Ini Modal Cumi, Hasilnya Bikin Melongo! #fishing #mancing"
hgZSVjlzjUM,SHORT,43,2026-10-02T19:14:00Z,563,1000,vertical,False,impresionante 🔥
50VQYxe0tgU,SHORT,89,2026-10-03T19:27:36Z,563,1000,vertical,False,Flying 1000 miles to surprise my daughter’s best friend #jonathanjoly
Gjku-7kfb-Y,SHORT,14,2026-10-02T01:16:56Z,563,1000,vertical,False,Bên ấy em có ai rồi #lanatrinh #funny
zEQ14PmbJg8,SHORT,26,2026-10-01T04:01:22Z,563,1000,vertical,False,"Every organism is made for specific purpose, CREATOR OF THE WORLD KNEW IT ALL"
rpccbOzNCfM,SHORT,69,2026-10-03T05:51:56Z,563,1000,vertical,False,현관문 밖으로 나가면 모든 것이 늙어버리는 집
z8BouNpVHhE,SHORT,59,2026-10-02T23:11:54Z,563,1000,vertical,False,ЖЕСТЬ 🤬 СКАНДАЛ НА ПОХОР*НАХ СЕРГЕЯ СОСЕДОВА 😱😳
zWDQij_zkhE,SHORT,29,2026-10-03T08:30:21Z,563,1000,vertical,False,Maths Sir on his Wedding 🥀😭
xpUSRDrzJPA,SHORT,17,2026-09-30T14:05:15Z,563,1000,vertical,False,They was bullying him at that point 😭
-zzchR6QyTw,SHORT,27,2026-10-03T06:37:57Z,563,1000,vertical,False,Rắn mèo
FL9SmekWHfo,SHORT,173,2026-10-02T12:30:40Z,563,1000,vertical,False,Purattasi in Amma Veedu vs Maamiyar Veedu Part 02 🪔🏡 | ft.Archana |  @AraathiOff
tFo_0bhBRQo,SHORT,43,2026-10-03T05:27:03Z,563,1000,vertical,False,Wasit Malaysia buka suara kenapa 2 menit jadi 7!
2vXJz0HL9Xc,SHORT,11,2026-10-02T11:10:26Z,563,1000,vertical,False,Portugal verdient Ronaldo nicht💔 #portugal #ronaldo #nationsleague #fußball #fyp
RoDFAQ4VR-k,SHORT,63,2026-10-02T15:40:05Z,563,1000,vertical,False,PEDRO SÁNCHEZ HUMILLADO: CONGRESO DE ESPAÑA TUMBÓ LOS DOS DECRETOS DE VIVIENDA
UGdN48pt-ZE,SHORT,110,2026-10-03T07:00:35Z,1778,1000,horizontal,False,【速報】芦澤竜誠 vs. 井上聖矢｜【RIZIN LM 16】ABEMA PPVで全試合生中継！現金キャッシュバックキャンペーン中！
9Os4rMdsoco,SHORT,72,2026-10-02T00:00:38Z,563,1000,vertical,False,Zelda was the WRONG answer…
XEHCIpgXDHo,SHORT,13,2026-10-03T04:30:20Z,563,1000,vertical,False,Akhilesh Yadav को CM Yogi का खुला Challenge! #etnowswadesh #yogiadityanath #akhi
PoG4lBMcKjs,SHORT,90,2026-10-02T11:58:41Z,563,1000,vertical,False,मुस्लिम बहुल बाज़ार में दुकानें बंद कराती Police का वीडियो क्यों हो रहा है वायरल
mpD7Kj5yfZA,SHORT,59,2026-10-03T10:30:16Z,563,1000,vertical,False,சிறுநீர் மற்றும் மலத்தால் மாசடைந்த வீட்டில் இருந்த 84 நாய்கள்
mtWNm0yVSFg,SHORT,84,2026-10-02T23:00:27Z,563,1000,vertical,False,How Many WRs Can You Name Better Than Jeremiah Smith? #shorts  #nfl #football #c
hA1M3yQe1Io,SHORT,12,2026-10-01T09:10:45Z,563,1000,vertical,False,母の手の星タトゥー
RejOQ4kgWWo,SHORT,21,2026-10-02T11:17:05Z,750,1000,vertical,False,¡Eso seguro pasa todo el tiempo! 😭 #shorts
8qhx9ephcPc,SHORT,10,2026-10-01T05:00:31Z,1000,1000,square,False,Ron is the next heir of slytherin 💀 | #harrypotter #harrypotteredit #ronweasley 
ymJkxPs-1TE,SHORT,70,2026-10-02T14:00:26Z,563,1000,vertical,False,"ad 🤍 Telefoon weg, iets doen waar ik rustig van word en natuurlijk hoort LINDOR "
t6vG7kkIk3Q,SHORT,24,2026-10-03T16:00:23Z,563,1000,vertical,False,Italians rate ULTIMATE PIZZA SKILLS @Giuliahere
_AyN2HxEMiA,SHORT,10,2026-10-02T21:12:41Z,563,1000,vertical,False,DEJEN DE DECIRLO!
Rb01ANe2ErU,SHORT,38,2026-10-01T11:48:45Z,563,1000,vertical,False,THIS is WHAT LIFE is ABOUT! @bassproshops @trackerboats #fishing #bass #teamoutd
58mid5sBX7c,SHORT,14,2026-10-03T11:00:07Z,563,1000,vertical,False,혼다 CB 400이 군부대에 무려 6대???
S8US2jCgntU,SHORT,160,2026-10-03T12:38:32Z,1778,1000,horizontal,False,‘Deze mooie vogel’ is eindelijk thuis: eerste Airbus A350 van KLM landt op Schip
faaV5-sUauI,SHORT,12,2026-10-02T17:28:43Z,563,1000,vertical,False,Why do parents say their baby's age in months and not years? 🙄 #parents #momlife
878R8Z7QBW4,SHORT,17,2026-10-03T08:49:03Z,563,1000,vertical,False,プロの衣装屋さんから見た服作りにかかる時間の違い#服飾 #衣装製作 #衣装担当 #縫製 #服飾の裏側
WLlUuIJxT4s,SHORT,51,2026-10-02T11:00:30Z,563,1000,vertical,False,お前らが知ってるアニメの放送事故で一番ヤバい奴きめようぜwww#shorts
bE_Mp-UmT38,SHORT,62,2026-09-29T12:30:08Z,563,1000,vertical,False,¡La espera ha terminado! 😱 #Catsoftiktok #CatLovers #cat #cute #FunnyCats #catca
Tde7nbWCnVc,SHORT,14,2026-09-28T06:09:02Z,750,1000,vertical,False,7隻小動物受到頭部按摩 #萌寵版咳嗽手勢舞來了 #鏟屎官的樂趣 #萬寵可愛計劃 #多寵家庭
th7mOR5Loi0,SHORT,67,2026-10-02T17:30:35Z,563,1000,vertical,False,Est-ce mauvais de dormir juste après manger ?
Yajvo6elvCc,SHORT,62,2026-10-02T15:36:38Z,563,1000,vertical,False,The Paramount-Warner Merger Is Worse Than You Think
_bZ54Oo3-pI,SHORT,30,2026-09-28T06:54:50Z,563,1000,vertical,False,JJ Upin Ipin bola #1 #jj #short
nPELZ6srwvQ,SHORT,22,2026-09-29T17:02:52Z,563,1000,vertical,False,Angreifer kesseln Auto an Tankstelle ein und bekommen SOFORT KARMA 🛑
qxN6yYmDYY0,SHORT,21,2026-10-02T18:38:44Z,826,1000,vertical,False,you the main attraction ||  #harrypotter #harrypotteredit #edit  #tomfelton #fre
bUtn_wRJqKM,SHORT,146,2026-10-02T06:00:36Z,563,1000,vertical,False,Una Ragazza Povera nella Palestra dei Milionari..
zV6QvmcHxgc,SHORT,118,2026-10-03T09:00:07Z,563,1000,vertical,False,Guess the seat and win the car!
SL4mDMDRLN4,SHORT,59,2026-09-26T15:09:24Z,563,1000,vertical,False,Quando dá meia-noite posso faz barulho
SDeBls-d8eU,SHORT,53,2026-10-03T08:30:06Z,563,1000,vertical,False,Southport fraudster's absurd claim after police found £158k in baby clothes draw
b6UJobeI-zs,SHORT,30,2026-09-24T06:00:08Z,563,1000,vertical,False,자석을 '조심해야 한다는' 아이폰 18 PRO 근황?ㄷㄷ..
QVs6sUj3Sss,SHORT,71,2026-10-02T21:00:15Z,563,1000,vertical,False,CAIN TÁ EM GRAVITY FALLS?
K_CXbJmYGnE,SHORT,20,2026-09-27T06:49:34Z,563,1000,vertical,False,Những cầu thủ đẹp trai nhất đội tuyển Việt Nam 🇻🇳 ￼
1GVlMAu82do,SHORT,10,2026-09-30T16:23:17Z,563,1000,vertical,False,Il cambio inaspettato 😳
JZIXgY2jrgA,SHORT,170,2026-10-02T20:00:36Z,563,1000,vertical,False,Short | CDK 142 | João Zoio
z0yq5b6uD5Y,SHORT,31,2026-10-03T01:47:00Z,563,1000,vertical,False,#toyota #hilux #4x4 #automobile #shorts #youtubeshorts #reels #เทรนด์วันนี้
wgOqrh9NOyA,SHORT,33,2026-10-03T11:20:52Z,563,1000,vertical,False,VI ER KLAR TIL KAMP
0zZaOCTrnR4,SHORT,32,2026-10-02T13:00:19Z,563,1000,vertical,False,"🤯🧍 Was wäre, wenn Menschen aus Plastik wären? 😱🌍#shorts"
Ev_IYAjJWMU,SHORT,21,2026-10-03T01:42:03Z,563,1000,vertical,False,Who is running apple
IFcTdyxWBIw,LONG,1235,2026-10-03T18:37:37Z,1778,1000,horizontal,False,Sobrevivi a BUDDY vs BARNEY en Minecraft…
Dn51mC1tFR0,LONG,814,2026-10-03T17:04:58Z,1778,1000,horizontal,True,BÉBÉ LÉZARD est REVENU 😳 (Je m'excuse)
QjVP1z3e7LM,LONG,2056,2026-10-03T14:50:20Z,1778,1000,horizontal,False,TEM ALGO ERRADO COM MEU GATINHO ADOTIVO!
KT2P-8DEqvA,LONG,1598,2026-10-03T17:13:44Z,1778,1000,horizontal,True,Adiala Jail in Focus | Talks at a Critical Stage | Khan Release or Super Long Ma
d_d6OHyz5nU,LONG,7539,2026-10-03T09:00:36Z,1778,1000,horizontal,False,AM ENDE DER JAGD WERDEN DIE HASEN GEZÄHLT🤑💸 8 STUNDEN AMONG US EVENT🔥 TEIL 2 mit
26CpZyiphH8,LONG,1586,2026-10-02T21:00:37Z,1778,1000,horizontal,False,Gute Nacht Österreich mit Peter Klien vom 02.10.2026
1XTdAC-aCz0,LONG,4296,2026-10-03T13:28:56Z,1778,1000,horizontal,False,"I Fixed EVERYTHING On My Abandoned SL65 AMG! Turning A $3,000 Car Into A $45,000"
N478FT0lzsk,LONG,1561,2026-10-03T10:56:30Z,1778,1000,horizontal,False,Franklin Upgrade his House to a Mansion 
zoKmRLE9Tco,LONG,3260,2026-10-02T23:12:15Z,1778,1000,horizontal,False,Я ДАЛ ГЕРОЮ ЯДЕРНОЕ ОРУЖИЕ СПОСОБНОЕ УНИЧТОЖИТЬ КАРТУ в Dota 2
H2nJXlgbE64,LONG,13128,2026-10-03T12:47:14Z,1778,1000,horizontal,True,【ソロFNCS観戦】世界組参戦2000位→1000位の勝負【フォートナイト】
RXeEbZjgysA,LONG,1560,2026-10-03T06:00:35Z,1778,1000,horizontal,False,Trying Sri Lankan Food For the First Time - Tuk Tuk City Tour of Colombo - Pol S
ESnprxpoQX8,LONG,181,2026-09-30T11:34:35Z,563,1000,vertical,False,Pelet Fatimah || part 1 #shorts #shortvideo #funny #comedy
75ctZvVt3kw,LONG,16711,2026-10-03T20:13:48Z,1778,1000,horizontal,True,LULA E FLÁVIO PROJETAM ELEIÇÃO SEM 2º TURNO EM SP | CNN AGORA TARDE — ELEIÇÕES 2
0Evjp8smKLs,LONG,899,2026-10-03T09:59:36Z,1778,1000,horizontal,False,I USED INVISIBLE HACKS IN STEAL AN EGG HIDE AND SEEK CHALLENGE IN ROBLOX !!
pGpxMYnv6tY,LONG,380,2026-10-01T04:30:24Z,1778,1000,horizontal,False,Comerciantes de Nezahualcóyotl sobreviven dos veces a ataque directo
7_U3FrpVU8Q,LONG,751,2026-10-01T22:07:11Z,1778,1000,horizontal,False,‘We Do NOT Have To Wait For…’: Jack Smith Puts Ted Cruz In His Place During Expl
ITshn8Lbv0Q,LONG,2085,2026-10-03T11:30:13Z,1778,1000,horizontal,False,ABALA PARA SA BIRTHDAY NI BUNSO! MAY BIGLAANG BISITA PANG DUMATING! ❤️ | rhazevl
5DXuTdSNhNk,LONG,1299,2026-10-02T23:45:00Z,1778,1000,horizontal,False,【スクリム2日目#4】スクリム中なのにずっと雑談してる人達。【にじさんじ/切り抜き/葛葉/釈迦/Ras/YukaF/CRカップ/APEX】
pJfeYMXp68s,LONG,1481,2026-10-02T15:45:16Z,1778,1000,horizontal,False,The king forced me to make coins
UWnyDu4ZOJM,LONG,1270,2026-10-03T09:20:34Z,1778,1000,horizontal,False,Franklin Shinchan Surviving Lava Tsunami in GTA 5 !
rmVBYwFq_gw,LONG,495,2026-10-03T03:30:22Z,1778,1000,horizontal,False,Gyanesh Kumar News || सुप्रीम कोर्ट वकील पहंचे जंतर मंतर बैरिकेड्स देख मांग लिया
j4TwUPf2rTs,LONG,836,2026-10-02T01:50:30Z,1778,1000,horizontal,False,"UDAH SELEBRASI, TAK JADI LOLOS❗️BEGINI REAKSI PEMAIN MALAYSIA SAAT INDONESIA CET"
Y1dsIXhYtB8,LONG,2173,2026-10-02T22:00:31Z,750,1000,vertical,False,変貌する伝説の魔人をノーアイテムでやってみた【ドッカンバトル】
Ot6fUfBEFI8,LONG,7171,2026-10-03T20:21:17Z,1778,1000,horizontal,True,بث مباشر.. الدفاع الحسني الجديدي ضد الوداد الرياضي
qC_fSjztQKY,LONG,344,2026-10-03T02:00:14Z,1778,1000,horizontal,False,???: 아버지 복수하러 왔습니다｜크랩
xclDz3Bkwwg,LONG,744,2026-10-02T11:02:30Z,1778,1000,horizontal,False,I SURPRISED My GIRLFRIEND With a MAX ACCOUNT in STEAL AN EGG!!
mCizqYsgXBA,LONG,303,2026-10-03T10:00:02Z,1778,1000,horizontal,False,Ukrainische Panzer starten Nordoffensive mit brutalem Feuer aus nächster Nähe ge
qmptogBAvzQ,LONG,2968,2026-10-03T09:00:07Z,1778,1000,horizontal,True,VISA SHOCK! Meghan Markle HORROR As Harry Faces US Ban | What Just Happened? Kev
FqwY0rINerA,LONG,1298,2026-10-03T08:00:36Z,1778,1000,horizontal,False,Herbst Überkonsum 🍁💵 Diese Dinge brauche ich WIRKLICH nicht
USatSqPIdf4,LONG,923,2026-10-03T01:01:10Z,1778,1000,horizontal,False,COMPRÉ UN IPAD FALSO POR $500 PARA JUGAR FREE FIRE Y ESTE FUE EL RESULTADO
56Zqa5rGjNQ,LONG,2155,2026-10-02T08:01:32Z,1778,1000,horizontal,False,ウクライナ軍、ロシア軍の大動脈まで残り7.5kmに迫りました。補給の9割を支える重要道路が切断危機、第20・第25軍に続きクピャンスク戦線まで崩壊へ！
aPZXN7f325M,LONG,1115,2026-10-03T12:05:08Z,1778,1000,horizontal,False,"Путин, Калининград и страны Балтии | Готовится ли новая война (English subtitles"
ceHO873iS4c,LONG,884,2026-10-02T14:00:23Z,1778,1000,horizontal,False,Kan de Volkswagen ID Polo de succesvolle Renault 5 aan?: 'Polo komt met een knal
aXtNOWcV_XA,LONG,1008,2026-10-02T23:00:15Z,1778,1000,horizontal,False,¿Soberanía en riesgo? Por qué Chile frenó la política militar de Boric para arma
2T0PZ1Foi7E,LONG,979,2026-10-02T13:38:45Z,1778,1000,horizontal,False,BATTLE OF TEXAS 🤠 Cowboys vs. Texans keys + Can Drake Maye fix his early-season 
-wtF-bJ7CEY,LONG,1885,2026-10-03T15:00:30Z,1778,1000,horizontal,False,Pokemon I Wanted to Use at a Tournament but Didn't
_LhjWAXq4Ro,LONG,7350,2026-10-03T11:02:23Z,563,1000,vertical,True,🔴GTA 5 LIVE - Stopping Train😡 #gta5 #gtaonline #gta5mods #shortsfeed #gta
IK4gk5wDow8,LONG,778,2026-10-03T10:00:23Z,1778,1000,horizontal,False,Ist Aniimo eine echte Konkurrenz für Pokemon?
AKCnpTykn0M,LONG,3133,2026-10-03T01:56:30Z,1778,1000,horizontal,True,El FBI confirma los resultados de su operación en Venezuela: segundo extraditado
EZH7kCLbtrI,LONG,1130,2026-10-02T10:00:19Z,1778,1000,horizontal,False,Starting Over as NOOB with EVERY GAMEPASS in Steal an Egg! (Roblox)
GWHi6OybawQ,LONG,1092,2026-09-30T18:18:43Z,1778,1000,horizontal,False,PENÉLOPE NOVA COMENTA: LULA E JANJA PARTEM PRA CIMA DE NIKOLAS
Rtuq26CjvEU,LONG,17843,2026-10-03T17:10:19Z,1778,1000,horizontal,True,第11回CRCUPAPEX 神視点DAY3【あれる】│APEX
BivuJXUK41M,LONG,534,2026-10-03T05:00:11Z,1778,1000,horizontal,False,"Trạm tin trưa 3/10: Thủ tướng yêu cầu quyết liệt thực hiện các nhiệm vụ, mục tiê"
V2-cc8JaiVg,LONG,493,2026-10-03T00:29:09Z,1778,1000,horizontal,False,모레노호가 엉망인 이유
ca77jK1Irqs,LONG,20007,2026-10-03T13:10:52Z,1778,1000,horizontal,True,RRQ CARI PLAYOFF VS BTR. MPL S18 WEEK 7 DAY 2
u7xKALZl844,LONG,1152,2026-10-03T17:28:40Z,1778,1000,horizontal,False,DEAL DONE between PTI and Government | What caused DEADLOCK in deal? | What is i
9dJhXWoMhvw,LONG,2465,2026-10-02T11:30:35Z,1778,1000,horizontal,False,ระวังผีอำ มันจ้องจะขย้ำคุณ! | How to date a Sleep Paralysis Demon(Demo) (All End
c6bndANAaus,LONG,603,2026-10-03T15:08:34Z,1778,1000,horizontal,False,⚡️НОВОСТИ | АЛИЕВ УНИЗИЛ ПУТИНА | КАБАЕВА ВМЕСТО ЛАВРОВА | КАДЫРОВА НАГРАДИЛИ| А
lVDQ1miwp5s,LONG,1507,2026-10-03T12:20:37Z,1778,1000,horizontal,False,Compriamo tutta MILANO al MONOPOLY! - Minecraft ITA
f0WKBpEJbGQ,LONG,1012,2026-10-02T21:00:13Z,1778,1000,horizontal,False,El misil FP-7 ya está en servicio: ¡Ucrania lanza un ataque balístico!
ceGnEUOOK50,LONG,1257,2026-10-02T18:15:00Z,1778,1000,horizontal,False,Poradnik jak (nie)SKŁADAĆ KOMPUTERA by ChatGPT...
B0utUmF2Bfo,LONG,1421,2026-10-02T14:30:28Z,1778,1000,horizontal,False,Bhagya Kheluchi Sindura Khela| Full EP 824 | ଭାଗ୍ୟ ଖେଳୁଛି ସିନ୍ଦୂର ଖେଳ |Mega Seri
fZ8wg25EVYw,LONG,4501,2026-10-02T19:00:03Z,1778,1000,horizontal,False,Resident Evil 3 | KILL COUNT GAMES
0RrNBVRZaB0,LONG,1148,2026-10-03T18:21:53Z,1778,1000,horizontal,False,my First Hat-trick…🔥
yBZKl6oFBUg,LONG,2100,2026-10-02T22:18:21Z,1778,1000,horizontal,False,구독자분이 맡겨주신 귀한 M6 
g3SxHaPQds4,LONG,418,2026-10-03T10:15:21Z,1778,1000,horizontal,False,GUIA da SALA 2 do GUS + PIN SECRETO no BRAWL STARS! #brawlstars #brawltalk
Xgn7pgmPPgw,LONG,1652,2026-10-03T08:30:02Z,1778,1000,horizontal,False,Je deviens le ROI de THE GROUNDS sur FC27 !
EPSJmp-uVb4,LONG,1988,2026-10-03T00:51:22Z,1778,1000,horizontal,False,SI CONSTRUYES A MINI MINI.EXE TE DOY $50.000!
n5YjVZXh9MI,LONG,328,2026-10-02T10:34:57Z,1778,1000,horizontal,False,[ไฮไลต์] มวยสากลหญิง รุ่นน้ำหนัก 54 กก. รอบชิงชนะเลิศ ไทย พบ เกาหลีเหนือ | เอเชี
iUPYwW7mFno,LONG,1513,2026-10-03T10:30:16Z,1778,1000,horizontal,False,LA PRIMA WEEKEND LEAGUE DI FC27: ROAD TO 15-0!
oRSbLCO5izM,LONG,848,2026-10-03T02:45:00Z,1778,1000,horizontal,False,DON'T BUY THESE HAUNTED DOLLS sa BROOKHAVEN! Scary! (ROBLOX RP TAGALOG)
zklOcV-_DkA,LONG,692,2026-10-03T19:11:51Z,1778,1000,horizontal,False,Judge Cannon is LOSING CONTROL As Other Judges INTERVENE
z1qis4sj8g4,LONG,4319,2026-10-03T16:43:59Z,1778,1000,horizontal,False,otra semana en mi vida: en el super con valen rizzuti y mucha reflexión en el au
3xeSyUz_rdU,LONG,1819,2026-10-03T11:00:18Z,1778,1000,horizontal,False,ADOPTED By GORILLA KING In Steal an Egg!
g0p8NUOBm1Q,LONG,2859,2026-10-03T03:00:29Z,1778,1000,horizontal,False,100 วัน ชีวิตในฟาร์มฤดูร้อน Minecraft Farming Village Ep2
dmQFBEW5nYM,LONG,1837,2026-10-03T02:11:31Z,1778,1000,horizontal,False,SONIC e AMY ENCONTRARAM o BEBÊ HYPER SONIC na PISCINA do ROBLOX!
rNq1iDxEvlM,LONG,247,2026-10-01T22:00:14Z,1778,1000,horizontal,False,Dawid Kwiatkowski - Tańczę chociaż nie chcę [Official Visualizer]
DXW0fyaLt5Y,LONG,408,2026-10-02T20:03:52Z,1778,1000,horizontal,False,Ottelukooste: Tappara – Jokerit | 2.10.2026
dOh-KruU-b4,LONG,1677,2026-10-03T10:00:20Z,1778,1000,horizontal,False,"Minecraft, aber ALLES ist ein PORTAL..."
E6acmP2ybiA,LONG,326,2026-09-25T22:36:32Z,1778,1000,horizontal,False,"2. Atrás De Put4 - DJ JR no Beat e DJ Gu - MC's Vine7, Marks, Dkziin, Tuto e Bre"
jSr2RZaYLEE,LONG,1744,2026-10-03T17:27:46Z,1778,1000,horizontal,False,Eat your keyboard or be eaten by
mvNUJLImuNw,LONG,3945,2026-10-02T19:30:06Z,1778,1000,horizontal,False,Fui ADOPTADO por la Familia RICA de Mi NOVIA GATA!
Avtx_dRNyxc,LONG,8187,2026-10-03T09:51:15Z,1778,1000,horizontal,True,MPL S18 - AE VS NAVI - DAY 1 PATCH BARU BUAT AE WKKWKW
7vJlx_KVBvI,LONG,4158,2026-10-02T16:00:14Z,1778,1000,horizontal,False,1000 km en Xpeng P7+ ...dans la vraie vie !
urFUqmo_JAQ,LONG,528,2026-10-02T12:15:22Z,1778,1000,horizontal,False,"GRABE! TAIWAN ANG TAPANG BINOMBA NG TUBIG ANG BARKO NG CHINA, PINAS AT CHINA NAG"
kVPHd7p3drA,LONG,2127,2026-10-03T09:00:17Z,1778,1000,horizontal,False,真似してはいけない骨折マインクラフト
DMP2HP-KeMg,LONG,3534,2026-10-03T14:51:27Z,1778,1000,horizontal,False,‘MY ROYAL SOURCE REVEALS THAT…’ DAILY MAIL’S CHARLOTTE GRIFFITHS EXPOSES NEW HAR
BYDKNtLfPOY,LONG,1230,2026-10-03T19:03:27Z,1778,1000,horizontal,True,**A Deal IS Very Close | Where Did Mohsin Naqvi Go? | Who Will Meet Imran Khan |
h97xXN-jibE,LONG,36864,2026-10-02T23:23:54Z,1778,1000,horizontal,True,MJ NAIK DETECTIVE 1 CHAPTER 228 #imepolice #imerp #imeroleplay
JhiqtKOQsRI,LONG,1967,2026-10-03T08:00:02Z,1778,1000,horizontal,False,YouTubere bestemmer min dag i Los Angeles...
4KyrEoseORE,LONG,8298,2026-10-01T16:48:31Z,1778,1000,horizontal,False,"""Dieu est arrivé"" Zidane, Mbappé, CR7, Arsenal, les vérités de Thierry Henry dan"
zbjkVRBu2sE,LONG,993,2026-10-03T19:00:21Z,1778,1000,horizontal,False,EL BMW M3 TOURING QUIERE CAERLE BIEN A TODOS
10rWztr9RjU,LONG,722,2026-10-03T01:40:35Z,1778,1000,horizontal,False,"ทัวร์ลงข้ามโลก! ""พัง ชอลมี"" หน้าชาเมินจับมือ แต่โฟกัสชนะใจคนทั้งเอเชีย"
jZCQhDDmJ78,LONG,815,2026-10-03T11:00:08Z,1778,1000,horizontal,False,레전드 싸없새 니달리 탄생
8gbH2Gz3br4,LONG,1592,2026-10-02T20:51:53Z,1778,1000,horizontal,False,VIRAMOS GUAXININS PERDIDOS NA FLORESTA COM UMA CARROÇA!
eA02qvUBaaw,LONG,254,2026-10-03T16:28:51Z,1778,1000,horizontal,False,Highlights Feyenoord - Royal Antwerp | Friendly 2026-2027
G692MwUjhA0,LONG,1321,2026-10-03T10:45:03Z,1778,1000,horizontal,False,24ชม. หาไข่แลกRobux..เพื่อเป็นเทพ! | Roblox Steal An Egg
ULZrb60WPbg,LONG,1427,2026-10-03T04:00:33Z,1778,1000,horizontal,False,Tastes Like Home #8 [Aaron si Tukang Kritik] || SAKURA SCHOOL SIMULATOR DRAMA 
WZ_0zJq4r6c,LONG,5691,2026-10-02T23:39:53Z,563,1000,vertical,True,NO ME ROBES mi velocidad en escapa de teclado #roblox
zpyG91Q_4UY,LONG,17609,2026-10-03T12:34:06Z,1778,1000,horizontal,True,RESTREAM MPL INDONESIA S18 RRQ VS BTR
V9D3_FkWpAI,LONG,2251,2026-10-03T12:00:26Z,1778,1000,horizontal,False,Gwiazdy Lombardu: POSZUKIWANIA AUDI UFOLA! 🔎🚗
KnjRr-o-7jc,LONG,12248,2026-10-03T09:10:15Z,1778,1000,horizontal,True,【スト6】おんぶにだっこ！！PC Watch杯ストリートファイター6 デュオ祭り/KEI.Bさんと【 ぶいすぽっ！甘結もか 】
Z-4wHxeYl6I,LONG,2332,2026-10-03T05:00:02Z,1778,1000,horizontal,False,КАК МЫ ПРЕОБРАЖАЕМ ДОМ: БУДЕТ НОВАЯ ДВЕРЬ И ПАРАДНАЯ ЛЕСТНИЦА #256
nx_55w38zs0,LONG,1152,2026-10-03T07:30:15Z,1778,1000,horizontal,False,【Among Us#358】キルして能力を継承！ローグで潜伏してたら明らかに挙動不審な人物と邂逅・・・？【ゆっくり実況】
DkymdZxsi1M,LONG,212,2026-10-01T15:00:37Z,1778,1000,horizontal,False,Sherine - Khayen | شيرين - خاين
-mNcTdbCt2k,LONG,1001,2026-10-02T12:56:39Z,1778,1000,horizontal,False,MATCH PENENTUAN PANAS GINI !! KALAH AUTO GENGSI INI COK !! LIQUID VS DEWA MATCH 
wdB43p4bmVg,LONG,19361,2026-10-03T18:26:45Z,1778,1000,horizontal,True,[FIL] OG vs 1w Team (BO3) | Blast Slam VIII Elimination Round
1arqc_VZ050,LONG,719,2026-10-03T11:45:23Z,1778,1000,horizontal,False,TRUMP OTTIENE IL GASOLIO EUROPEO DOPO LE MINACCE | E FA PACE CON MELONI?
sL_hXghJaWI,LONG,1430,2026-10-01T15:00:23Z,1778,1000,horizontal,False,Episodio Completo de La Casa de Mickey Mouse+ | La búsqueda de nueces
NsgxD382coA,LONG,6364,2026-10-02T06:52:53Z,1778,1000,horizontal,False,Parties pédagogiques SPÉCIAL FINALE !!
